,countrycode,country,class,population,t0,t0_relative,t0_1_dead,t0_5_dead,t0_10_dead,peak_1,peak_2,date_peak_1,date_peak_2,first_wave_start,first_wave_end,duration_first_wave,second_wave_start,second_wave_end,last_confirmed,last_dead,testing_available,peak_1_cfr,peak_2_cfr,dead_class,tests_class,tau_dead,tau_p_dead,tau_tests,tau_p_tests,confirmed_30d_avg_before_first_peak,dead_30d_avg_before_first_peak,tests_30d_avg_before_first_peak,confirmed_30d_avg_before_second_peak,dead_30d_avg_before_second_peak,tests_30d_avg_before_second_peak,dead_first_wave,dead_peak_1,peak_1_dead_per_10k,peak_1_per_10k,peak_2_dead_per_10k,peak_2_per_10k,date_dead_peak_1,date_dead_peak_2,dead_first_wave_end,dead_first_wave_start,dead_second_wave_end,dead_second_wave_start,duration_second_wave,dead_peak_2,dead_second_wave
0,ABW,Aruba,2,106314.0,2020-08-16,2020-03-13,2020-04-16,2020-08-20,2020-08-30,90.14285714285714,,2020-08-14,,2020-04-16,2020-11-18,216,,,4676.0,44.0,False,0.009101998686309468,,0,,,,,,25.419354838709676,0.03225806451612903,,,,,43.0,0.14285714285714285,0.013437284163623121,8.478926307246189,,,,,,,,,,,
1,AFG,Afghanistan,2,38041754.0,2020-04-21,2020-04-02,2020-03-24,2020-04-05,2020-04-08,758.5714285714286,,2020-06-06,,2020-02-24,2020-10-04,223,,,43851.0,1645.0,False,0.03824492468893254,,5,,,,,,502.48387096774195,6.612903225806452,,,,,1462.0,9.0,0.0023658215128566367,0.19940495608363076,,,2020-07-08,2020-08-14,2020-08-03,2020-03-23,2020-10-03,2020-08-03,,,
2,AGO,Angola,1,31825295.0,2020-07-30,2020-06-20,2020-03-30,2020-06-12,2020-06-24,,,,,2020-03-30,2020-11-18,,,,13615.0,322.0,False,,,0,,,,,,198.48387096774192,2.6129032258064515,,,,,,,,,,,,,,,,,,,
3,AIA,Anguilla,0,,,,,,,,,,,,,,,,3.0,0.0,False,,,0,,,,,,,,,,,,,,,,,,,,,,,,,,
4,ALB,Albania,1,2854191.0,2020-05-26,2020-03-13,2020-03-12,2020-03-25,2020-03-29,,,,,2020-03-12,2020-11-18,,,,29126.0,637.0,False,,,1,,,,,,389.38709677419354,6.0,,,,,,,,,,,,,,,,,,,
5,AND,Andorra,1,77142.0,2020-08-18,2020-03-03,2020-03-27,2020-03-30,2020-04-01,,,,,2020-03-27,2020-11-18,,,,5951.0,76.0,False,,,0,,,,,,83.03225806451613,0.5483870967741935,,,,,,,,,,,,,,,,,,,
6,ARE,United Arab Emirates,3,9770529.0,2020-04-03,2020-03-09,2020-03-22,2020-03-31,2020-04-05,875.2857142857143,,2020-05-25,,2020-01-26,2020-06-21,147,2020-06-21,2020-11-18,152809.0,538.0,True,0.007536894233238723,,2,,0.39620483164234027,2.297758684046276e-20,0.5829327163946763,1.677785456472276e-48,650.8387096774194,5.838709677419355,32440.387096774193,1209.5483870967741,2.4193548387096775,116083.2258064516,301.0,3.5714285714285716,0.003655307272951722,0.8958427064550081,,,2020-05-11,,2020-08-07,2020-03-22,,,150.0,,
7,ARG,Argentina,1,44938712.0,2020-04-02,2020-03-22,2020-03-08,2020-03-25,2020-03-27,,,,,2020-03-08,2020-11-18,,,,1329005.0,36106.0,False,,,1,,,,,,10946.387096774193,317.38709677419354,,,,,,,,,,,,,,,,,,,
8,ARM,Armenia,3,2957731.0,2020-04-12,2020-03-15,2020-03-27,2020-04-03,2020-04-09,648.4285714285714,,2020-06-29,,2020-03-27,2020-09-02,159,2020-09-02,2020-11-18,120459.0,1839.0,False,0.021110719195129107,,3,,,,,,522.5806451612904,9.870967741935484,,1798.8709677419354,24.451612903225808,,880.0,10.428571428571429,0.035258687921827334,2.19231759557773,,,2020-06-26,,2020-09-21,2020-03-26,,,77.0,,
9,ATG,Antigua and Barbuda,0,97118.0,,2020-03-15,2020-04-10,,,,,,,,,,,,134.0,4.0,False,,,0,,,,,,,,,,,,,,,,,,,,,,,,,,
10,AUS,Australia,4,25364307.0,2020-03-22,2020-03-13,2020-03-01,2020-03-16,2020-03-26,390.57142857142856,551.7142857142857,2020-03-31,2020-08-06,2020-01-24,2020-06-13,141,2020-06-13,2020-11-14,27756.0,907.0,True,0.014303116035993556,0.039339604154418964,2,,0.5993842982654682,6.870115314848719e-44,0.41350362680755226,4.42042422217349e-20,,,,350.258064516129,4.548387096774194,59436.41935483871,102.0,1.7142857142857142,0.0006758653860662207,0.15398466379208728,0.003998870200891805,0.21751601008231197,2020-09-05,,2020-10-27,2020-03-01,,,158.0,10.142857142857142,805.0
11,AUT,Austria,3,8877067.0,2020-03-17,2020-03-07,2020-03-13,2020-03-20,2020-03-23,752.4285714285714,,2020-03-29,,2020-02-25,2020-06-15,111,2020-06-15,2020-11-18,213462.0,1815.0,True,0.041520334857710735,,3,,0.5356196718718785,5.403697881069142e-37,0.5549562651507799,1.7394075508837703e-40,306.4074074074074,2.5185185185185186,1276.4074074074074,4622.677419354839,26.903225806451612,24879.967741935485,677.0,8.571428571428571,0.009655698860252571,0.8476094316158382,,,2020-04-11,,2020-09-01,2020-03-12,,,156.0,,
12,AZE,Azerbaijan,3,10023318.0,2020-04-12,2020-03-22,2020-03-21,2020-04-01,2020-04-11,558.7142857142857,,2020-07-05,,2020-02-28,2020-08-16,170,2020-08-16,2020-11-18,79158.0,1005.0,False,0.0159114902242304,,3,,,,,,428.35483870967744,5.258064516129032,,1103.032258064516,12.225806451612904,,506.0,6.857142857142857,0.006841190568974123,0.5574145065678707,,,2020-07-27,,2020-08-22,2020-03-20,,,94.0,,
13,BDI,Burundi,0,11530580.0,,2020-06-01,2020-04-15,,,,,,,,,,,,631.0,1.0,False,,,0,,,,,,,,,,,,,,,,,,,,,,,,,,
14,BEL,Belgium,4,11484055.0,2020-03-13,2020-03-04,2020-03-10,2020-03-13,2020-03-15,1616.5714285714287,16150.142857142857,2020-04-12,2020-10-29,2020-02-29,2020-07-01,123,2020-08-28,2020-11-18,540509.0,14839.0,True,0.1562321382703251,0.010038251333333543,5,,0.5539044883548263,1.3397692480708676e-43,0.42310710799982204,1.2110196636923008e-23,1060.6129032258063,138.4516129032258,3911.0967741935483,9433.935483870968,43.12903225806452,51283.83870967742,9640.0,280.0,0.24381631749412555,1.4076660452875127,0.0906847425781722,14.063101280116523,2020-04-14,2020-08-17,2020-07-12,2020-03-09,2020-09-06,2020-07-12,140.0,104.14285714285714,4953.0
15,BEN,Benin,2,11801151.0,2020-06-26,2020-04-27,2020-04-07,2020-06-13,2020-06-19,67.71428571428571,,2020-06-28,,2020-03-31,2020-07-08,99,,,2844.0,43.0,False,0.023530610166038503,,0,,,,,,29.483870967741936,0.3548387096774194,,,,,21.0,0.42857142857142855,0.00036316070235134566,0.057379390971512616,,,,,,,,,,,
16,BES,"Bonaire, Sint Eustatius and Saba",0,,,,2020-09-15,,,,,,,,,,,,157.0,3.0,False,,,0,,,,,,,,,,,,,,,,,,,,,,,,,,
17,BFA,Burkina Faso,0,20321378.0,2020-07-07,2020-03-26,2020-03-19,2020-03-29,2020-03-31,,,,,,,,,,2652.0,68.0,False,,,0,,,,,,,,,,,,,,,,,,,,,,,,,,
18,BGD,Bangladesh,1,163046161.0,2020-04-15,2020-04-15,2020-03-22,2020-03-26,2020-04-07,,,,,2020-03-22,2020-11-18,,,,436684.0,6254.0,True,,,1,,0.6138084391480364,1.879071691169661e-43,0.6164760767318946,5.014386237797526e-48,1491.8387096774193,18.419354838709676,13213.967741935483,,,,,,,,,,,,,,,,,,
19,BGR,Bulgaria,1,6975761.0,2020-04-23,2020-03-15,2020-03-12,2020-03-29,2020-04-02,,,,,2020-03-12,2020-11-18,,,,106598.0,2413.0,True,,,1,,0.5050209887690408,7.393686971760616e-29,0.5444208728724972,3.161782167187521e-30,2343.935483870968,42.38709677419355,8443.322580645161,,,,,,,,,,,,,,,,,,
20,BHR,Bahrain,2,1641172.0,2020-04-12,2020-02-26,2020-03-17,2020-04-08,2020-05-14,720.0,,2020-09-20,,2020-03-17,2020-11-18,246,,,85008.0,337.0,True,0.00391179991905453,,0,,0.4799441968319132,1.85628491076001e-27,0.3822326809918714,2.1135977627276633e-19,513.8387096774194,1.3225806451612903,10342.41935483871,,,,336.0,1.4285714285714286,0.00870458080305677,4.387108724740612,,,,,,,,,,,
21,BHS,Bahamas,2,389482.0,2020-08-13,2020-03-19,2020-04-02,2020-04-06,2020-04-24,108.57142857142857,,2020-10-21,,2020-04-02,2020-11-11,223,,,7312.0,163.0,False,0.021470490990246317,,0,,,,,,82.35483870967742,1.6129032258064515,,,,,153.0,2.2857142857142856,0.05868600566173239,2.7875852689322884,,,,,,,,,,,
22,BIH,Bosnia and Herzegovina,1,3301000.0,2020-04-13,2020-03-16,2020-03-22,2020-03-29,2020-04-01,,,,,2020-03-22,2020-11-18,,,,73944.0,2042.0,False,,,3,,,,,,1284.6451612903227,34.12903225806452,,,,,,,,,,,2020-05-13,,2020-06-12,2020-03-21,,,,,
23,BLR,Belarus,3,9466856.0,2020-04-09,2020-03-20,2020-04-03,2020-04-05,2020-04-07,953.8571428571429,,2020-05-18,,2020-02-27,2020-08-18,173,2020-08-18,2020-11-18,116699.0,1060.0,True,0.010112398922388473,,1,,0.5393569040373184,1.6460222482219562e-36,0.09834326296346742,0.031232180625059565,802.2903225806451,3.935483870967742,9075.143369175625,854.8709677419355,3.935483870967742,7315.0,613.0,4.857142857142857,0.005130682094607604,1.0075754219322053,,,,,,,,,92.0,,
24,BLZ,Belize,1,390353.0,2020-09-01,2020-03-26,2020-04-06,2020-08-20,2020-08-25,,,,,2020-04-06,2020-11-18,,,,4920.0,96.0,False,,,0,,,,,,67.96774193548387,1.6774193548387097,,,,,,,,,,,,,,,,,,,
25,BMU,Bermuda,0,63918.0,,2020-03-20,2020-04-07,2020-04-15,,,,,,,,,,,223.0,9.0,False,,,0,,,,,,,,,,,,,,,,,,,,,,,,,,
26,BOL,Bolivia,2,11513100.0,2020-04-28,2020-03-27,2020-03-30,2020-03-31,2020-04-04,1702.4285714285713,,2020-07-23,,2020-03-30,2020-08-15,138,,,143473.0,8866.0,True,0.05470753956781427,,2,,0.7571578930130213,1.261050639307128e-64,0.725964333603527,1.357911049709556e-62,1246.516129032258,48.645161290322584,2153.3548387096776,,,,3881.0,55.142857142857146,0.04789575105128692,1.4786882520160263,,,2020-09-07,,2020-11-17,2020-03-30,,,,,
27,BRA,Brazil,1,211049527.0,2020-03-22,2020-03-22,2020-03-18,2020-03-20,2020-03-21,,,,,2020-03-18,2020-11-18,,,,5911758.0,166699.0,False,,,2,,,,,,21819.8064516129,412.7096774193548,,,,,,,,,,,2020-07-26,,2020-08-16,2020-03-18,,,,,
28,BRB,Barbados,0,287025.0,,2020-03-20,2020-04-06,2020-04-15,,,,,,,,,,,250.0,7.0,False,,,0,,,,,,,,,,,,,,,,,,,,,,,,,,
29,BRN,Brunei,0,433285.0,,2020-03-11,2020-03-29,,,,,,,,,,,,148.0,3.0,False,,,0,,,,,,,,,,,,,,,,,,,,,,,,,,
30,BTN,Bhutan,0,763092.0,,2020-03-29,,,,,,,,,,,,,378.0,0.0,False,,,0,,,,,,,,,,,,,,,,,,,,,,,,,,
31,BWA,Botswana,0,2303697.0,2020-08-11,2020-04-10,2020-04-02,2020-08-27,2020-09-11,,,,,,,,,,9103.0,30.0,False,,,0,,,,,,,,,,,,,,,,,,,,,,,,,,
32,CAF,Central African Republic,2,4745185.0,2020-06-01,2020-04-28,2020-05-24,2020-06-07,2020-06-16,111.57142857142857,,2020-06-09,,2020-04-21,2020-10-18,180,,,4900.0,63.0,False,0.012801604625095865,,0,,,,,,55.064516129032256,0.16129032258064516,,,,,62.0,0.14285714285714285,0.0003010570564838734,0.2351255611139051,,,,,,,,,,,
33,CAN,Canada,3,37589262.0,2020-03-22,2020-03-15,2020-03-10,2020-03-18,2020-03-20,1798.5714285714287,,2020-05-04,,2020-02-14,2020-06-29,136,2020-06-29,2020-11-18,306468.0,11086.0,True,0.08607604464162509,,3,,0.5824779315911416,2.9834597697725627e-48,0.09663922806868834,0.02461097627570548,1514.6774193548388,112.74193548387096,19218.612903225807,3289.3870967741937,39.70967741935484,60759.1935483871,8522.0,160.28571428571428,0.04264135706780151,0.4784801118392345,,,2020-05-07,,2020-05-25,2020-03-09,,,142.0,,
34,CHE,Switzerland,3,8574832.0,2020-03-14,2020-03-05,2020-03-06,2020-03-14,2020-03-15,1068.5714285714287,,2020-04-03,,2020-02-25,2020-06-09,105,2020-06-09,2020-11-18,273487.0,3293.0,True,0.05428198288318328,,3,,0.5056464019661286,1.9167636846466646e-32,0.43076505212308114,3.0585444902110386e-27,585.7096774193549,13.935483870967742,4438.8387096774195,5969.225806451613,36.74193548387097,26462.16129032258,1660.0,38.714285714285715,0.04514873960712667,1.2461718533627584,,,2020-04-09,,2020-07-10,2020-03-05,,,162.0,,
35,CHL,Chile,2,18952038.0,2020-03-26,2020-03-17,2020-03-23,2020-03-28,2020-04-01,10304.57142857143,,2020-06-18,,2020-03-10,2020-08-22,165,,,533610.0,14883.0,True,0.03004632360464768,,2,,0.6580978022139733,2.3498586999305658e-51,-0.01276232095368413,0.7733074964613847,5631.258064516129,101.19354838709677,16591.41935483871,,,,10723.0,162.85714285714286,0.0859312032073505,5.437183815572462,,,2020-07-21,,2020-09-23,2020-03-23,,,,,
36,CHN,China,1,1397715000.0,2020-01-25,2020-01-30,2020-01-11,2020-01-21,2020-01-22,,,,,2020-01-11,2020-11-18,,,,92475.0,4749.0,False,,,1,,,,,,48.483870967741936,0.3225806451612903,,,,,,,,,,,,,,,,,,,
37,CIV,Côte d'Ivoire,2,25716544.0,2020-04-24,2020-03-29,2020-03-30,2020-04-13,2020-04-21,344.0,,2020-06-22,,2020-03-19,2020-11-12,238,,,21004.0,129.0,True,0.006037818700771191,,0,,0.1618666483584387,0.0017509630594761529,0.19652186674370983,2.570847577066881e-05,167.4516129032258,0.7096774193548387,744.1612903225806,,,,127.0,0.8571428571428571,0.0003333040618299477,0.13376603014775235,,,,,,,,,,,
38,CMR,Cameroon,0,25876380.0,2020-04-18,2020-03-31,2020-03-25,2020-04-01,2020-04-09,,,,,,,,,,22896.0,433.0,False,,,0,,,,,,,,,,,,,,,,,,,,,,,,,,
39,COD,Democratic Republic of the Congo,1,86790567.0,2020-05-11,2020-04-26,2020-03-22,2020-03-29,2020-04-02,,,,,2020-03-22,2020-11-18,,,,11866.0,322.0,True,,,1,,0.17574906395850623,0.00042146132247000034,0.3752411046335257,2.2273659677003713e-09,25.516129032258064,1.2903225806451613,190.0,,,,,,,,,,,,,,,,,,
40,COG,Republic of Congo,0,5380508.0,2020-06-21,2020-04-03,2020-04-01,2020-04-05,2020-05-02,,,,,,,,,,5515.0,92.0,False,,,0,,,,,,,,,,,,,,,,,,,,,,,,,,
41,COL,Colombia,1,50339443.0,2020-04-02,2020-03-24,2020-03-22,2020-03-27,2020-03-30,,,,,2020-03-22,2020-11-18,,,,1211128.0,34381.0,True,,,1,,0.6685366469111393,1.5930727238622146e-52,0.8540734712090199,2.9224838349442973e-89,8173.935483870968,174.67741935483872,29413.129032258064,,,,,,,,,,,,,,,,,,
42,COM,Comoros,0,850886.0,,2020-05-07,2020-05-05,2020-06-19,,,,,,,,,,,591.0,7.0,False,,,0,,,,,,,,,,,,,,,,,,,,,,,,,,
43,CPV,Cape Verde,1,549935.0,2020-06-26,2020-03-22,2020-03-25,2020-06-03,2020-06-27,,,,,2020-03-25,2020-11-18,,,,9960.0,103.0,False,,,0,,,,,,71.2258064516129,0.5483870967741935,,,,,,,,,,,,,,,,,,,
44,CRI,Costa Rica,1,5047561.0,2020-05-29,2020-03-14,2020-03-19,2020-04-21,2020-05-17,,,,,2020-03-19,2020-11-18,,,,125590.0,1578.0,True,,,1,,0.7078651425369714,3.021050521906984e-51,0.6645552392528995,2.0306230768675132e-46,1122.0645161290322,17.225806451612904,2493.6774193548385,,,,,,,,,,,,,,,,,,
45,CUB,Cuba,1,11333483.0,2020-04-20,2020-03-26,2020-03-19,2020-04-01,2020-04-08,,,,,2020-03-19,2020-11-18,,,,7667.0,131.0,True,,,0,,0.11059970048799479,0.033025071346316937,0.22991726464900708,2.226313791899876e-07,48.58064516129032,0.25806451612903225,7933.032258064516,,,,,,,,,,,,,,,,,,
46,CUW,Curaçao,0,157538.0,2020-11-04,2020-03-13,2020-03-26,,,,,,,,,,,,1415.0,2.0,False,,,0,,,,,,,,,,,,,,,,,,,,,,,,,,
47,CYM,Cayman Islands,0,64948.0,,2020-03-20,2020-03-21,,,,,,,,,,,,257.0,2.0,False,,,0,,,,,,,,,,,,,,,,,,,,,,,,,,
48,CYP,Cyprus,1,1198575.0,2020-07-05,2020-03-12,2020-03-25,2020-03-28,2020-04-10,,,,,2020-03-25,2020-11-18,,,,7513.0,40.0,True,,,0,,0.12962493305206577,0.017451375411017666,0.4142551186299336,1.0201745075190186e-19,154.80645161290323,0.4838709677419355,3482.451612903226,,,,,,,,,,,,,,,,,,
49,CZE,Czech Republic,3,10669709.0,2020-03-23,2020-03-11,2020-03-23,2020-03-26,2020-03-29,276.42857142857144,,2020-04-02,,2020-03-01,2020-05-14,74,2020-05-14,2020-11-18,469769.0,6558.0,True,0.03939149354295339,,3,,0.6413122190558667,1.182710372657689e-53,0.6746926227837524,2.1661527300153845e-64,115.61290322580645,1.2580645161290323,1647.2903225806451,9974.806451612903,155.74193548387098,34831.645161290326,290.0,4.714285714285714,0.004418382651565956,0.25907789184182195,,,2020-04-15,,2020-06-13,2020-03-22,,,188.0,,
50,DEU,Germany,3,83132799.0,2020-03-10,2020-03-07,2020-03-10,2020-03-13,2020-03-16,5595.285714285715,,2020-04-05,,2020-02-25,2020-06-15,111,2020-06-15,2020-11-18,833307.0,13119.0,False,0.048459712994971295,,3,,,,,,2945.6129032258063,43.29032258064516,,15064.774193548386,107.41935483870968,,8791.0,136.14285714285714,0.016376551587401398,0.6730539307699377,,,2020-04-21,,2020-09-10,2020-03-09,,,156.0,,
51,DJI,Djibouti,4,973560.0,2020-04-26,2020-03-26,2020-04-10,2020-05-19,2020-05-22,90.28571428571429,187.28571428571428,2020-04-20,2020-06-03,2020-03-25,2020-05-09,45,2020-05-09,2020-08-29,5656.0,61.0,False,0.012501594591146829,0.011081723526063814,0,,,,,,27.258064516129032,0.06451612903225806,,86.03225806451613,0.7419354838709677,,3.0,0.0,0.0,0.9273769904855816,0.01614105521414778,1.9237203077952492,,,,,,,193.0,1.5714285714285714,57.0
52,DMA,Dominica,0,71808.0,,2020-03-23,,,,,,,,,,,,,68.0,0.0,False,,,0,,,,,,,,,,,,,,,,,,,,,,,,,,
53,DNK,Denmark,3,5818553.0,2020-03-18,2020-03-08,2020-03-16,2020-03-20,2020-03-22,327.85714285714283,,2020-04-09,,2020-03-16,2020-07-10,116,2020-07-10,2020-11-18,64551.0,768.0,True,0.04062643942883465,,2,,0.4111886717808191,3.2585354788119203e-21,0.4101093523510886,2.079148818804782e-24,170.61290322580646,7.032258064516129,1875.5806451612902,872.741935483871,2.5806451612903225,56478.58064516129,608.0,16.285714285714285,0.02798928579960393,0.5634685167551844,,,2020-04-09,,2020-08-19,2020-03-15,,,131.0,,
54,DOM,Dominican Republic,2,10738958.0,2020-04-01,2020-03-22,2020-03-21,2020-03-25,2020-03-26,1510.2857142857142,,2020-08-01,,2020-03-21,2020-09-02,165,,,134697.0,2290.0,True,0.020772878422985582,,4,,0.46603585641151585,2.8368010255392543e-30,0.47507346753674207,3.0295995087973408e-27,1169.741935483871,13.096774193548388,3444.1290322580644,,,,1736.0,17.714285714285715,0.01649534872404354,1.4063615057305505,,,2020-04-13,2020-09-04,2020-04-30,2020-03-20,2020-11-13,2020-07-24,,,
55,DZA,Algeria,3,43053054.0,2020-04-04,2020-03-24,2020-03-13,2020-03-18,2020-03-21,622.4285714285714,,2020-07-30,,2020-02-25,2020-10-12,230,2020-10-12,2020-11-18,69591.0,2186.0,False,0.03696329710331658,,3,,,,,,505.0967741935484,9.064516129032258,,489.96774193548384,10.64516129032258,,1801.0,10.714285714285714,0.0024886238533242525,0.14457245505245025,,,2020-04-10,,2020-05-07,2020-03-12,,,37.0,,
56,ECU,Ecuador,3,17373662.0,2020-03-25,2020-03-18,2020-03-14,2020-03-21,2020-03-23,2325.8571428571427,,2020-05-03,,2020-02-29,2020-05-31,92,2020-05-31,2020-11-18,181104.0,13025.0,True,0.09182969753355498,,6,,0.4642480152169554,8.477919626373632e-31,0.3812126427901435,6.85190287298153e-18,783.9032258064516,40.354838709677416,1008.1612903225806,954.5483870967741,23.0,4294.419354838709,3334.0,113.57142857142857,0.06536988492778815,1.3387259075588915,,,2020-05-04,2020-09-12,2020-06-05,2020-03-11,2020-09-23,2020-08-14,171.0,,
57,EGY,Egypt,2,100388073.0,2020-04-06,2020-03-29,2020-03-09,2020-03-19,2020-03-23,1575.2857142857142,,2020-06-17,,2020-03-01,2020-10-12,225,,,111284.0,6481.0,False,0.059935272594570196,,2,,,,,,1149.258064516129,36.645161290322584,,,,,6040.0,65.71428571428571,0.006546025214995979,0.1569196087951319,,,2020-06-21,,2020-10-12,2020-03-07,,,,,
58,ERI,Eritrea,0,3213972.0,,2020-04-02,,,,,,,,,,,,,493.0,0.0,False,,,0,,,,,,,,,,,,,,,,,,,,,,,,,,
59,ESH,Western Sahara,0,,,,2020-05-30,,,,,,,,,,,,766.0,1.0,False,,,0,,,,,,,,,,,,,,,,,,,,,,,,,,
60,ESP,Spain,3,47076781.0,2020-03-08,2020-03-04,2020-03-05,2020-03-07,2020-03-10,7902.0,,2020-03-31,,2020-02-24,2020-05-09,75,2020-05-09,2020-11-17,1510023.0,41688.0,False,0.12997509940798158,,5,,,,,,3360.8064516129034,236.7741935483871,,18498.8064516129,255.25806451612902,,26478.0,736.8571428571429,0.15652241449073223,1.6785344775378759,,,2020-04-04,2020-06-25,2020-04-27,2020-03-04,2020-07-24,2020-06-18,192.0,,
61,EST,Estonia,3,1326590.0,2020-04-05,2020-03-07,2020-03-26,2020-04-02,2020-04-03,59.714285714285715,,2020-04-06,,2020-02-27,2020-06-28,122,2020-06-28,2020-11-18,8033.0,84.0,True,0.03176546855866887,,0,,0.30934679937180914,7.728155405556083e-11,0.5009126965958246,2.51324442360494e-32,35.064516129032256,0.4838709677419355,637.8387096774194,116.7741935483871,0.41935483870967744,3173.032258064516,63.0,1.7142857142857142,0.012922498392764261,0.45013369401462183,,,,,,,,,143.0,,
62,ETH,Ethiopia,2,112078730.0,2020-05-31,2020-05-25,2020-04-06,2020-05-10,2020-06-01,1594.7142857142858,,2020-08-27,,2020-03-30,2020-11-11,226,,,103395.0,1588.0,True,0.015759659076174805,,1,,0.5357940682267488,1.2527447017015395e-30,0.7167904140483551,4.210889236159611e-59,989.483870967742,16.032258064516128,14262.0,,,,1537.0,17.857142857142858,0.0015932677732111043,0.14228518521884445,,,,,,,,,,,
63,FIN,Finland,3,5520314.0,2020-03-28,2020-03-09,2020-03-22,2020-03-28,2020-03-30,164.85714285714286,,2020-04-11,,2020-02-26,2020-07-17,142,2020-07-17,2020-11-18,19647.0,371.0,True,0.04524168740325647,,2,,0.39133046273492217,4.211975615464584e-18,0.22866991545703746,4.6861194892659496e-08,87.41935483870968,1.5483870967741935,1306.5806451612902,197.61290322580646,0.6451612903225806,13064.645161290322,328.0,4.0,0.007245964631722036,0.2986372566074011,,,2020-04-24,,2020-06-22,2020-03-21,,,124.0,,
64,FJI,Fiji,0,889953.0,,2020-03-25,2020-08-01,,,,,,,,,,,,35.0,2.0,True,,,0,,-0.029527058482446723,0.6566985056066917,-0.04261663798835075,0.4157568525269485,,,,,,,,,,,,,,,,,,,,,
65,FLK,Falkland Islands,0,,,,,,,,,,,,,,,,16.0,0.0,False,,,0,,,,,,,,,,,,,,,,,,,,,,,,,,
66,FRA,France,3,67059887.0,2020-03-09,2020-03-06,2020-02-15,2020-03-06,2020-03-08,4536.571428571428,,2020-04-02,,2020-02-15,2020-05-28,103,2020-05-28,2020-11-18,2036755.0,46273.0,True,0.20302199399187557,,3,,0.5062591387790555,9.126051526936662e-37,0.7154655129038264,2.506942649403318e-45,,,,36195.45161290323,313.2258064516129,278526.6129032258,28595.0,385.85714285714283,0.057539187749771015,0.6764955372757231,,,2020-04-10,,2020-07-25,2020-02-15,,,174.0,,
67,FRO,Faroe Islands,0,48678.0,,2020-03-06,,,,,,,,,,,,,498.0,0.0,False,,,0,,,,,,,,,,,,,,,,,,,,,,,,,,
68,GAB,Gabon,2,2172579.0,2020-05-14,2020-04-01,2020-03-21,2020-05-03,2020-05-15,137.85714285714286,,2020-06-21,,2020-03-21,2020-07-17,118,,,9084.0,58.0,False,0.00821677076159491,,0,,,,,,92.29032258064517,0.7096774193548387,,,,,45.0,1.5714285714285714,0.007233010037511047,0.6345322441998328,,,,,,,,,,,
69,GBR,United Kingdom,3,66834405.0,2020-03-13,2020-03-08,2020-03-07,2020-03-11,2020-03-14,4846.142857142857,,2020-04-24,,2020-02-22,2020-07-29,158,2020-07-29,2020-11-18,1410732.0,52745.0,True,0.13807254579960976,,3,,0.5904586151554805,1.3050207647042553e-50,0.2683473733792646,2.465339258371482e-09,4421.888888888889,853.4444444444445,19023.944444444445,21636.58064516129,273.3225806451613,282570.77419354836,41135.0,824.7142857142857,0.12339666758674453,0.7250970300615165,,,2020-04-14,,2020-05-16,2020-03-06,,,112.0,,
70,GEO,Georgia,1,3720382.0,2020-07-15,2020-03-11,2020-04-06,2020-04-23,2020-05-09,,,,,2020-04-06,2020-11-18,,,,85952.0,778.0,False,,,1,,,,,,2208.8709677419356,20.70967741935484,,,,,,,,,,,,,,,,,,,
71,GGY,Guernsey,0,,,,2020-04-04,2020-04-09,2020-04-21,,,,,,,,,,282.0,13.0,False,,,0,,,,,,,,,,,,,,,,,,,,,,,,,,
72,GHA,Ghana,2,30417856.0,2020-04-20,2020-04-02,2020-03-22,2020-03-29,2020-04-25,781.4285714285714,,2020-07-30,,2020-03-22,2020-10-08,200,,,50457.0,323.0,True,0.006621485008505922,,2,,0.16358352754219416,0.0016087023074626734,0.20743359516523469,4.749589831998044e-06,573.9032258064516,2.032258064516129,3060.8709677419356,,,,302.0,3.142857142857143,0.0010332277011427574,0.25689797842049467,,,2020-08-21,,2020-11-06,2020-03-22,,,,,
73,GIB,Gibraltar,0,33701.0,,2020-03-20,2020-11-12,,,,,,,,,,,,915.0,1.0,False,,,0,,,,,,,,,,,,,,,,,,,,,,,,,,
74,GIN,Guinea,2,12771246.0,2020-04-27,2020-04-05,2020-04-16,2020-04-20,2020-05-06,99.57142857142857,,2020-08-19,,2020-03-20,2020-10-26,220,,,12654.0,75.0,False,0.006384392068100182,,0,,,,,,70.03225806451613,0.41935483870967744,,,,,71.0,0.2857142857142857,0.00022371684463229797,0.07796532035435584,,,,,,,,,,,
75,GMB,Gambia,2,2347706.0,2020-08-08,2020-05-01,2020-03-24,2020-07-23,2020-08-05,120.71428571428571,,2020-08-21,,2020-03-24,2020-11-11,232,,,3705.0,122.0,False,0.03286767559177337,,2,,,,,,73.83870967741936,2.4838709677419355,,,,,120.0,5.428571428571429,0.023122875813970864,0.5141797384948784,,,2020-08-20,,2020-10-20,2020-03-24,,,,,
76,GNB,Guinea-Bissau,2,1920922.0,2020-05-20,2020-04-04,2020-04-27,2020-05-20,2020-06-06,62.0,,2020-05-11,,2020-04-26,2020-07-29,94,,,2421.0,43.0,False,0.015460822575803062,,0,,,,,,22.29032258064516,0.0967741935483871,,,,,26.0,0.14285714285714285,0.0007436904926756153,0.3227616738212171,,,,,,,,,,,
77,GNQ,Equatorial Guinea,0,1355986.0,2020-05-24,2020-03-24,2020-04-24,2020-05-14,2020-05-22,,,,,,,,,,5121.0,85.0,False,,,0,,,,,,,,,,,,,,,,,,,,,,,,,,
78,GRC,Greece,3,10716322.0,2020-03-29,2020-03-08,2020-03-12,2020-03-18,2020-03-22,92.42857142857143,,2020-04-04,,2020-02-26,2020-06-04,99,2020-06-04,2020-11-18,78825.0,1228.0,True,0.06423993346054112,,3,,0.5998984512386758,2.153360420176092e-45,0.5265610991888939,5.546711184427401e-35,64.34782608695652,2.5217391304347827,851.5217391304348,1605.0,19.870967741935484,19923.74193548387,179.0,4.428571428571429,0.004132547928824301,0.08625027451449428,,,2020-04-07,,2020-07-15,2020-03-11,,,167.0,,
79,GRD,Grenada,0,112003.0,,2020-03-23,,,,,,,,,,,,,33.0,0.0,False,,,0,,,,,,,,,,,,,,,,,,,,,,,,,,
80,GRL,Greenland,0,56225.0,,2020-03-20,,,,,,,,,,,,,18.0,0.0,False,,,0,,,,,,,,,,,,,,,,,,,,,,,,,,
81,GTM,Guatemala,2,16604026.0,2020-05-11,2020-04-09,2020-03-16,2020-04-13,2020-04-23,1353.4285714285713,,2020-07-25,,2020-03-16,2020-08-09,146,,,115730.0,3947.0,True,0.049697186558714836,,2,,0.4825608118029028,1.3119173449513843e-26,0.5149211651005394,3.074305156274076e-33,918.1935483870968,34.45161290322581,2479.483870967742,,,,2196.0,32.285714285714285,0.019444509594067298,0.8151207251955468,,,2020-07-17,,2020-09-16,2020-03-16,,,,,
82,GUM,Guam,1,167294.0,2020-08-27,2020-03-19,2020-03-22,2020-04-12,2020-08-28,,,,,2020-03-22,2020-11-18,,,,6234.0,100.0,False,,,0,,,,,,82.54838709677419,1.096774193548387,,,,,,,,,,,,,,,,,,,
83,GUY,Guyana,2,782766.0,2020-08-26,2020-03-16,2020-03-13,2020-04-07,2020-05-06,86.71428571428571,,2020-09-26,,2020-03-13,2020-11-01,233,,,4890.0,140.0,False,0.03353285029227483,,0,,,,,,52.12903225806452,1.3548387096774193,,,,,123.0,1.5714285714285714,0.02007532993804753,1.10779320658135,,,,,,,,,,,
84,HND,Honduras,1,9746117.0,2020-05-03,2020-03-26,2020-03-27,2020-03-31,2020-04-01,,,,,2020-03-27,2020-11-18,,,,103488.0,2839.0,False,,,2,,,,,,485.9032258064516,8.741935483870968,,,,,,,,,,,2020-07-31,,2020-08-20,2020-03-27,,,,,
85,HRV,Croatia,3,4067500.0,2020-04-03,2020-03-13,2020-03-25,2020-03-29,2020-04-05,77.85714285714286,,2020-04-02,,2020-02-25,2020-06-07,103,2020-06-07,2020-11-18,87464.0,1113.0,True,0.04763116057233703,,1,,0.6542302337702142,8.2941389945571e-52,0.6267303189507424,1.7493447802017724e-49,39.59722222222222,0.25,257.6666666666667,1959.9354838709678,23.451612903225808,7595.677419354839,104.0,0.7142857142857143,0.0017560804284836246,0.19141276670471508,,,,,,,,,164.0,,
86,HTI,Haiti,2,11263077.0,2020-05-26,2020-04-21,2020-04-07,2020-04-24,2020-05-05,191.42857142857142,,2020-06-06,,2020-04-06,2020-11-02,210,,,9191.0,232.0,False,0.02522311538704981,,0,,,,,,90.83870967741936,1.2258064516129032,,,,,232.0,2.142857142857143,0.0019025503801999603,0.1699611672978631,,,,,,,,,,,
87,HUN,Hungary,3,9769949.0,2020-04-10,2020-03-17,2020-03-16,2020-03-23,2020-03-25,102.0,,2020-04-13,,2020-03-12,2020-06-22,102,2020-06-22,2020-11-18,156949.0,3380.0,True,0.14170636032502104,,3,,0.6148760292058472,6.960231817860954e-42,0.49259954912065107,3.871410339083441e-31,46.225806451612904,3.5161290322580645,938.8064516129032,3431.2580645161293,69.0,15252.870967741936,572.0,10.142857142857142,0.010381688934975139,0.10440177323341196,,,2020-04-24,,2020-07-26,2020-03-15,,,149.0,,
88,IDN,Indonesia,1,270625568.0,2020-03-28,2020-03-31,2020-03-12,2020-03-16,2020-03-20,,,,,2020-03-12,2020-11-18,,,,474455.0,15393.0,True,,,1,,0.7758095375344233,1.5433855575474528e-84,0.8516317428468334,1.4910857514892424e-85,3666.1935483870966,92.38709677419355,27617.58064516129,,,,,,,,,,,,,,,,,,
89,IMN,Isle of Man,0,84584.0,,2020-03-21,2020-04-03,2020-04-19,2020-04-22,,,,,,,,,,364.0,25.0,False,,,0,,,,,,,,,,,,,,,,,,,,,,,,,,
90,IND,India,1,1366417754.0,2020-03-30,2020-04-11,2020-03-13,2020-03-23,2020-03-26,,,,,2020-03-13,2020-11-18,,,,8912907.0,130993.0,True,,,1,,0.8279970621921632,2.4179639224297794e-96,0.7829083864596296,1.619056356409631e-73,45562.8064516129,550.7096774193549,1091941.6129032257,,,,,,,,,,,,,,,,,,
91,IRL,Ireland,3,4941444.0,2020-03-24,2020-03-10,2020-03-12,2020-03-24,2020-03-27,903.2857142857143,,2020-04-16,,2020-02-29,2020-06-27,119,2020-06-27,2020-11-18,68686.0,1995.0,True,0.06874571007415244,,3,,0.4670965309746801,2.657249552259839e-28,0.40819285321497756,9.230929503602767e-21,487.7391304347826,19.0,3173.2608695652175,660.516129032258,4.451612903225806,13575.645161290322,1730.0,29.857142857142858,0.0604218986538001,1.8279792592726223,,,2020-04-26,,2020-07-31,2020-03-11,,,144.0,,
92,IRN,Iran,1,82913906.0,2020-03-03,2020-03-01,2020-02-20,2020-02-23,2020-02-25,,,,,2020-02-20,2020-11-18,,,,788473.0,42461.0,True,,,1,,0.5961322580362279,5.714840900548454e-52,0.6528534339524812,7.522027139962194e-47,7731.645161290323,374.93548387096774,33994.645161290326,,,,,,,,,,,,,,,,,,
93,IRQ,Iraq,1,39309783.0,2020-04-07,2020-03-22,2020-03-06,2020-03-09,2020-03-18,,,,,2020-03-06,2020-11-18,,,,524503.0,11752.0,True,,,1,,0.5214978703285704,2.931916695156236e-38,0.7935194789892827,2.1870726412363372e-67,3229.451612903226,49.58064516129032,18239.1935483871,,,,,,,,,,,,,,,,,,
94,ISL,Iceland,4,361313.0,2020-03-30,2020-03-02,2020-03-20,2020-04-07,2020-04-21,73.85714285714286,86.42857142857143,2020-04-03,2020-10-12,2020-02-28,2020-06-07,100,2020-06-07,2020-11-18,5215.0,25.0,True,0.005537098560354374,0.004402116402116403,0,,0.24280512651994676,1.0212086063701508e-06,0.5909936933191735,1.0858655993320082e-42,43.1,0.13333333333333333,643.1666666666666,44.03225806451613,0.0,1722.032258064516,10.0,0.2857142857142857,0.00790766691799868,2.044131898302659,0.0,2.392069242694601,,,,,,,164.0,0.0,15.0
95,ISR,Israel,4,9053300.0,2020-03-23,2020-03-10,2020-03-21,2020-03-26,2020-03-28,633.0,6232.714285714285,2020-04-07,2020-10-03,2020-02-21,2020-05-24,93,2020-09-05,2020-11-12,325862.0,2735.0,True,0.017954522070171827,0.007148521028577814,4,,0.7225526321376404,3.0104281153757146e-70,0.70886479453267,4.2671879501586234e-70,286.4193548387097,1.8387096774193548,3599.6451612903224,4398.806451612903,21.419354838709676,41825.93548387097,279.0,5.714285714285714,0.00631182631116357,0.6991925596191444,0.03597740997363234,6.884466753243884,2020-04-20,2020-10-15,2020-05-28,2020-03-20,2020-11-18,2020-09-09,178.0,32.57142857142857,1707.0
96,ITA,Italy,3,60297396.0,2020-03-01,2020-02-26,2020-02-23,2020-02-25,2020-02-26,5643.428571428572,,2020-03-27,,2020-02-21,2020-07-04,134,2020-07-04,2020-11-18,1238072.0,46464.0,True,0.14406944408224612,,5,,0.599961748964349,1.5365722112848704e-52,0.3387841810108336,4.019314247113956e-16,3032.6923076923076,312.6923076923077,11283.615384615385,25384.451612903227,283.93548387096774,181087.29032258064,34833.0,679.7142857142857,0.1127269717774024,0.9359323861064534,,,2020-04-03,2020-08-22,2020-07-31,2020-02-22,2020-08-23,2020-07-31,137.0,,
97,JAM,Jamaica,2,2948279.0,2020-08-09,2020-03-19,2020-03-25,2020-04-15,2020-06-05,174.57142857142858,,2020-09-24,,2020-03-25,2020-11-12,232,,,9929.0,231.0,True,0.023691468358627336,,1,,0.457569427512963,4.456379076295636e-19,0.46356119418233543,7.993651983723107e-25,121.3225806451613,1.935483870967742,717.3870967741935,,,,224.0,4.285714285714286,0.014536325380719686,0.5921129871746486,,,,,,,,,,,
98,JEY,Jersey,0,,,,2020-03-27,2020-04-16,2020-04-17,,,,,,,,,,775.0,32.0,False,,,0,,,,,,,,,,,,,,,,,,,,,,,,,,
99,JOR,Jordan,1,10101694.0,2020-06-19,2020-03-19,2020-03-29,2020-03-31,2020-07-04,,,,,2020-03-29,2020-11-18,,,,155993.0,1909.0,True,,,1,,0.6129089397923972,4.834549373856618e-35,0.3333333333333333,0.34755803674116925,,,,,,,,,,,,,,,,,,,,,
100,JPN,Japan,3,126264931.0,2020-03-21,2020-03-13,2020-02-13,2020-03-01,2020-03-11,1581.0,,2020-08-08,,2020-02-12,2020-10-01,232,2020-10-01,2020-11-18,120815.0,1913.0,True,0.0203377304292049,,2,,0.524735504130596,1.7608686013302545e-38,-0.11081832770072811,0.495435721361128,,,,838.2,7.8,21944.35,1564.0,4.714285714285714,0.00037336461335299144,0.1252129144235623,,,2020-04-29,,2020-07-17,2020-02-13,,,48.0,,
101,KAZ,Kazakhstan,3,18513930.0,2020-04-14,2020-03-27,2020-03-30,2020-04-06,2020-04-11,3980.5714285714284,,2020-07-07,,2020-03-30,2020-07-08,100,2020-07-08,2020-11-18,165143.0,2320.0,True,0.012797844060190716,,7,,0.06939439556727606,0.15184084417776736,0.3238333718746994,7.429813259258955e-14,1193.1935483870968,6.806451612903226,23403.709677419356,511.3225806451613,5.580645161290323,24884.322580645163,263.0,10.857142857142858,0.0058643102016389045,2.1500413086640324,,,2020-07-13,2020-08-03,2020-07-20,2020-03-30,2020-09-01,2020-07-28,133.0,,
102,KEN,Kenya,3,52573973.0,2020-05-21,2020-04-20,2020-03-27,2020-04-08,2020-04-16,678.2857142857143,,2020-08-06,,2020-03-22,2020-09-21,183,2020-09-21,2020-11-18,71729.0,1302.0,True,0.020411275470104517,,3,,0.4308797452544282,1.1527299520224557e-20,0.6702710765137292,2.624451282274407e-54,509.8709677419355,7.32258064516129,4688.9838709677415,842.9032258064516,14.32258064516129,5822.225806451613,648.0,11.428571428571429,0.002173807832360592,0.12901549485060115,,,2020-08-04,,2020-09-03,2020-03-27,,,58.0,,
103,KGZ,Kyrgyzstan,3,6456900.0,2020-05-10,2020-03-25,2020-04-02,2020-04-10,2020-05-03,2592.285714285714,,2020-07-24,,2020-03-27,2020-09-15,172,2020-09-15,2020-11-18,67894.0,1212.0,False,0.033576469987619796,,2,,,,,,887.7741935483871,37.70967741935484,,495.741935483871,3.2580645161290325,,1063.0,148.42857142857142,0.22987590241225886,4.014752767250095,,,2020-07-24,,2020-09-18,2020-04-02,,,64.0,,
104,KHM,Cambodia,0,16486542.0,,2020-03-23,,,,,,,,,,,,,304.0,0.0,False,,,0,,,,,,,,,,,,,,,,,,,,,,,,,,
105,KNA,Saint Kitts and Nevis,0,52823.0,,2020-03-26,,,,,,,,,,,,,19.0,0.0,False,,,0,,,,,,,,,,,,,,,,,,,,,,,,,,
106,KOR,South Korea,4,51709098.0,2020-02-26,2020-02-22,2020-02-21,2020-02-23,2020-02-26,608.8571428571429,343.85714285714283,2020-03-06,2020-08-28,2020-01-19,2020-05-06,108,2020-05-07,2020-10-01,29311.0,496.0,True,0.024694463938138046,0.013959996890374601,1,,0.3437135397686071,8.780454877872509e-16,0.35817147254472204,6.305555587080392e-20,202.1290322580645,1.3548387096774193,3978.967741935484,155.67741935483872,0.5161290322580645,9182.09677419355,255.0,4.142857142857143,0.0008011853432169989,0.11774661837209825,0.00019338956560410316,0.0664983834870109,,,,,,,196.0,1.0,157.0
107,KWT,Kuwait,1,4207083.0,2020-04-12,2020-02-27,2020-04-05,2020-04-18,2020-04-22,,,,,2020-04-05,2020-11-18,,,,137885.0,848.0,True,,,3,,0.4848878950336357,3.827102425011913e-31,0.2531535938938254,4.647059656434211e-07,720.1935483870968,4.870967741935484,6523.096774193548,,,,,,,,,,2020-05-17,,2020-09-05,2020-04-05,,,,,
108,LAO,Laos,0,7169455.0,,,,,,,,,,,,,,,24.0,0.0,False,,,0,,,,,,,,,,,,,,,,,,,,,,,,,,
109,LBN,Lebanon,1,6855713.0,2020-05-22,2020-03-10,2020-03-11,2020-03-27,2020-03-30,,,,,2020-03-11,2020-11-18,,,,107953.0,839.0,False,,,1,,,,,,1473.1290322580646,10.290322580645162,,,,,,,,,,,,,,,,,,,
110,LBR,Liberia,0,4937374.0,2020-07-13,2020-04-09,2020-04-05,2020-04-12,2020-04-26,,,,,,,,,,1512.0,82.0,False,,,0,,,,,,,,,,,,,,,,,,,,,,,,,,
111,LBY,Libya,1,6777452.0,2020-07-07,2020-04-15,2020-04-03,2020-05-29,2020-06-16,,,,,2020-04-03,2020-11-18,,,,74936.0,1041.0,True,,,1,,0.5977575809866182,3.3380552616099436e-33,0.6656349917455638,5.50022075650653e-35,873.0322580645161,10.516129032258064,3700.909090909091,,,,,,,,,,,,,,,,,,
112,LCA,Saint Lucia,0,182790.0,,2020-03-15,2020-11-11,,,,,,,,,,,,178.0,2.0,False,,,0,,,,,,,,,,,,,,,,,,,,,,,,,,
113,LIE,Liechtenstein,0,38019.0,2020-11-18,2020-03-05,2020-04-05,2020-11-17,,,,,,,,,,,1002.0,8.0,False,,,0,,,,,,,,,,,,,,,,,,,,,,,,,,
114,LKA,Sri Lanka,1,21803000.0,2020-05-20,2020-03-29,2020-03-29,2020-04-05,2020-05-26,,,,,2020-03-29,2020-11-18,,,,18075.0,66.0,True,,,0,,0.23701876184043383,7.491306910065057e-07,0.3761290377433846,1.735006701743882e-19,384.93548387096774,1.4516129032258065,9638.516129032258,,,,,,,,,,,,,,,,,,
115,LSO,Lesotho,0,2125268.0,2020-08-22,2020-06-24,2020-07-10,2020-07-19,2020-07-27,,,,,,,,,,2041.0,44.0,False,,,0,,,,,,,,,,,,,,,,,,,,,,,,,,
116,LTU,Lithuania,3,2786844.0,2020-04-12,2020-03-16,2020-03-21,2020-03-28,2020-04-06,59.0,,2020-04-04,,2020-02-27,2020-07-01,125,2020-07-01,2020-11-18,36876.0,299.0,True,0.040859741784037555,,1,,0.41763405860840036,5.118548936643761e-20,0.3752914438772972,3.176664063369015e-18,39.68421052631579,0.47368421052631576,1327.157894736842,923.9354838709677,5.548387096774194,18481.540322580644,78.0,0.5714285714285714,0.0020504505147348447,0.21170901564637276,,,,,,,,,140.0,,
117,LUX,Luxembourg,5,619896.0,2020-03-25,2020-03-08,2020-03-14,2020-03-21,2020-03-28,165.85714285714286,118.57142857142857,2020-03-29,2020-07-24,2020-02-29,2020-06-04,96,2020-06-07,2020-09-04,27256.0,236.0,True,0.02699818589264753,0.003446941718546657,1,,0.32757590083538035,1.0404768105570915e-12,0.3150531663272831,6.291820044518351e-14,65.35714285714286,0.6428571428571429,378.7857142857143,58.67741935483871,0.06451612903225806,8203.645161290322,110.0,1.4285714285714286,0.023045340324367777,2.6755640116590986,0.0023045340324367772,1.912763246922525,,,,,,,167.0,0.14285714285714285,14.0
118,LVA,Latvia,1,1912789.0,2020-05-18,2020-03-12,2020-04-04,2020-04-13,2020-04-23,,,,,2020-04-04,2020-11-18,,,,10914.0,132.0,True,,,0,,0.40469272578767296,6.109430533260556e-15,0.3446881969310022,7.507332154173327e-16,233.67741935483872,2.7096774193548385,5110.548387096775,,,,,,,,,,,,,,,,,,
119,MAR,Morocco,1,36471769.0,2020-04-06,2020-03-26,2020-03-12,2020-03-25,2020-03-27,,,,,2020-03-12,2020-11-18,,,,301604.0,4932.0,True,,,3,,0.6151390280711307,1.0550959450965438e-43,0.6512492988261891,1.8817004428216696e-54,3935.5806451612902,61.45161290322581,21840.645161290322,,,,,,,,,,2020-04-11,,2020-06-20,2020-03-12,,,,,
120,MCO,Monaco,0,38964.0,,2020-02-29,2020-04-11,,,,,,,,,,,,557.0,2.0,False,,,0,,,,,,,,,,,,,,,,,,,,,,,,,,
121,MDA,Moldova,1,2657637.0,2020-04-08,2020-03-15,2020-03-19,2020-04-02,2020-04-05,,,,,2020-03-19,2020-11-18,,,,90912.0,2054.0,False,,,1,,,,,,769.741935483871,15.161290322580646,,,,,,,,,,,,,,,,,,,
122,MDG,Madagascar,2,26969307.0,2020-06-07,2020-05-02,2020-05-18,2020-05-30,2020-06-11,365.2857142857143,,2020-07-23,,2020-04-27,2020-11-01,188,,,17233.0,249.0,True,0.014780580877676489,,2,,0.4759235723928072,2.8209947849461443e-20,0.4807148964099627,1.7691886289017658e-22,210.38709677419354,1.7419354838709677,524.1290322580645,,,,244.0,3.7142857142857144,0.0013772269766834254,0.1354449761299815,,,2020-07-31,,2020-10-17,2020-05-18,,,,,
123,MDV,Maldives,2,530953.0,2020-05-16,2020-03-09,2020-05-01,2020-05-27,2020-07-03,146.71428571428572,,2020-08-06,,2020-04-12,2020-11-14,216,,,12355.0,45.0,True,0.003507311853525145,,0,,0.07454904375141473,0.16663110080849297,0.3475813094630466,2.6277592242621856e-15,67.83870967741936,0.22580645161290322,911.1935483870968,,,,41.0,0.5714285714285714,0.010762319290569436,2.763225477853703,,,,,,,,,,,
124,MEX,Mexico,1,127575529.0,2020-03-24,2020-03-20,2020-03-21,2020-03-25,2020-03-28,,,,,2020-03-21,2020-11-18,,,,1011153.0,99026.0,True,,,1,,0.7052875488937066,2.585064291539657e-70,0.6964129588174467,1.0275017451644175e-72,4573.935483870968,373.64516129032256,12634.90322580645,,,,,,,,,,,,,,,,,,
125,MHL,Marshall Islands,0,58791.0,,2020-10-29,,,,,,,,,,,,,4.0,0.0,False,,,0,,,,,,,,,,,,,,,,,,,,,,,,,,
126,MKD,Macedonia,1,2083459.0,2020-04-17,2020-03-14,2020-03-23,2020-03-30,2020-04-02,,,,,2020-03-23,2020-11-18,,,,48613.0,1376.0,True,,,3,,0.5036542098425865,1.6731687632387924e-33,0.5215990775102285,4.932915953711456e-31,770.7096774193549,15.03225806451613,2482.7096774193546,,,,,,,,,,2020-07-05,,2020-08-15,2020-03-22,,,,,
127,MLI,Mali,0,19658031.0,2020-05-24,2020-04-12,2020-04-01,2020-04-06,2020-04-14,,,,,,,,,,3980.0,141.0,False,,,0,,,,,,,,,,,,,,,,,,,,,,,,,,
128,MLT,Malta,1,502653.0,2020-08-11,2020-03-09,2020-04-10,2020-05-06,2020-08-23,,,,,2020-04-10,2020-11-18,,,,8247.0,101.0,True,,,0,,0.37450923608054687,1.4754574638746054e-12,0.4665712305032224,4.253564636286643e-22,36.774193548387096,0.6129032258064516,2098.2580645161293,,,,,,,,,,,,,,,,,,
129,MMR,Myanmar,1,54045420.0,2020-09-03,2020-06-19,2020-04-01,2020-04-18,2020-09-09,,,,,2020-04-01,2020-11-18,,,,71730.0,1625.0,True,,,1,,0.605207048486298,4.030666932327651e-31,0.3924570327515142,6.402834027089278e-14,563.2903225806451,14.064516129032258,3833.1290322580644,,,,,,,,,,,,,,,,,,
130,MNE,Montenegro,3,622137.0,2020-07-10,2020-03-19,2020-03-27,2020-04-19,2020-06-29,154.14285714285714,,2020-07-30,,2020-03-27,2020-08-25,151,2020-08-25,2020-11-18,28392.0,405.0,False,0.02677457427078064,,1,,,,,,81.12903225806451,1.1612903225806452,,412.16129032258067,5.451612903225806,,83.0,1.7142857142857142,0.027554794430900496,2.477635265911803,,,,,,,,,85.0,,
131,MNG,Mongolia,0,3225167.0,,2020-04-15,,,,,,,,,,,,,455.0,0.0,False,,,0,,,,,,,,,,,,,,,,,,,,,,,,,,
132,MNP,Northern Mariana Islands,0,57216.0,,2020-03-31,2020-04-02,,,,,,,,,,,,103.0,2.0,False,,,0,,,,,,,,,,,,,,,,,,,,,,,,,,
133,MOZ,Mozambique,1,30366036.0,2020-07-07,2020-05-21,2020-05-26,2020-06-22,2020-07-19,,,,,2020-05-26,2020-11-18,,,,14566.0,118.0,True,,,0,,0.39748622073158735,1.1278369250757213e-13,0.7116154411516751,4.985159195768487e-56,123.70967741935483,1.1935483870967742,1635.7096774193549,,,,,,,,,,,,,,,,,,
134,MRT,Mauritania,2,4525696.0,2020-06-10,2020-05-16,2020-04-03,2020-05-22,2020-05-28,216.57142857142858,,2020-06-26,,2020-04-03,2020-07-13,101,,,7952.0,165.0,True,0.03089504770558836,,2,,-0.068852552056395,0.22500365228408958,0.30619631832998756,1.1098764933548272e-09,112.16129032258064,3.5483870967741935,871.7096774193549,,,,143.0,3.4285714285714284,0.007575788185002767,0.4785372870193415,,,2020-06-16,,2020-08-08,2020-04-03,,,,,
135,MSR,Montserrat,0,,,,2020-04-26,,,,,,,,,,,,13.0,1.0,False,,,0,,,,,,,,,,,,,,,,,,,,,,,,,,
136,MUS,Mauritius,0,1265711.0,,2020-03-21,2020-03-22,2020-04-02,2020-04-28,,,,,,,,,,491.0,10.0,False,,,0,,,,,,,,,,,,,,,,,,,,,,,,,,
137,MWI,Malawi,2,18628747.0,2020-06-27,2020-05-26,2020-04-08,2020-06-14,2020-06-22,105.85714285714286,,2020-07-18,,2020-04-08,2020-11-16,222,,,5995.0,185.0,True,0.030590211132437622,,2,,0.38306648563896084,3.0538046917819126e-12,0.47526978579571816,4.294578397121532e-25,72.19354838709677,1.5806451612903225,455.0,,,,184.0,3.4285714285714284,0.0018404734513660142,0.056824617810925696,,,2020-07-28,,2020-09-25,2020-04-08,,,,,
138,MYS,Malaysia,3,31949777.0,2020-03-21,2020-03-14,2020-03-18,2020-03-23,2020-03-23,173.0,,2020-04-09,,2020-02-27,2020-07-06,130,2020-07-06,2020-11-18,49730.0,318.0,True,0.014245722142159052,,1,,0.40052244701580025,3.018609122655386e-19,0.24861940728083506,1.4687598722497894e-09,129.09677419354838,2.096774193548387,1518.8709677419354,905.8064516129032,4.387096774193548,19112.935483870966,121.0,2.857142857142857,0.0008942606570126788,0.054147482782117694,,,,,,,,,135.0,,
139,NAM,Namibia,2,2494530.0,2020-07-17,2020-04-02,2020-07-11,2020-07-22,2020-07-31,257.14285714285717,,2020-08-28,,2020-05-21,2020-11-09,172,,,13566.0,140.0,True,0.010492411835353205,,0,,0.4418923050977292,2.932618837015623e-16,0.6014675957914271,1.2035086285908585e-36,154.67741935483872,1.6774193548387097,1083.0,,,,134.0,2.7142857142857144,0.010880950376566785,1.0308268777800114,,,,,,,,,,,
140,NCL,New Caledonia,0,287800.0,,2020-03-21,,,,,,,,,,,,,30.0,0.0,False,,,0,,,,,,,,,,,,,,,,,,,,,,,,,,
141,NER,Niger,0,23310715.0,2020-06-17,2020-04-05,2020-03-25,2020-04-02,2020-04-06,,,,,,,,,,1327.0,70.0,False,,,0,,,,,,,,,,,,,,,,,,,,,,,,,,
142,NGA,Nigeria,1,200963599.0,2020-04-25,2020-04-25,2020-03-24,2020-04-06,2020-04-12,,,,,2020-03-24,2020-11-18,,,,65457.0,1163.0,True,,,1,,0.5136955642984679,2.9087377417786504e-34,0.08813027987785632,0.05491279480878186,128.96774193548387,1.2903225806451613,3472.7741935483873,,,,,,,,,,,,,,,,,,
143,NIC,Nicaragua,2,6545502.0,2020-06-03,2020-05-23,2020-03-28,2020-05-04,2020-05-23,104.85714285714286,,2020-05-28,,2020-03-28,2020-11-04,221,,,5661.0,159.0,False,0.02850922662243417,,0,,,,,,24.06451612903226,1.032258064516129,,,,,155.0,3.857142857142857,0.005892814419952598,0.160197251268341,,,,,,,,,,,
144,NLD,Netherlands,3,17332850.0,2020-03-16,2020-03-07,2020-03-07,2020-03-12,2020-03-15,1119.857142857143,,2020-04-15,,2020-02-27,2020-07-11,135,2020-07-11,2020-11-18,456453.0,8604.0,False,0.12078195793792128,,3,,,,,,847.8709677419355,94.35483870967742,,7361.903225806452,59.774193548387096,,6135.0,120.57142857142857,0.06956237928063104,0.6460894445270934,,,2020-04-09,,2020-08-02,2020-03-06,,,130.0,,
145,NOR,Norway,3,5347896.0,2020-03-16,2020-03-04,2020-03-13,2020-03-20,2020-03-25,281.42857142857144,,2020-03-30,,2020-02-26,2020-07-21,146,2020-07-21,2020-11-18,29510.0,298.0,True,0.028302335537268703,,2,,0.3771645307542798,7.780439175063887e-16,0.11312037252391664,0.00812678314002387,140.79310344827587,0.7586206896551724,2464.5172413793102,368.8709677419355,0.5483870967741935,17632.483870967742,255.0,2.142857142857143,0.004006916258014633,0.5262416685525886,,,2020-04-15,,2020-07-09,2020-03-12,,,120.0,,
146,NPL,Nepal,3,28608710.0,2020-05-29,2020-05-13,2020-05-17,2020-05-29,2020-06-05,648.2857142857143,,2020-07-01,,2020-03-23,2020-07-16,115,2020-07-16,2020-11-18,211475.0,1247.0,True,0.003359462486002239,,1,,0.7235685341421434,4.990937930684498e-60,0.7944665506259909,1.0378150698001082e-83,386.83870967741933,0.6774193548387096,5031.774193548387,2850.2258064516127,17.0,12775.290322580646,39.0,0.8571428571428571,0.00029960905512442087,0.2266043153591037,,,,,,,,,125.0,,
147,NZL,New Zealand,2,4917000.0,2020-04-10,2020-03-19,2020-03-29,2020-04-13,2020-04-17,72.14285714285714,,2020-03-31,,2020-02-27,2020-05-29,92,,,1652.0,25.0,True,0.01906412478336222,,0,,0.2763381359140925,4.586472033425288e-08,0.15845722150501712,0.00035629227887483406,26.74404761904762,0.041666666666666664,818.6666666666666,,,,22.0,0.14285714285714285,0.0002905372032888811,0.14672128766088496,,,,,,,,,,,
148,OMN,Oman,3,4974986.0,2020-04-17,2020-03-19,2020-04-01,2020-04-18,2020-04-25,1577.142857142857,,2020-07-16,,2020-04-01,2020-08-05,126,2020-08-05,2020-11-18,120718.0,1350.0,True,0.007743366835443957,,1,,0.5700561533835257,1.876885774223396e-39,0.5392466339366478,2.4006657217817074e-08,1184.6129032258063,5.580645161290323,3583.7096774193546,1274.483870967742,7.838709677419355,3892.548387096774,420.0,6.857142857142857,0.013783240509908685,3.170145317278998,,,,,,,,,105.0,,
149,PAK,Pakistan,3,216565318.0,2020-03-26,2020-03-27,2020-03-20,2020-03-23,2020-03-29,5865.428571428572,,2020-06-17,,2020-02-26,2020-09-03,190,2020-09-03,2020-11-18,363380.0,7230.0,True,0.021698509844506563,,2,,0.6259866423554868,7.33180769737021e-54,0.15774764134479147,0.000239775005831937,3633.3870967741937,66.83870967741936,17245.90322580645,1227.8387096774193,17.387096774193548,30118.58064516129,6328.0,102.85714285714286,0.004749474376000633,0.2708387762914361,,,2020-06-21,,2020-09-12,2020-03-19,,,76.0,,
150,PAN,Panama,1,4246439.0,2020-03-31,2020-03-13,2020-03-11,2020-03-24,2020-03-28,,,,,2020-03-11,2020-11-18,,,,148721.0,2893.0,True,,,1,,0.5565544664211665,2.71593048425809e-35,0.43874634814641966,2.4381535210147024e-24,711.483870967742,10.290322580645162,6120.354838709677,,,,,,,,,,,,,,,,,,
151,PER,Peru,2,32510453.0,2020-04-01,2020-03-20,2020-03-20,2020-03-22,2020-03-28,8552.142857142857,,2020-08-20,,2020-03-20,2020-09-09,173,,,939931.0,35317.0,True,0.04702587442720638,,2,,0.3355883023480322,1.9281276380402204e-14,0.41140447355621884,1.0884252735500284e-21,6475.451612903225,433.8709677419355,6011.4838709677415,,,,30121.0,731.5714285714286,0.22502652564436076,2.6305824951571286,,,2020-08-16,,2020-11-14,2020-03-20,,,,,
152,PHL,Philippines,1,108116615.0,2020-03-29,2020-03-25,2020-02-02,2020-03-14,2020-03-16,,,,,2020-02-02,2020-11-18,,,,410718.0,7862.0,True,,,6,,0.5902220202147472,6.2947378927444044e-49,0.6502782435663721,1.082650455202973e-46,1859.3225806451612,41.74193548387097,30037.354838709678,,,,,,,,,,2020-04-18,2020-07-19,2020-05-26,2020-02-02,2020-07-27,2020-05-26,,,
153,PNG,Papua New Guinea,0,8776109.0,,2020-07-27,2020-07-29,2020-08-29,,,,,,,,,,,602.0,7.0,False,,,0,,,,,,,,,,,,,,,,,,,,,,,,,,
154,POL,Poland,1,37970874.0,2020-03-26,2020-03-18,2020-03-13,2020-03-18,2020-03-25,,,,,2020-03-13,2020-11-18,,,,752940.0,10848.0,True,,,3,,0.3495040747133655,1.877695134200576e-15,0.5790332229475019,4.3775006264290166e-33,16894.935483870966,202.6451612903226,54114.74193548387,,,,,,,,,,2020-04-30,,2020-05-29,2020-03-12,,,,,
155,PRI,Puerto Rico,1,3193694.0,2020-04-17,2020-03-28,2020-03-28,2020-03-30,2020-04-02,,,,,2020-03-28,2020-11-18,,,,79600.0,951.0,False,,,1,,,,,,719.5806451612904,5.967741935483871,,,,,,,,,,,,,,,,,,,
156,PRT,Portugal,3,10269417.0,2020-03-21,2020-03-12,2020-03-18,2020-03-21,2020-03-22,802.5714285714286,,2020-04-04,,2020-03-09,2020-04-24,46,2020-04-24,2020-11-18,230124.0,3553.0,True,0.05288924337853076,,5,,0.3064398586574556,4.18736284760498e-12,0.3243072354892993,1.7784454645563395e-14,352.32142857142856,8.785714285714286,3185.5714285714284,3660.3548387096776,36.54838709677419,32009.0,820.0,24.285714285714285,0.023648581302827886,0.781516057407571,,,2020-04-14,2020-07-10,2020-06-22,2020-03-17,2020-08-08,2020-06-22,208.0,,
157,PRY,Paraguay,1,7044636.0,2020-06-03,2020-03-25,2020-03-21,2020-04-06,2020-05-01,,,,,2020-03-21,2020-11-18,,,,72857.0,1613.0,True,,,1,,0.6415651964373826,2.2390566976951027e-42,0.7065861494417782,2.856991752493084e-60,605.2258064516129,14.064516129032258,2754.032258064516,,,,,,,,,,,,,,,,,,
158,PSE,Palestina,1,4685306.0,2020-06-22,2020-03-11,2020-03-27,2020-05-24,2020-07-02,,,,,2020-03-27,2020-11-18,,,,77320.0,658.0,True,,,1,,0.592234445417413,1.368355941354457e-35,0.42092957074581216,2.495078523890225e-06,538.6451612903226,5.096774193548387,4206.5161290322585,,,,,,,,,,,,,,,,,,
159,PYF,French Polynesia,3,279287.0,2020-09-15,2020-03-19,2020-09-12,2020-09-23,2020-10-10,61.0,,2020-09-21,,2020-08-11,2020-09-28,48,2020-09-28,2020-11-18,12121.0,56.0,False,0.01012373453318335,,0,,,,,,34.903225806451616,0.06451612903225806,,268.51612903225805,1.3548387096774193,,5.0,0.0,0.0,2.184133167673397,,,,,,,,,51.0,,
160,QAT,Qatar,2,2832067.0,2020-04-05,2020-03-09,2020-03-29,2020-04-08,2020-04-23,1887.5714285714287,,2020-06-04,,2020-03-29,2020-08-07,131,,,136222.0,235.0,True,0.0016859580830605033,,0,,0.49163574089042644,7.463989366116899e-28,-0.07011751644305882,0.10400249522817512,1482.8709677419354,1.064516129032258,4157.903225806452,,,,177.0,2.142857142857143,0.007566406948907434,6.664995667727594,,,,,,,,,,,
161,ROU,Romania,1,19356544.0,2020-03-27,2020-03-15,2020-03-23,2020-03-24,2020-03-25,,,,,2020-03-23,2020-11-18,,,,373474.0,9261.0,True,,,3,,0.7689895706832887,4.4699760219701446e-82,0.6787683451124699,6.753258360711884e-56,6056.935483870968,102.48387096774194,28762.709677419356,,,,,,,,,,2020-05-03,,2020-06-09,2020-03-22,,,,,
162,RUS,Russia,1,144373535.0,2020-03-28,2020-03-27,2020-03-27,2020-03-29,2020-03-31,,,,,2020-03-27,2020-11-18,,,,1991998.0,34387.0,True,,,1,,0.7376193263273482,1.3591865568378423e-75,0.5605775678365571,5.990268517341161e-40,17952.0,305.258064516129,515480.4516129032,,,,,,,,,,,,,,,,,,
163,RWA,Rwanda,2,12626950.0,2020-06-30,2020-03-30,2020-05-31,2020-07-19,2020-08-19,140.14285714285714,,2020-08-27,,2020-05-18,2020-10-12,147,,,5507.0,46.0,True,0.007209222833348868,,0,,0.22887642239844663,2.54299139856441e-05,0.5655308548737503,1.4278323417444274e-33,56.32258064516129,0.3225806451612903,4463.903225806452,,,,31.0,0.7142857142857143,0.0005656834899050953,0.1109871007193797,,,,,,,,,,,
164,SAU,Saudi Arabia,2,34268528.0,2020-03-27,2020-03-20,2020-03-25,2020-03-30,2020-04-01,4417.857142857143,,2020-06-21,,2020-03-25,2020-11-18,238,,,353918.0,5692.0,True,0.015857728175921633,,2,,0.6391004073854931,3.2992682974998374e-48,0.17549852514364503,3.33742702789598e-05,2876.0,28.35483870967742,19712.74193548387,,,,5691.0,42.57142857142857,0.012422893849256838,1.2891878935847911,,,2020-07-07,,2020-08-02,2020-03-24,,,,,
165,SDN,Sudan,2,42813238.0,2020-05-09,2020-04-27,2020-03-15,2020-04-15,2020-04-19,243.0,,2020-06-21,,2020-03-15,2020-09-06,175,,,15047.0,1175.0,False,0.06326165845203921,,5,,,,,,175.5483870967742,12.903225806451612,,,,,822.0,12.571428571428571,0.002936341458552743,0.05675814569316154,,,2020-06-01,2020-11-12,2020-09-04,2020-03-15,2020-11-17,2020-11-08,,,
166,SEN,Senegal,2,16296364.0,2020-05-02,2020-03-25,2020-04-02,2020-04-21,2020-05-05,149.85714285714286,,2020-08-13,,2020-03-13,2020-11-06,238,,,15806.0,329.0,True,0.02093790858637116,,0,,0.40273087568451504,6.11901943957936e-17,0.46833170299701515,2.89466248126039e-28,109.3225806451613,2.967741935483871,1147.4193548387098,,,,326.0,4.0,0.0024545352570671595,0.09195741016655179,,,,,,,,,,,
167,SGP,Singapore,2,5703569.0,2020-04-02,2020-02-07,2020-03-22,2020-04-03,2020-04-15,1005.1428571428571,,2020-04-27,,2020-01-23,2020-07-10,169,,,58130.0,28.0,False,0.000600667408231368,,0,,,,,,415.8709677419355,0.3225806451612903,,,,,26.0,0.14285714285714285,0.0002504697372069013,1.7623050709877572,,,,,,,,,,,
168,SLB,Solomon Islands,0,669823.0,,2020-10-25,,,,,,,,,,,,,16.0,0.0,False,,,0,,,,,,,,,,,,,,,,,,,,,,,,,,
169,SLE,Sierra Leone,0,7813215.0,2020-06-09,2020-04-21,2020-04-24,2020-05-01,2020-05-06,,,,,,,,,,2392.0,74.0,False,,,0,,,,,,,,,,,,,,,,,,,,,,,,,,
170,SLV,El Salvador,3,6453553.0,2020-05-13,2020-04-02,2020-04-01,2020-04-09,2020-05-01,432.7142857142857,,2020-08-11,,2020-03-25,2020-09-19,178,2020-09-19,2020-11-18,36669.0,1056.0,True,0.03194878086021618,,2,,0.3111008535445936,6.566784471555976e-11,0.334975439157261,9.152175866724004e-13,370.35483870967744,10.193548387096774,2461.6451612903224,175.1290322580645,4.354838709677419,2570.4193548387098,808.0,12.0,0.018594408382483264,0.6705055117921643,,,2020-08-10,,2020-09-28,2020-04-01,,,60.0,,
171,SMR,San Marino,0,33860.0,2020-11-06,2020-02-28,2020-03-02,2020-03-13,2020-03-18,,,,,,,,,,1290.0,42.0,False,,,0,,,,,,,,,,,,,,,,,,,,,,,,,,
172,SOM,Somalia,1,15442905.0,2020-05-11,2020-04-16,2020-04-10,2020-04-16,2020-04-23,,,,,2020-04-10,2020-11-18,,,,4382.0,108.0,False,,,0,,,,,,16.70967741935484,0.2903225806451613,,,,,,,,,,,,,,,,,,,
173,SRB,Serbia,5,6944975.0,2020-04-02,2020-03-14,2020-03-21,2020-03-28,2020-03-29,384.0,416.42857142857144,2020-04-20,2020-07-29,2020-03-13,2020-06-03,82,2020-06-03,2020-09-13,92375.0,1054.0,True,0.02169077450894148,0.02364964911193294,5,,0.2602152444339719,1.5603732597345193e-08,0.41411555630609925,7.837744791257294e-23,199.4516129032258,3.903225806451613,1039.0,337.8709677419355,9.064516129032258,8230.870967741936,245.0,6.0,0.008639339954427483,0.5529177570833589,0.012341914220610687,0.5996113325513359,2020-04-19,2020-07-17,2020-05-29,2020-03-20,2020-09-29,2020-05-29,168.0,8.571428571428571,486.0
174,SSD,South Sudan,2,11062113.0,2020-06-05,2020-05-07,2020-05-15,2020-05-20,2020-05-30,93.57142857142857,,2020-05-30,,2020-04-24,2020-08-23,121,,,3016.0,59.0,False,0.019342248751650123,,0,,,,,,30.967741935483872,0.3225806451612903,,,,,47.0,0.5714285714285714,0.0005165636722645767,0.08458730133332445,,,,,,,,,,,
175,STP,São Tomé and Príncipe,0,215056.0,,2020-04-09,2020-05-01,2020-05-09,2020-05-26,,,,,,,,,,967.0,16.0,False,,,0,,,,,,,,,,,,,,,,,,,,,,,,,,
176,SUR,Suriname,2,581372.0,2020-07-19,2020-03-22,2020-04-04,2020-06-16,2020-06-25,95.0,,2020-08-14,,2020-04-04,2020-11-07,217,,,5278.0,116.0,False,0.021754039448056404,,0,,,,,,63.225806451612904,0.7096774193548387,,,,,111.0,1.5714285714285714,0.027029656939594124,1.634065624075463,,,,,,,,,,,
177,SVK,Slovakia,3,5454073.0,2020-04-18,2020-03-14,2020-04-07,2020-04-16,2020-04-19,59.857142857142854,,2020-04-20,,2020-03-13,2020-06-05,84,2020-06-05,2020-11-18,88602.0,557.0,True,0.018443587089489042,,1,,0.44785389404662923,1.4289660246164763e-18,0.4905161757072816,2.4904428197045725e-30,33.03225806451613,0.3870967741935484,1251.9354838709678,1950.5483870967741,14.161290322580646,12342.451612903225,28.0,1.4285714285714286,0.00261927449187319,0.10974760120948665,,,,,,,,,166.0,,
178,SVN,Slovenia,1,2087946.0,2020-04-07,2020-03-08,2020-03-18,2020-03-27,2020-03-30,,,,,2020-03-18,2020-11-18,,,,56937.0,556.0,True,,,1,,0.4755099323539051,4.384609847673267e-22,0.6717422025223043,1.0870287301610079e-53,1401.225806451613,11.193548387096774,5285.903225806452,,,,,,,,,,,,,,,,,,
179,SWE,Sweden,3,10285453.0,2020-03-17,2020-03-06,2020-03-12,2020-03-16,2020-03-19,1089.142857142857,,2020-06-20,,2020-03-12,2020-07-29,139,2020-07-29,2020-11-18,192439.0,6225.0,True,0.07387377468660071,,3,,0.3844398568649817,1.145436408447118e-21,0.48988039806037403,2.9211971085632732e-15,,,,2477.0967741935483,9.935483870967742,27618.354838709678,5725.0,29.857142857142858,0.029028515182698184,1.0589157882913443,,,2020-04-17,,2020-09-09,2020-03-11,,,112.0,,
180,SWZ,Swaziland,2,1148130.0,2020-07-07,2020-03-27,2020-04-18,2020-06-21,2020-06-29,90.57142857142857,,2020-08-15,,2020-04-06,2020-11-03,211,,,6124.0,119.0,False,0.019890011386486422,,0,,,,,,70.35483870967742,1.5483870967741935,,,,,117.0,1.7142857142857142,0.014931111583929645,0.7888603953509495,,,,,,,,,,,
181,SXM,Sint Maarten,0,40733.0,,2020-03-03,2020-04-02,2020-04-08,2020-04-20,,,,,,,,,,954.0,24.0,False,,,0,,,,,,,,,,,,,,,,,,,,,,,,,,
182,SYC,Seychelles,0,97625.0,,2020-03-15,,,,,,,,,,,,,160.0,0.0,False,,,0,,,,,,,,,,,,,,,,,,,,,,,,,,
183,SYR,Syria,1,17070135.0,2020-08-08,2020-05-25,2020-03-30,2020-06-02,2020-07-04,,,,,2020-03-30,2020-11-18,,,,6836.0,354.0,False,,,0,,,,,,56.74193548387097,3.4193548387096775,,,,,,,,,,,,,,,,,,,
184,TCA,Turks and Caicos Islands,0,38191.0,,2020-03-25,2020-04-06,2020-09-05,,,,,,,,,,,720.0,6.0,False,,,0,,,,,,,,,,,,,,,,,,,,,,,,,,
185,TCD,Chad,0,15946876.0,2020-08-28,2020-05-03,2020-04-29,2020-05-01,2020-05-03,,,,,,,,,,1608.0,101.0,False,,,0,,,,,,,,,,,,,,,,,,,,,,,,,,
186,TGO,Togo,0,8082366.0,2020-08-06,2020-04-05,2020-03-28,2020-04-17,2020-05-09,,,,,,,,,,2722.0,62.0,True,,,0,,0.08253628138372318,0.12406032424277713,0.4573795939215088,9.026312951092662e-26,,,,,,,,,,,,,,,,,,,,,
187,THA,Thailand,1,69625582.0,2020-03-26,2020-03-21,2020-03-01,2020-03-27,2020-03-31,,,,,2020-03-01,2020-11-18,,,,3880.0,60.0,True,,,0,,0.15782403365281913,0.0011432658043119698,0.10526281564331146,0.013505068684287191,5.67741935483871,0.03225806451612903,4381.225806451613,,,,,,,,,,,,,,,,,,
188,TJK,Tajikistan,2,9321018.0,2020-05-16,2020-05-04,2020-05-04,2020-05-06,2020-05-08,203.28571428571428,,2020-05-29,,2020-05-04,2020-08-30,118,,,11689.0,85.0,False,0.0036436133644988304,,0,,,,,,122.34482758620689,1.6206896551724137,,,,,66.0,0.42857142857142855,0.00045979036685845747,0.21809389734652831,,,,,,,,,,,
189,TLS,Timor-Leste,0,1293119.0,,2020-04-17,,,,,,,,,,,,,30.0,0.0,False,,,0,,,,,,,,,,,,,,,,,,,,,,,,,,
190,TTO,Trinidad and Tobago,2,1394973.0,2020-08-24,2020-03-18,2020-03-26,2020-04-02,2020-08-16,123.42857142857143,,2020-09-15,,2020-03-26,2020-11-11,230,,,6135.0,113.0,True,0.017917962387087222,,0,,0.4861720345818388,1.8440596044110912e-18,0.5950266679427928,1.814029699622519e-30,86.03225806451613,1.4516129032258065,428.0967741935484,,,,110.0,2.5714285714285716,0.018433536501628142,0.8848097520781509,,,,,,,,,,,
191,TUN,Tunisia,1,11694719.0,2020-05-03,2020-03-22,2020-03-21,2020-03-26,2020-04-02,,,,,2020-03-21,2020-11-18,,,,81723.0,2445.0,True,,,1,,0.257164445850056,1.829328350102332e-07,0.24862125069958202,5.105379911307094e-07,309.2258064516129,3.3225806451612905,2842.8709677419356,,,,,,,,,,,,,,,,,,
192,TUR,Turkey,3,83429615.0,2020-03-23,2020-03-21,2020-03-19,2020-03-21,2020-03-22,4558.714285714285,,2020-04-17,,2020-03-18,2020-06-07,81,2020-06-07,2020-11-18,421413.0,11704.0,True,0.027580544421260712,,3,,0.3353620816937144,5.6420294018388693e-14,0.24870008063618032,2.3026711336804998e-08,3737.2,85.8,24328.133333333335,2268.483870967742,75.93548387096774,129524.70967741935,4669.0,105.0,0.012585459012366292,0.5464143980185316,,,2020-04-23,,2020-08-13,2020-03-18,,,164.0,,
193,TWN,Taiwan,0,,,,2020-02-17,2020-03-30,,,,,,,,,,,607.0,7.0,True,,,0,,0.11981069959445832,0.02448541716330435,0.29108112898977834,2.1717737129575028e-11,,,,,,,,,,,,,,,,,,,,,
194,TZA,Tanzania,0,58005463.0,,2020-04-25,2020-03-29,2020-04-18,2020-04-23,,,,,,,,,,509.0,21.0,False,,,0,,,,,,,,,,,,,,,,,,,,,,,,,,
195,UGA,Uganda,1,44269594.0,2020-07-10,2020-05-17,2020-07-25,2020-08-04,2020-08-14,,,,,2020-07-25,2020-11-18,,,,16563.0,150.0,True,,,0,,0.3217540564686057,1.3999301832629216e-09,0.11099836152837833,0.055451701968042735,170.06451612903226,1.5483870967741935,2258.967741935484,,,,,,,,,,,,,,,,,,
196,UKR,Ukraine,1,44385155.0,2020-04-04,2020-03-29,2020-03-19,2020-03-27,2020-03-31,,,,,2020-03-19,2020-11-18,,,,557657.0,9856.0,True,,,1,,0.5728760468568146,6.133313607923099e-39,0.7342472222511182,6.227452379952126e-58,8130.580645161291,134.83870967741936,38715.967741935485,,,,,,,,,,,,,,,,,,
197,URY,Uruguay,1,3461734.0,2020-07-16,2020-03-17,2020-03-30,2020-04-05,2020-04-20,,,,,2020-03-30,2020-11-18,,,,4208.0,68.0,True,,,0,,0.10137763929158516,0.06291114213997079,0.47545160091124006,8.658352903820185e-26,50.96774193548387,0.45161290322580644,3015.5806451612902,,,,,,,,,,,,,,,,,,
198,USA,United States,1,328239523.0,2020-03-11,2020-03-13,2020-03-01,2020-03-03,2020-03-05,,,,,2020-03-01,2020-11-18,,,,11359802.0,248687.0,True,,,2,,0.4000362630434233,1.9129063800352233e-24,0.6532690763052209,2.0358901660919925e-53,83772.09677419355,861.7741935483871,1151575.3548387096,,,,,,,,,,2020-04-22,,2020-06-22,2020-02-29,,,,,
199,UZB,Uzbekistan,2,33580650.0,2020-04-15,2020-04-01,2020-03-29,2020-04-19,2020-05-04,750.1428571428571,,2020-08-07,,2020-03-22,2020-09-05,167,,,70648.0,599.0,False,0.010390734928022513,,1,,,,,,579.7096774193549,4.451612903225806,,,,,338.0,6.0,0.0017867432583943432,0.22338544880544514,,,,,,,,,,,
200,VAT,Vatican City,0,,,,,,,,,,,,,,,,26.0,0.0,False,,,0,,,,,,,,,,,,,,,,,,,,,,,,,,
201,VCT,Saint Vincent and the Grenadines,0,110589.0,,2020-03-13,,,,,,,,,,,,,83.0,0.0,False,,,0,,,,,,,,,,,,,,,,,,,,,,,,,,
202,VEN,Venezuela,2,28515829.0,2020-05-25,2020-04-02,2020-03-27,2020-04-05,2020-04-22,1285.2857142857142,,2020-08-18,,2020-03-27,2020-08-27,153,,,98050.0,858.0,False,0.012057517323187756,,2,,,,,,752.2258064516129,5.741935483870968,,,,,342.0,9.285714285714286,0.003256336782533759,0.4507271081916343,,,2020-08-16,,2020-11-14,2020-03-27,,,,,
203,VGB,British Virgin Islands,0,30030.0,,2020-03-27,2020-04-20,,,,,,,,,,,,72.0,1.0,False,,,0,,,,,,,,,,,,,,,,,,,,,,,,,,
204,VIR,"Virgin Islands, U.S.",0,106631.0,2020-08-26,2020-03-24,2020-04-06,2020-05-12,2020-08-21,,,,,,,,,,1450.0,23.0,False,,,0,,,,,,,,,,,,,,,,,,,,,,,,,,
205,VNM,Vietnam,0,96462106.0,2020-08-21,2020-07-31,2020-08-01,2020-08-02,2020-08-07,,,,,,,,,,1288.0,35.0,True,,,0,,0.16898984917065507,0.0009107985751657299,0.18192569628096752,0.002575245577585352,,,,,,,,,,,,,,,,,,,,,
206,XKO,Kosovo,3,,2020-05-21,,2020-03-23,2020-04-08,2020-04-17,268.85714285714283,,2020-08-03,,2020-03-23,2020-10-06,197,2020-10-06,2020-11-18,30495.0,849.0,False,0.043532904682974806,,3,,,,,,185.0,6.258064516129032,,438.83870967741933,6.32258064516129,,629.0,11.428571428571429,,,,,2020-08-06,,2020-10-06,2020-03-23,,,43.0,,
207,YEM,Yemen,0,29161922.0,2020-06-25,2020-05-20,2020-05-01,2020-05-07,2020-05-13,,,,,,,,,,2072.0,604.0,False,,,2,,,,,,,,,,,,,,,,,,2020-06-18,,2020-07-12,2020-04-30,,,,,
208,ZAF,South Africa,2,58558270.0,2020-03-28,2020-03-24,2020-03-27,2020-04-01,2020-04-06,12583.714285714286,,2020-07-20,,2020-03-12,2020-10-02,204,,,754256.0,20433.0,True,0.027631950456602758,,2,,0.6917878027742667,3.5858636033951434e-56,0.8035917071918945,9.677184459375331e-82,8923.0,103.29032258064517,38625.74193548387,,,,16866.0,136.28571428571428,0.023273521278158366,2.1489217980166226,,,2020-08-11,,2020-10-06,2020-03-26,,,,,
209,ZMB,Zambia,2,17861030.0,2020-05-28,2020-04-29,2020-04-03,2020-05-10,2020-06-09,301.0,,2020-08-01,,2020-04-03,2020-11-16,227,,,17243.0,353.0,True,0.0204850621013763,,4,,0.08509983471014596,0.10764378439190997,0.25899854342054013,7.156254536209689e-09,139.70967741935485,3.903225806451613,839.0322580645161,,,,352.0,3.0,0.0016796343771887734,0.16852331584460695,,,2020-07-21,2020-08-12,2020-07-30,2020-04-03,2020-10-01,2020-07-30,,,
210,ZWE,Zimbabwe,2,14645468.0,2020-07-14,2020-05-28,2020-03-24,2020-06-21,2020-07-10,208.57142857142858,,2020-08-06,,2020-03-24,2020-10-03,193,,,8945.0,260.0,True,0.02954271741907229,,2,,0.35364283640890315,2.1524262129791012e-11,0.46528264718818085,8.746581952376971e-21,116.29032258064517,2.4193548387096775,1039.4193548387098,,,,227.0,6.142857142857143,0.004194374084090138,0.14241363169236285,,,2020-09-01,,2020-09-19,2020-03-24,,,,,
