,class,country,countrycode,dead_during_wave,population,si_integral_during_wave,t0_10_dead,tests_during_wave,wave,wave_end,wave_start
0,3.0,Aruba,ABW,41.0,106314.0,6702.844999999998,2020-09-01,,1.0,2020-11-19,2020-07-15
1,3.0,Aruba,ABW,41.0,106314.0,5927.31,2021-01-26,,2.0,2021-04-01,2020-11-19
2,4.0,Afghanistan,AFG,1462.0,38041754.0,13669.86,2020-04-07,,1.0,2020-10-02,2020-01-09
3,4.0,Afghanistan,AFG,984.0,38041754.0,1950.4199999999996,2020-10-07,,2.0,2021-03-04,2020-10-02
4,2.0,Angola,AGO,497.0,31825295.0,22073.005,2020-06-24,,1.0,2021-02-22,2020-04-19
5,1.0,Albania,ALB,2225.0,2854191.0,23819.754999999997,2020-03-30,535178.0,1.0,2021-04-01,2020-03-30
6,2.0,Andorra,AND,98.0,77142.0,16647.755000000005,2020-03-31,,1.0,2021-03-01,2020-03-31
7,3.0,United Arab Emirates,ARE,357.0,9770529.0,10416.230000000003,2020-04-05,5559636.692307692,1.0,2020-08-10,2020-01-09
8,3.0,United Arab Emirates,ARE,1140.0,9770529.0,11838.79,2020-08-20,,2.0,2021-04-01,2020-08-10
9,1.0,Argentina,ARG,55724.0,44938712.0,31373.84,2020-03-28,,1.0,2021-04-01,2020-03-28
10,5.0,Armenia,ARM,876.0,2957731.0,,2020-04-10,206871.95890410958,1.0,2020-09-01,2020-01-09
11,5.0,Armenia,ARM,2231.0,2957731.0,,2020-09-04,449394.0,2.0,2021-02-04,2020-09-01
12,5.0,Armenia,ARM,426.0,2957731.0,,2021-02-07,,3.0,2021-04-01,2021-02-04
13,4.0,Australia,AUS,102.0,25364307.0,6306.344999999998,2020-03-27,,1.0,2020-06-11,2020-02-17
14,4.0,Australia,AUS,807.0,25364307.0,16873.625,2020-07-17,12529321.0,2.0,2021-02-25,2020-06-11
15,4.0,Austria,AUT,677.0,8877067.0,6645.720000000002,2020-03-23,,1.0,2020-06-15,2020-01-09
16,4.0,Austria,AUT,7336.0,8877067.0,13785.204999999998,2020-06-18,10677781.0,2.0,2021-02-11,2020-06-15
17,5.0,Azerbaijan,AZE,593.0,10023318.0,17671.119999999995,2020-04-12,,1.0,2020-10-03,2020-01-09
18,5.0,Azerbaijan,AZE,2577.0,10023318.0,9795.954999999998,2020-10-10,,2.0,2021-02-13,2020-10-03
19,5.0,Azerbaijan,AZE,397.0,10023318.0,3234.65,2021-02-16,,3.0,2021-04-01,2021-02-13
20,6.0,Belgium,BEL,9646.0,11484055.0,8185.985000000002,2020-03-15,1289367.1379310344,1.0,2020-07-01,2020-02-20
21,6.0,Belgium,BEL,254.0,11484055.0,3211.49,2020-07-05,972790.0,2.0,2020-08-28,2020-07-01
22,6.0,Belgium,BEL,9929.0,11484055.0,7261.325000000001,2020-08-30,4750540.0,3.0,2021-01-03,2020-08-28
23,4.0,Benin,BEN,21.0,11801151.0,6092.189999999999,2020-06-19,,1.0,2020-07-07,2020-03-16
24,4.0,Benin,BEN,69.0,11801151.0,10404.635000000002,2020-07-18,,2.0,2021-03-31,2020-07-07
25,2.0,Burkina Faso,BFA,146.0,20321378.0,14813.49,2020-03-30,,1.0,2021-04-01,2020-01-09
26,3.0,Bangladesh,BGD,8349.0,163046161.0,28390.590000000004,2020-04-07,3955836.2,1.0,2021-02-22,2020-01-09
27,3.0,Bangladesh,BGD,697.0,163046161.0,3084.535,2021-02-24,,2.0,2021-04-01,2021-02-22
28,3.0,Bulgaria,BGR,8741.0,6975761.0,15923.32,2020-04-02,,1.0,2021-01-22,2020-01-09
29,3.0,Bulgaria,BGR,4456.0,6975761.0,3762.7900000000004,2021-01-23,,2.0,2021-04-01,2021-01-22
30,3.0,Bahrain,BHR,338.0,1641172.0,18163.525,2020-05-14,,1.0,2020-11-23,2020-01-09
31,3.0,Bahrain,BHR,183.0,1641172.0,7017.765000000001,2020-12-13,,2.0,2021-04-01,2020-11-23
32,2.0,Bahamas,BHS,164.0,389482.0,20495.48,2020-04-25,,1.0,2021-01-18,2020-04-25
33,3.0,Bosnia and Herzegovina,BIH,4791.0,3301000.0,19311.615000000005,2020-03-31,,1.0,2021-02-07,2020-01-09
34,3.0,Bosnia and Herzegovina,BIH,1808.0,3301000.0,2257.270000000001,2021-02-09,,2.0,2021-04-01,2021-02-07
35,3.0,Belarus,BLR,613.0,9466856.0,2466.095000000001,2020-04-07,,1.0,2020-08-18,2020-01-09
36,3.0,Belarus,BLR,1634.0,9466856.0,5172.555,2020-08-21,,2.0,2021-04-01,2020-08-18
37,2.0,Belize,BLZ,315.0,390353.0,17192.675000000003,2020-08-26,,1.0,2021-03-31,2020-08-02
38,4.0,Bolivia,BOL,8939.0,11513100.0,22881.76,2020-04-05,358588.25,1.0,2020-11-28,2020-01-09
39,4.0,Bolivia,BOL,3300.0,11513100.0,3959.1299999999997,2020-11-30,,2.0,2021-04-01,2020-11-28
40,1.0,Brazil,BRA,317635.0,211049527.0,26512.744999999995,2020-03-21,,1.0,2021-04-01,2020-03-21
41,2.0,Barbados,BRB,34.0,287025.0,13338.98,2021-01-26,,1.0,2021-03-29,2020-07-06
42,2.0,Central African Republic,CAF,62.0,4745185.0,13224.199999999999,2020-06-17,,1.0,2020-11-06,2020-03-22
43,4.0,Canada,CAN,8522.0,37589262.0,7726.29,2020-03-21,2894463.75,1.0,2020-06-30,2020-02-15
44,4.0,Canada,CAN,12789.0,37589262.0,15648.819999999998,2020-07-01,20383176.0,2.0,2021-02-17,2020-06-30
45,4.0,Switzerland,CHE,1721.0,8574832.0,5994.390000000002,2020-03-13,,1.0,2020-06-06,2020-01-09
46,4.0,Switzerland,CHE,7742.0,8574832.0,12581.785,2020-07-02,4469728.0,2.0,2021-02-21,2020-06-06
47,3.0,Chile,CHL,15069.0,18952038.0,20007.214999999997,2020-04-01,,1.0,2020-11-23,2020-01-09
48,3.0,Chile,CHL,8066.0,18952038.0,10094.779999999999,2020-11-24,,2.0,2021-04-01,2020-11-23
49,2.0,China,CHN,4645.0,1397715000.0,9271.749999999996,2020-01-22,,1.0,2020-05-29,2020-01-09
50,3.0,Côte d'Ivoire,CIV,127.0,25716544.0,12957.95,2020-04-21,,1.0,2020-11-12,2020-03-11
51,3.0,Côte d'Ivoire,CIV,117.0,25716544.0,3052.3850000000007,2020-12-29,,2.0,2021-04-01,2020-11-12
52,1.0,Democratic Republic of the Congo,COD,732.0,86790567.0,18133.41,2020-04-02,,1.0,2021-04-01,2020-04-02
53,2.0,Colombia,COL,60676.0,50339443.0,28635.17,2020-03-31,,1.0,2021-03-11,2020-01-09
54,2.0,Comoros,COM,139.0,850886.0,0.0,2021-01-03,,1.0,2021-03-17,2020-09-25
55,3.0,Cape Verde,CPV,104.0,549935.0,18184.754999999997,2020-06-27,,1.0,2020-12-10,2020-04-05
56,3.0,Cape Verde,CPV,63.0,549935.0,6673.48,2021-01-12,,2.0,2021-04-01,2020-12-10
57,2.0,Costa Rica,CRI,2833.0,5047561.0,23886.53,2020-05-18,600021.8095238095,1.0,2021-03-07,2020-01-09
58,1.0,Cuba,CUB,413.0,11333483.0,27328.57,2020-04-08,2994453.0,1.0,2021-04-01,2020-04-08
59,3.0,Cyprus,CYP,220.0,1198575.0,23043.420000000002,2020-04-10,,1.0,2021-02-14,2020-01-09
60,3.0,Cyprus,CYP,36.0,1198575.0,3469.5700000000015,2021-02-23,,2.0,2021-04-01,2021-02-14
61,5.0,Czech Republic,CZE,290.0,10669709.0,5184.394999999999,2020-03-29,,1.0,2020-05-14,2020-01-09
62,5.0,Czech Republic,CZE,8525.0,10669709.0,9715.794999999998,2020-05-20,,2.0,2020-12-06,2020-05-14
63,5.0,Czech Republic,CZE,17771.0,10669709.0,8745.809999999998,2020-12-07,,3.0,2021-04-01,2020-12-06
64,4.0,Germany,DEU,9071.0,83132799.0,8601.95,2020-03-16,,1.0,2020-07-15,2020-02-22
65,4.0,Germany,DEU,58135.0,83132799.0,14317.68,2020-07-17,,2.0,2021-02-19,2020-07-15
66,5.0,Djibouti,DJI,3.0,973560.0,4654.409999999998,2020-05-22,,1.0,2020-05-09,2020-03-17
67,5.0,Djibouti,DJI,57.0,973560.0,6538.614999999998,2020-05-26,,2.0,2020-08-29,2020-05-09
68,5.0,Djibouti,DJI,10.0,973560.0,8899.785,2021-04-01,,3.0,2021-04-01,2020-08-29
69,4.0,Denmark,DNK,609.0,5818553.0,7906.104999999999,2020-03-22,1181542.8,1.0,2020-07-08,2020-01-09
70,4.0,Denmark,DNK,1692.0,5818553.0,11813.67,2020-08-11,14153541.0,2.0,2021-02-16,2020-07-08
71,6.0,Dominican Republic,DOM,2212.0,10738958.0,18596.48,2020-03-26,567501.4615384615,1.0,2020-10-24,2020-03-05
72,6.0,Dominican Republic,DOM,2212.0,10738958.0,18552.04,2020-03-26,,2.0,2020-10-24,2020-03-09
73,6.0,Dominican Republic,DOM,1113.0,10738958.0,10879.84,2020-10-26,,3.0,2021-04-01,2020-10-24
74,6.0,Algeria,DZA,1818.0,43053054.0,16375.475000000002,2020-03-20,,1.0,2020-10-15,2020-01-09
75,6.0,Algeria,DZA,1035.0,43053054.0,8519.695,2020-08-05,,2.0,2020-11-22,2020-08-02
76,6.0,Algeria,DZA,1275.0,43053054.0,12238.695,2020-10-16,,3.0,2021-04-01,2020-10-15
77,7.0,Ecuador,ECU,3358.0,17373662.0,7500.165,2020-04-02,72715.94736842105,1.0,2020-06-02,2020-01-09
78,7.0,Ecuador,ECU,3261.0,17373662.0,7310.839999999998,2020-06-03,192871.0,2.0,2020-09-03,2020-06-02
79,7.0,Ecuador,ECU,7373.0,17373662.0,6494.439999999997,2020-09-04,424773.0,3.0,2020-12-28,2020-09-03
80,3.0,Egypt,EGY,6029.0,100388073.0,14545.470000000001,2020-03-22,,1.0,2020-10-10,2020-01-09
81,3.0,Egypt,EGY,5966.0,100388073.0,10399.875,2020-10-11,,2.0,2021-04-01,2020-10-10
82,1.0,Eritrea,ERI,-25.0,3213972.0,681.52,2021-03-24,,1.0,2021-04-01,2021-03-24
83,6.0,Spain,ESP,29642.0,47076781.0,7923.554999999999,2020-03-09,,1.0,2020-06-21,2020-02-21
84,6.0,Spain,ESP,20734.0,47076781.0,10904.939999999999,2020-06-22,,2.0,2020-12-11,2020-06-21
85,6.0,Spain,ESP,24948.0,47076781.0,6607.125,2020-12-12,,3.0,2021-03-13,2020-12-11
86,3.0,Estonia,EST,63.0,1326590.0,6946.344999999998,2020-04-03,133791.64705882352,1.0,2020-07-17,2020-01-09
87,3.0,Estonia,EST,845.0,1326590.0,10821.04,2020-10-24,,2.0,2021-04-01,2020-07-17
88,3.0,Ethiopia,ETH,1923.0,112078730.0,20769.335000000003,2020-06-01,1811548.2278481012,1.0,2021-01-02,2020-01-09
89,3.0,Ethiopia,ETH,942.0,112078730.0,3872.6949999999997,2021-01-03,,2.0,2021-04-01,2021-01-02
90,5.0,Finland,FIN,328.0,5520314.0,7077.290000000001,2020-03-30,320568.1964285714,1.0,2020-07-17,2020-02-15
91,5.0,Finland,FIN,248.0,5520314.0,6757.69,2020-09-15,2240206.0,2.0,2021-01-06,2020-07-17
92,5.0,Finland,FIN,268.0,5520314.0,4479.710000000003,2021-01-09,,3.0,2021-04-01,2021-01-06
93,5.0,France,FRA,29699.0,67059887.0,9160.385000000002,2020-03-08,,1.0,2020-06-29,2020-02-24
94,5.0,France,FRA,24704.0,67059887.0,8731.565,2020-06-30,,2.0,2020-12-05,2020-06-29
95,5.0,France,FRA,40658.0,67059887.0,7576.630000000002,2020-12-06,,3.0,2021-04-01,2020-12-05
96,5.0,Gabon,GAB,46.0,2172579.0,10346.349999999999,2020-05-15,,1.0,2020-07-16,2020-01-09
97,5.0,Gabon,GAB,12.0,2172579.0,9545.0,2020-11-10,,2.0,2020-11-19,2020-07-16
98,5.0,Gabon,GAB,60.0,2172579.0,8736.530000000002,2021-01-28,,3.0,2021-04-01,2020-11-19
99,4.0,United Kingdom,GBR,40632.0,66834405.0,8676.005,2020-03-14,,1.0,2020-07-06,2020-02-21
100,4.0,United Kingdom,GBR,86081.0,66834405.0,19736.77,2020-07-07,,2.0,2021-04-01,2020-07-06
101,2.0,Georgia,GEO,3601.0,3720382.0,27170.335,2020-05-09,,1.0,2021-03-09,2020-01-09
102,4.0,Ghana,GHA,303.0,30417856.0,11857.55,2020-04-25,498850.925,1.0,2020-10-08,2020-01-09
103,4.0,Ghana,GHA,440.0,30417856.0,7252.419999999998,2020-10-24,,2.0,2021-04-01,2020-10-08
104,2.0,Gibraltar,GIB,94.0,33701.0,1718.0449999999998,2021-01-07,,1.0,2021-03-26,2020-07-23
105,3.0,Guinea,GIN,81.0,12771246.0,18524.239999999998,2020-05-06,,1.0,2021-01-02,2020-01-09
106,3.0,Guinea,GIN,44.0,12771246.0,4701.025,2021-03-03,,2.0,2021-04-01,2021-01-02
107,2.0,Gambia,GMB,122.0,2347706.0,11971.84,2020-08-05,27765.0,1.0,2020-12-27,2020-06-16
108,2.0,Guinea-Bissau,GNB,26.0,1920922.0,,2020-06-06,,1.0,2020-07-28,2020-01-09
109,5.0,Greece,GRC,179.0,10716322.0,6670.825,2020-03-22,,1.0,2020-06-04,2020-01-09
110,5.0,Greece,GRC,5419.0,10716322.0,14686.704999999998,2020-06-20,3767698.0,2.0,2021-01-23,2020-06-04
111,5.0,Greece,GRC,2495.0,10716322.0,5740.75,2021-01-24,,3.0,2021-04-01,2021-01-23
112,2.0,Guatemala,GTM,4768.0,16604026.0,23257.424999999996,2020-04-24,598978.8666666667,1.0,2020-12-28,2020-01-09
113,2.0,Guam,GUM,131.0,167294.0,22969.065000000002,2020-08-28,,1.0,2021-03-02,2020-03-16
114,3.0,Guyana,GUY,163.0,782766.0,21571.97,2020-05-07,,1.0,2021-01-05,2020-03-30
115,3.0,Guyana,GUY,67.0,782766.0,5023.439999999998,2021-01-29,,2.0,2021-04-01,2021-01-05
116,3.0,Honduras,HND,2859.0,9746117.0,23187.04,2020-04-02,,1.0,2020-11-24,2020-01-09
117,3.0,Honduras,HND,1740.0,9746117.0,10715.71,2020-11-25,,2.0,2021-04-01,2020-11-24
118,5.0,Croatia,HRV,104.0,4067500.0,7493.205000000003,2020-04-05,68840.91803278688,1.0,2020-06-08,2020-01-09
119,5.0,Croatia,HRV,5295.0,4067500.0,10420.465,2020-07-09,1219563.0,2.0,2021-02-18,2020-06-08
120,5.0,Croatia,HRV,568.0,4067500.0,1866.69,2021-02-20,,3.0,2021-04-01,2021-02-18
121,4.0,Haiti,HTI,232.0,11263077.0,14129.029999999999,2020-05-06,,1.0,2020-11-03,2020-01-09
122,4.0,Haiti,HTI,19.0,11263077.0,5501.77,2021-01-23,,2.0,2021-04-01,2020-11-03
123,5.0,Hungary,HUN,572.0,9769949.0,7206.924999999999,2020-03-25,257881.2857142857,1.0,2020-06-22,2020-01-09
124,5.0,Hungary,HUN,11541.0,9769949.0,12377.975000000002,2020-06-30,2358942.0,2.0,2021-01-26,2020-06-22
125,5.0,Hungary,HUN,8882.0,9769949.0,4875.845,2021-01-27,,3.0,2021-04-01,2021-01-26
126,1.0,Indonesia,IDN,40839.0,270625568.0,24088.664999999997,2020-03-18,,1.0,2021-04-01,2020-03-18
127,2.0,Isle of Man,IMN,19.0,84584.0,,2020-04-22,,1.0,2021-04-01,2020-04-22
128,3.0,India,IND,155447.0,1366417754.0,25780.559999999998,2020-03-26,,1.0,2021-02-12,2020-02-20
129,3.0,India,IND,7480.0,1366417754.0,2892.59,2021-02-13,,2.0,2021-04-01,2021-02-12
130,6.0,Ireland,IRL,1730.0,4941444.0,8704.655000000002,2020-03-27,,1.0,2020-06-27,2020-01-09
131,6.0,Ireland,IRL,350.0,4941444.0,9826.605,2020-07-04,1591377.0,2.0,2020-12-04,2020-06-27
132,6.0,Ireland,IRL,2372.0,4941444.0,7972.630000000001,2020-12-06,1663147.0,3.0,2021-03-10,2020-12-04
133,1.0,Iran,IRN,62653.0,82913906.0,24676.765000000007,2020-02-25,,1.0,2021-04-01,2020-02-25
134,3.0,Iraq,IRQ,12984.0,39309783.0,24861.850000000002,2020-03-17,,1.0,2021-01-23,2020-01-09
135,3.0,Iraq,IRQ,1339.0,39309783.0,4497.574999999999,2021-01-26,,2.0,2021-04-01,2021-01-23
136,4.0,Iceland,ISL,10.0,361313.0,4491.040000000001,2020-04-21,62725.0,1.0,2020-06-07,2020-02-28
137,4.0,Iceland,ISL,19.0,361313.0,11913.205000000002,2020-11-09,215091.0,2.0,2021-02-27,2020-06-07
138,6.0,Israel,ISR,281.0,9053300.0,6438.82,2020-03-28,537537.0,1.0,2020-05-23,2020-02-20
139,6.0,Israel,ISR,2431.0,9053300.0,11116.759999999998,2020-06-04,4753188.0,2.0,2020-11-13,2020-05-23
140,6.0,Israel,ISR,3482.0,9053300.0,9590.925000000001,2020-11-14,,3.0,2021-04-01,2020-11-13
141,3.0,Italy,ITA,34833.0,60297396.0,10015.855,2020-02-26,,1.0,2020-07-04,2020-02-14
142,3.0,Italy,ITA,74513.0,60297396.0,18718.485,2020-07-05,,2.0,2021-04-01,2020-07-04
143,3.0,Jamaica,JAM,303.0,2948279.0,22783.079999999998,2020-06-06,140497.97674418605,1.0,2021-01-03,2020-01-09
144,3.0,Jamaica,JAM,293.0,2948279.0,6301.949999999999,2021-01-12,,2.0,2021-04-01,2021-01-03
145,3.0,Jordan,JOR,4262.0,10101694.0,23219.425,2020-07-04,,1.0,2021-01-28,2020-01-09
146,3.0,Jordan,JOR,2596.0,10101694.0,4301.88,2021-01-30,,2.0,2021-04-01,2021-01-28
147,6.0,Japan,JPN,874.0,126264931.0,4556.380000000001,2020-03-09,264914.2727272727,1.0,2020-05-29,2020-01-09
148,6.0,Japan,JPN,666.0,126264931.0,3659.0349999999994,2020-05-30,1477080.0,2.0,2020-09-26,2020-05-29
149,6.0,Japan,JPN,6444.0,126264931.0,6751.79,2020-09-29,6165110.0,3.0,2021-03-03,2020-09-26
150,3.0,Kazakhstan,KAZ,2106.0,18513930.0,17354.019999999997,2020-04-10,3045401.3943661973,1.0,2020-10-06,2020-01-09
151,3.0,Kazakhstan,KAZ,1590.0,18513930.0,11973.705,2020-10-11,,2.0,2021-04-01,2020-10-06
152,5.0,Kenya,KEN,648.0,52573973.0,15853.509999999998,2020-04-16,518341.0,1.0,2020-09-21,2020-01-09
153,5.0,Kenya,KEN,1107.0,52573973.0,8381.335,2020-09-23,661223.388888889,2.0,2021-01-31,2020-09-21
154,5.0,Kenya,KEN,398.0,52573973.0,3112.2599999999998,2021-02-02,,3.0,2021-04-01,2021-01-31
155,4.0,Kyrgyzstan,KGZ,1063.0,6456900.0,15557.835000000001,2020-05-03,,1.0,2020-09-16,2020-01-09
156,4.0,Kyrgyzstan,KGZ,413.0,6456900.0,8764.220000000001,2020-10-08,,2.0,2021-03-11,2020-09-16
157,1.0,Cambodia,KHM,4.0,16486542.0,256.485,2021-03-28,,1.0,2021-04-01,2021-03-28
158,6.0,South Korea,KOR,255.0,51709098.0,5230.290000000003,2020-02-26,635080.947368421,1.0,2020-05-06,2020-01-09
159,6.0,South Korea,KOR,166.0,51709098.0,7573.855,2020-05-23,1689143.0,2.0,2020-10-04,2020-05-06
160,6.0,South Korea,KOR,1065.0,51709098.0,7207.689999999999,2020-10-11,3619151.666666667,3.0,2021-02-10,2020-10-04
161,5.0,Kuwait,KWT,746.0,4207083.0,18559.37,2020-04-22,,1.0,2020-10-26,2020-01-09
162,5.0,Kuwait,KWT,608.0,4207083.0,11477.759999999998,2020-05-24,613527.0,2.0,2020-10-26,2020-05-23
163,5.0,Kuwait,KWT,567.0,4207083.0,10358.115,2020-10-28,,3.0,2021-04-01,2020-10-26
164,1.0,Lebanon,LBN,6224.0,6855713.0,27563.004999999997,2020-03-29,,1.0,2021-04-01,2020-03-29
165,1.0,Libya,LBY,2657.0,6777452.0,23960.155,2020-06-16,,1.0,2021-04-01,2020-06-16
166,2.0,Saint Lucia,LCA,60.0,182790.0,,2021-01-24,,1.0,2021-04-01,2020-09-27
167,2.0,Sri Lanka,LKA,568.0,21803000.0,24181.235,2020-05-26,2443939.6666666665,1.0,2021-04-01,2020-02-21
168,2.0,Lesotho,LSO,304.0,2125268.0,15164.875000000002,2020-07-26,,1.0,2021-04-01,2020-07-26
169,2.0,Lithuania,LTU,3321.0,2786844.0,19715.19,2020-04-06,2177417.7662337665,1.0,2021-03-06,2020-03-08
170,6.0,Luxembourg,LUX,110.0,619896.0,5941.160000000002,2020-03-28,87976.98113207547,1.0,2020-06-07,2020-01-09
171,6.0,Luxembourg,LUX,14.0,619896.0,3045.48,2020-08-11,591817.0,2.0,2020-09-04,2020-06-07
172,6.0,Luxembourg,LUX,436.0,619896.0,8170.6849999999995,2020-10-21,1113798.0,3.0,2021-01-20,2020-09-04
173,2.0,Latvia,LVA,1899.0,1912789.0,20732.67,2020-04-23,1839579.7894736843,1.0,2021-04-01,2020-01-09
174,4.0,Morocco,MAR,4932.0,36471769.0,18764.609999999997,2020-03-27,3710992.0,1.0,2020-11-18,2020-03-06
175,4.0,Morocco,MAR,8645.0,36471769.0,26466.435,2020-03-27,5197544.0,2.0,2021-03-03,2020-03-06
176,3.0,Moldova,MDA,3332.0,2657637.0,20573.884999999995,2020-04-05,,1.0,2021-01-23,2020-01-09
177,3.0,Moldova,MDA,1628.0,2657637.0,4156.9349999999995,2021-01-24,,2.0,2021-04-01,2021-01-23
178,3.0,Madagascar,MDG,259.0,26969307.0,17074.050000000003,2020-06-11,,1.0,2020-12-20,2020-01-09
179,3.0,Madagascar,MDG,150.0,26969307.0,3751.670000000002,2021-01-18,,2.0,2021-04-01,2020-12-20
180,3.0,Maldives,MDV,48.0,530953.0,,2020-07-05,277685.0,1.0,2020-12-18,2020-04-10
181,3.0,Maldives,MDV,19.0,530953.0,,2021-02-15,,2.0,2021-04-01,2020-12-18
182,2.0,Mexico,MEX,202633.0,127575529.0,26597.79,2020-03-29,,1.0,2021-04-01,2020-01-09
183,5.0,Macedonia,MKD,637.0,2083459.0,,2020-04-01,,1.0,2020-09-11,2020-03-05
184,5.0,Macedonia,MKD,2148.0,2083459.0,,2020-09-14,282660.0,2.0,2021-01-25,2020-09-11
185,5.0,Macedonia,MKD,996.0,2083459.0,,2021-01-27,,3.0,2021-04-01,2021-01-25
186,2.0,Mali,MLI,342.0,19658031.0,16710.41,2020-04-15,,1.0,2021-02-19,2020-03-25
187,2.0,Malta,MLT,383.0,502653.0,12866.27,2020-08-23,696103.0,1.0,2021-04-01,2020-07-18
188,2.0,Myanmar,MMR,3206.0,54045420.0,29574.515,2020-09-09,,1.0,2021-04-01,2020-01-09
189,2.0,Montenegro,MNE,630.0,622137.0,,2020-06-27,,1.0,2020-12-23,2020-05-27
190,1.0,Mongolia,MNG,,3225167.0,,,,1.0,,
191,2.0,Mozambique,MOZ,775.0,30366036.0,22861.4,2020-07-19,480879.6590909091,1.0,2021-04-01,2020-01-09
192,4.0,Mauritania,MRT,163.0,4525696.0,12065.68,2020-05-28,88305.53333333334,1.0,2020-11-02,2020-01-09
193,4.0,Mauritania,MRT,239.0,4525696.0,3443.6549999999997,2020-12-08,91484.4,2.0,2021-01-22,2020-11-02
194,4.0,Malawi,MWI,186.0,18628747.0,15542.974999999999,2020-06-21,77988.58620689655,1.0,2020-12-12,2020-01-09
195,4.0,Malawi,MWI,931.0,18628747.0,5195.839999999998,2021-01-05,,2.0,2021-04-01,2020-12-12
196,4.0,Malaysia,MYS,121.0,31949777.0,8060.215,2020-03-22,808990.0,1.0,2020-07-06,2020-02-25
197,4.0,Malaysia,MYS,1151.0,31949777.0,17767.325,2020-09-24,,2.0,2021-04-01,2020-07-06
198,1.0,Niger,NER,177.0,23310715.0,10511.325,2020-04-07,,1.0,2021-04-01,2020-04-07
199,4.0,Nigeria,NGA,1130.0,200963599.0,15803.33,2020-04-12,,1.0,2020-10-26,2020-03-16
200,4.0,Nigeria,NGA,927.0,200963599.0,8435.149999999998,2020-10-30,,2.0,2021-04-01,2020-10-26
201,4.0,Nicaragua,NIC,73.0,6545502.0,1777.2900000000002,2020-05-21,,1.0,2020-06-28,2020-03-28
202,4.0,Nicaragua,NIC,90.0,6545502.0,2412.185,2020-07-09,,2.0,2020-12-29,2020-06-28
203,4.0,Netherlands,NLD,6111.0,17332850.0,8243.935,2020-03-15,,1.0,2020-07-11,2020-01-09
204,4.0,Netherlands,NLD,8693.0,17332850.0,13293.425,2020-07-15,,2.0,2021-02-15,2020-07-11
205,5.0,Norway,NOR,255.0,5347896.0,8094.319999999998,2020-03-25,,1.0,2020-07-21,2020-01-09
206,5.0,Norway,NOR,337.0,5347896.0,10090.394999999997,2020-09-11,3181038.0,2.0,2021-02-13,2020-07-21
207,5.0,Norway,NOR,81.0,5347896.0,3304.389999999999,2021-02-18,,3.0,2021-04-01,2021-02-13
208,4.0,Nepal,NPL,39.0,28608710.0,11562.900000000001,2020-06-05,303588.0,1.0,2020-07-16,2020-02-26
209,4.0,Nepal,NPL,2975.0,28608710.0,15753.140000000001,2020-07-29,1917702.0,2.0,2021-03-16,2020-07-16
210,2.0,New Zealand,NZL,22.0,4917000.0,6942.41,2020-04-17,288692.16949152545,1.0,2020-06-06,2020-01-09
211,5.0,Oman,OMN,609.0,4974986.0,15083.315000000002,2020-04-25,,1.0,2020-08-24,2020-01-09
212,5.0,Oman,OMN,888.0,4974986.0,7610.764999999999,2020-08-25,,2.0,2020-12-31,2020-08-24
213,5.0,Oman,OMN,181.0,4974986.0,4819.910000000002,2021-01-11,,3.0,2021-04-01,2020-12-31
214,3.0,Pakistan,PAK,6328.0,216565318.0,13259.225,2020-03-29,2684205.8260869565,1.0,2020-09-03,2020-01-09
215,3.0,Pakistan,PAK,8106.0,216565318.0,11654.925000000003,2020-09-05,,2.0,2021-04-01,2020-09-03
216,2.0,Panama,PAN,6018.0,4246439.0,29194.255,2020-03-29,2054723.6417910447,1.0,2021-03-19,2020-01-09
217,3.0,Peru,PER,37621.0,32510453.0,24496.015,2020-03-29,1752372.6666666667,1.0,2021-01-01,2020-01-09
218,3.0,Peru,PER,14180.0,32510453.0,6962.830000000002,2021-01-02,,2.0,2021-04-01,2021-01-01
219,3.0,Philippines,PHL,9252.0,108116615.0,23741.305,2020-03-15,,1.0,2021-01-03,2020-02-24
220,3.0,Philippines,PHL,4044.0,108116615.0,5849.105,2021-01-05,,2.0,2021-04-01,2021-01-03
221,1.0,Papua New Guinea,PNG,50.0,8776109.0,2777.225,2021-02-12,,1.0,2021-04-01,2021-02-12
222,5.0,Poland,POL,678.0,37970874.0,4289.905,2020-03-25,,1.0,2020-05-04,2020-01-09
223,5.0,Poland,POL,38682.0,37970874.0,16006.364999999998,2020-05-05,8337881.0,2.0,2021-02-09,2020-05-04
224,5.0,Poland,POL,14305.0,37970874.0,3741.749999999999,2021-02-10,,3.0,2021-04-01,2021-02-09
225,6.0,Puerto Rico,PRI,54.0,3193694.0,4303.765000000001,2020-04-02,,1.0,2020-04-29,2020-03-13
226,6.0,Puerto Rico,PRI,594.0,3193694.0,3896.7599999999993,2020-11-02,,2.0,2020-12-24,2020-10-30
227,6.0,Puerto Rico,PRI,1193.0,3193694.0,8330.070000000002,2020-11-02,,3.0,2021-02-25,2020-10-30
228,4.0,Portugal,PRT,1743.0,10269417.0,11412.539999999997,2020-03-22,1746106.8813559322,1.0,2020-08-07,2020-01-09
229,4.0,Portugal,PRT,15094.0,10269417.0,15894.829999999998,2020-08-10,7299115.0,2.0,2021-03-29,2020-08-07
230,1.0,Paraguay,PRY,4151.0,7044636.0,23017.225000000006,2020-05-02,897337.0,1.0,2021-04-01,2020-05-02
231,3.0,Palestina,PSE,1967.0,4685306.0,25677.039999999997,2020-07-01,,1.0,2021-01-26,2020-01-09
232,3.0,Palestina,PSE,914.0,4685306.0,5094.845,2021-01-27,,2.0,2021-04-01,2021-01-26
233,2.0,French Polynesia,PYF,141.0,279287.0,,2020-10-08,,1.0,2021-03-30,2020-07-20
234,3.0,Qatar,QAT,244.0,2832067.0,21926.92,2020-04-23,,1.0,2020-12-26,2020-01-09
235,3.0,Qatar,QAT,47.0,2832067.0,5828.3150000000005,2021-02-12,,2.0,2021-04-01,2020-12-26
236,4.0,Romania,ROU,1288.0,19356544.0,7142.790000000001,2020-03-25,,1.0,2020-06-04,2020-01-09
237,4.0,Romania,ROU,18300.0,19356544.0,14818.240000000002,2020-06-05,5331821.0,2.0,2021-02-18,2020-06-04
238,1.0,Russia,RUS,99216.0,144373535.0,21051.914999999997,2020-03-31,,1.0,2021-04-01,2020-03-31
239,4.0,Rwanda,RWA,31.0,12626950.0,17163.56,2020-08-19,,1.0,2020-10-12,2020-01-09
240,4.0,Rwanda,RWA,245.0,12626950.0,9865.55,2020-11-12,552381.0,2.0,2021-03-17,2020-10-12
241,3.0,Saudi Arabia,SAU,6282.0,34268528.0,20908.809999999998,2020-03-31,11362677.728813559,1.0,2021-01-09,2020-01-09
242,3.0,Saudi Arabia,SAU,387.0,34268528.0,4236.58,2021-01-12,,2.0,2021-04-01,2021-01-09
243,4.0,Sudan,SDN,836.0,42813238.0,15984.149999999998,2020-04-19,,1.0,2020-10-09,2020-01-09
244,4.0,Sudan,SDN,1028.0,42813238.0,3824.9950000000003,2020-11-05,,2.0,2021-02-19,2020-10-09
245,4.0,Senegal,SEN,326.0,16296364.0,12631.07,2020-05-05,221815.0,1.0,2020-11-08,2020-03-11
246,4.0,Senegal,SEN,725.0,16296364.0,5967.295,2020-12-05,,2.0,2021-04-01,2020-11-08
247,2.0,Singapore,SGP,28.0,5703569.0,15603.214999999998,2020-04-15,,1.0,2020-11-21,2020-01-09
248,1.0,Sierra Leone,SLE,68.0,7813215.0,14294.93,2020-05-06,,1.0,2021-04-01,2020-05-06
249,4.0,El Salvador,SLV,796.0,6453553.0,17785.29,2020-05-02,354849.87096774194,1.0,2020-09-17,2020-01-09
250,4.0,El Salvador,SLV,1214.0,6453553.0,9594.530000000002,2020-09-20,,2.0,2021-04-01,2020-09-17
251,1.0,Somalia,SOM,515.0,15442905.0,12656.07,2020-04-22,,1.0,2021-04-01,2020-04-22
252,6.0,Serbia,SRB,245.0,6944975.0,7176.470000000002,2020-03-29,257239.27272727274,1.0,2020-06-03,2020-01-09
253,6.0,Serbia,SRB,486.0,6944975.0,4746.415000000001,2020-06-16,770816.0,2.0,2020-09-13,2020-06-03
254,6.0,Serbia,SRB,3118.0,6944975.0,7490.0650000000005,2020-09-21,1508890.0,3.0,2021-01-23,2020-09-13
255,4.0,South Sudan,SSD,47.0,11062113.0,10050.775000000001,2020-05-29,,1.0,2020-08-22,2020-04-21
256,4.0,South Sudan,SSD,61.0,11062113.0,12297.460000000001,2020-10-29,,2.0,2021-03-28,2020-08-22
257,4.0,Suriname,SUR,116.0,581372.0,16882.28,2020-06-26,,1.0,2020-12-10,2020-04-29
258,4.0,Suriname,SUR,60.0,581372.0,7432.250000000001,2021-01-09,,2.0,2021-04-01,2020-12-10
259,3.0,Slovakia,SVK,28.0,5454073.0,6736.739999999999,2020-04-20,191935.0,1.0,2020-06-09,2020-01-09
260,3.0,Slovakia,SVK,9762.0,5454073.0,16305.455,2020-09-14,,2.0,2021-04-01,2020-06-09
261,2.0,Slovenia,SVN,2021.0,2087946.0,14598.739999999998,2020-03-29,555859.0,1.0,2020-12-09,2020-03-29
262,6.0,Sweden,SWE,21.0,10285453.0,351.40999999999997,2020-03-20,,1.0,2020-03-21,2020-02-17
263,6.0,Sweden,SWE,5811.0,10285453.0,10111.380000000003,2020-03-23,,2.0,2020-09-04,2020-03-21
264,6.0,Sweden,SWE,6764.0,10285453.0,9952.26,2020-09-12,,3.0,2021-02-11,2020-09-04
265,4.0,Swaziland,SWZ,117.0,1148130.0,15920.849999999999,2020-06-29,,1.0,2020-11-03,2020-04-05
266,4.0,Swaziland,SWZ,550.0,1148130.0,9246.849999999999,2020-12-13,,2.0,2021-04-01,2020-11-03
267,3.0,Seychelles,SYC,14.0,97625.0,6418.820000000001,2021-02-18,,1.0,2021-03-11,2020-11-10
268,3.0,Seychelles,SYC,7.0,97625.0,1393.49,,,2.0,2021-04-01,2021-03-11
269,1.0,Syria,SYR,1255.0,17070135.0,13025.350000000002,2020-07-04,,1.0,2021-04-01,2020-07-04
270,1.0,Chad,TCD,154.0,15946876.0,20937.340000000004,2020-05-03,,1.0,2021-04-01,2020-05-03
271,1.0,Togo,TGO,99.0,8082366.0,17875.96,2020-05-09,264698.0,1.0,2021-04-01,2020-05-09
272,2.0,Thailand,THA,85.0,69625582.0,20078.16,2020-03-31,2855019.0,1.0,2021-03-04,2020-02-24
273,2.0,Tajikistan,TJK,91.0,9321018.0,16360.45,2020-05-08,,1.0,2021-04-01,2020-01-09
274,2.0,Trinidad and Tobago,TTO,132.0,1394973.0,16550.709999999995,2020-08-16,96929.0,1.0,2021-03-11,2020-07-15
275,2.0,Tunisia,TUN,8559.0,11694719.0,20664.3,2020-04-01,,1.0,2021-03-23,2020-04-01
276,5.0,Turkey,TUR,4669.0,83429615.0,6912.655000000003,2020-03-22,,1.0,2020-06-07,2020-01-09
277,5.0,Turkey,TUR,20541.0,83429615.0,14533.61,2020-06-08,26489903.0,2.0,2021-01-26,2020-06-07
278,5.0,Turkey,TUR,6327.0,83429615.0,4582.995000000001,2021-01-27,,3.0,2021-04-01,2021-01-26
279,2.0,Uganda,UGA,334.0,44269594.0,17242.64,2020-08-14,739912.6883116884,1.0,2021-03-18,2020-06-21
280,3.0,Ukraine,UKR,23516.0,44385155.0,21589.994999999995,2020-03-30,,1.0,2021-02-06,2020-01-09
281,3.0,Ukraine,UKR,9730.0,44385155.0,3148.2850000000003,2021-02-07,,2.0,2021-04-01,2021-02-06
282,1.0,Uruguay,URY,943.0,3461734.0,18633.25,2020-04-21,,1.0,2021-04-01,2020-04-21
283,4.0,United States,USA,106170.0,328239523.0,6337.019999999999,2020-03-05,20799932.20689655,1.0,2020-06-03,2020-01-09
284,4.0,United States,USA,433745.0,328239523.0,17807.4,2020-06-04,350504143.0,2.0,2021-03-21,2020-06-03
285,4.0,Uzbekistan,UZB,440.0,33580650.0,14591.239999999998,2020-05-04,,1.0,2020-09-22,2020-01-09
286,4.0,Uzbekistan,UZB,261.0,33580650.0,2391.6549999999997,2020-08-09,,2.0,2020-09-22,2020-08-07
287,3.0,Venezuela,VEN,1052.0,28515829.0,25640.03,2020-04-22,,1.0,2021-01-09,2020-01-09
288,3.0,Venezuela,VEN,537.0,28515829.0,7087.39,2021-01-12,,2.0,2021-04-01,2021-01-09
289,1.0,Vietnam,VNM,25.0,96462106.0,14554.219999999998,2020-08-07,696808.3333333334,1.0,2021-04-01,2020-08-07
290,1.0,Yemen,YEM,879.0,29161922.0,10501.810000000001,2020-05-12,,1.0,2021-04-01,2020-05-12
291,4.0,South Africa,ZAF,16734.0,58558270.0,15658.885,2020-04-06,4209038.857142857,1.0,2020-10-01,2020-01-09
292,4.0,South Africa,ZAF,33944.0,58558270.0,7866.109999999999,2020-10-02,5060073.0,2.0,2021-03-08,2020-10-01
293,4.0,Zambia,ZMB,356.0,17861030.0,11571.909999999996,2020-06-09,421659.0,1.0,2020-12-03,2020-04-10
294,4.0,Zambia,ZMB,851.0,17861030.0,5023.809999999999,2020-12-14,,2.0,2021-04-01,2020-12-03
295,4.0,Zimbabwe,ZWE,224.0,14645468.0,11576.07,2020-07-10,112267.0,1.0,2020-10-04,2020-05-09
296,4.0,Zimbabwe,ZWE,1295.0,14645468.0,12883.795000000002,2020-10-27,,2.0,2021-04-01,2020-10-04
