,COUNTRYCODE,COUNTRY,GOV_MAX_SI_DAYS_FROM_T0,CLASS_COARSE,POPULATION,EPI_CONFIRMED,EPI_CONFIRMED_PER_10K,EPI_DEAD,EPI_DEAD_PER_10K,T0_POP,T0_1_DEAD,T0_5_DEAD,T0_10_DEAD,EPI_DURATION_FIRST_WAVE,MAX_SI,DEAD_FIRST_WAVE,DEAD_SECOND_WAVE,DEAD_PEAK_1,DEAD_PEAK_2,C1_SCHOOL_CLOSING_AT_T0,C2_WORKPLACE_CLOSING_AT_T0,C3_CANCEL_PUBLIC_EVENTS_AT_T0,C4_RESTRICTIONS_ON_GATHERINGS_AT_T0,C5_CLOSE_PUBLIC_TRANSPORT_AT_T0,C6_STAY_AT_HOME_REQUIREMENTS_AT_T0,C7_RESTRICTIONS_ON_INTERNAL_MOVEMENT_AT_T0,C8_INTERNATIONAL_TRAVEL_CONTROLS_AT_T0,H2_TESTING_POLICY_AT_T0,H3_CONTACT_TRACING_AT_T0,SI_AT_T0,C1_SCHOOL_CLOSING_AT_PEAK_1,C2_WORKPLACE_CLOSING_AT_PEAK_1,C3_CANCEL_PUBLIC_EVENTS_AT_PEAK_1,C4_RESTRICTIONS_ON_GATHERINGS_AT_PEAK_1,C5_CLOSE_PUBLIC_TRANSPORT_AT_PEAK_1,C6_STAY_AT_HOME_REQUIREMENTS_AT_PEAK_1,C7_RESTRICTIONS_ON_INTERNAL_MOVEMENT_AT_PEAK_1,C8_INTERNATIONAL_TRAVEL_CONTROLS_AT_PEAK_1,H2_TESTING_POLICY_AT_PEAK_1,H3_CONTACT_TRACING_AT_PEAK_1,SI_AT_PEAK_1,C1_SCHOOL_CLOSING_DAYS_TO_THRESHOLD,C2_WORKPLACE_CLOSING_DAYS_TO_THRESHOLD,C3_CANCEL_PUBLIC_EVENTS_DAYS_TO_THRESHOLD,C4_RESTRICTIONS_ON_GATHERINGS_DAYS_TO_THRESHOLD,C5_CLOSE_PUBLIC_TRANSPORT_DAYS_TO_THRESHOLD,C6_STAY_AT_HOME_REQUIREMENTS_DAYS_TO_THRESHOLD,C7_RESTRICTIONS_ON_INTERNAL_MOVEMENT_DAYS_TO_THRESHOLD,C8_INTERNATIONAL_TRAVEL_CONTROLS_DAYS_TO_THRESHOLD,H2_TESTING_POLICY_DAYS_TO_THRESHOLD,H3_CONTACT_TRACING_DAYS_TO_THRESHOLD,SI_DAYS_TO_THRESHOLD,C1_SCHOOL_CLOSING_DAYS_ABOVE_THRESHOLD_FIRST_WAVE,C2_WORKPLACE_CLOSING_DAYS_ABOVE_THRESHOLD_FIRST_WAVE,C3_CANCEL_PUBLIC_EVENTS_DAYS_ABOVE_THRESHOLD_FIRST_WAVE,C4_RESTRICTIONS_ON_GATHERINGS_DAYS_ABOVE_THRESHOLD_FIRST_WAVE,C5_CLOSE_PUBLIC_TRANSPORT_DAYS_ABOVE_THRESHOLD_FIRST_WAVE,C6_STAY_AT_HOME_REQUIREMENTS_DAYS_ABOVE_THRESHOLD_FIRST_WAVE,C7_RESTRICTIONS_ON_INTERNAL_MOVEMENT_DAYS_ABOVE_THRESHOLD_FIRST_WAVE,C8_INTERNATIONAL_TRAVEL_CONTROLS_DAYS_ABOVE_THRESHOLD_FIRST_WAVE,H2_TESTING_POLICY_DAYS_ABOVE_THRESHOLD_FIRST_WAVE,H3_CONTACT_TRACING_DAYS_ABOVE_THRESHOLD_FIRST_WAVE,SI_DAYS_ABOVE_THRESHOLD_FIRST_WAVE,CLASS
0,ABW,Aruba,-6,EPI_FIRST_WAVE,106314.0,4401.0,413.9624132287375,36.0,3.3861956092330265,2020-03-13,2020-04-16,2020-08-20,2020-08-30,191,88.89,35.0,,0.666373696714077,,3.0,3.0,2.0,4.0,0.0,2.0,2.0,4.0,1.0,1.0,85.19,1.0,2.0,2.0,4.0,0.0,2.0,0.0,3.0,2.0,1.0,56.02,-31,-18,-18,-18,,-18,-18,-30,,,-18,48.0,18.0,66.0,104.0,0.0,90.0,45.0,55.0,0.0,0.0,38,2
1,AFG,Afghanistan,19,EPI_FIRST_WAVE,38041754.0,40687.0,10.695353321510884,1507.0,0.3961436688749946,2020-04-02,2020-03-24,2020-04-05,2020-04-08,210,84.26,1453.0,,12.218594549253696,,3.0,3.0,2.0,0.0,0.0,0.0,0.0,3.0,1.0,1.0,50.93,3.0,3.0,2.0,4.0,2.0,2.0,2.0,3.0,1.0,1.0,84.26,-10,0,-23,12,4.0,1,19,,147.0,147.0,1,144.0,133.0,166.0,135.0,151.0,154.0,128.0,0.0,42.0,18.0,146,2
2,AGO,Angola,-3,EPI_FIRST_WAVE,31825295.0,8582.0,2.696597156444269,260.0,0.08169602198502794,2020-06-20,2020-03-30,2020-06-12,2020-06-24,,90.74,,,,,3.0,3.0,2.0,4.0,2.0,2.0,2.0,4.0,1.0,0.0,90.74,,,,,,,,,,,,-6,-3,-3,-3,-3.0,-3,-3,-10,,,-3,,,,,,,,,,,,1
3,AIA,Anguilla,,,,3.0,,0.0,,,,,,,82.41,,,,,,,,,,,,,,,,,,,,,,,,,,,,,,,,,,,,,,,,,,,,,,,,,0
4,ALB,Albania,37,EPI_FIRST_WAVE,2854191.0,18556.0,65.01316835488585,469.0,1.643197669672422,2020-03-13,2020-03-12,2020-03-25,2020-03-29,,89.81,,,,,3.0,2.0,2.0,2.0,0.0,0.0,0.0,2.0,1.0,1.0,51.85,,,,,,,,,,,,-3,,-3,37,1.0,1,1,11,,75.0,1,,,,,,,,,,,,1
5,AND,Andorra,12,EPI_FIRST_WAVE,77142.0,4038.0,523.4502605584506,69.0,8.94454382826476,2020-03-03,2020-03-27,2020-03-30,2020-04-01,,56.48,,,,,3.0,3.0,1.0,0.0,1.0,1.0,0.0,0.0,1.0,1.0,48.15,,,,,,,,,,,,-11,-13,102,178,,,,,22.0,124.0,,,,,,,,,,,,,1
6,ARE,United Arab Emirates,13,EPI_SECOND_WAVE,9770529.0,122273.0,125.14470813197525,475.0,0.48615586730257904,2020-03-09,2020-03-22,2020-03-31,2020-04-05,150,89.81,354.0,,3.732425157689061,,3.0,1.0,2.0,0.0,0.0,1.0,0.0,3.0,1.0,2.0,45.37,3.0,2.0,2.0,4.0,1.0,0.0,1.0,4.0,3.0,2.0,72.22,-14,,-6,5,13.0,1,1,3,22.0,-50.0,1,117.0,0.0,109.0,98.0,13.0,40.0,37.0,100.0,117.0,151.0,102,3
7,ARG,Argentina,15,EPI_FIRST_WAVE,44938712.0,1069355.0,237.95853339098815,28338.0,6.3059217184506755,2020-03-22,2020-03-08,2020-03-25,2020-03-27,,100.0,,,,,0.0,0.0,0.0,0.0,0.0,0.0,0.0,0.0,1.0,2.0,11.11,,,,,,,,,,,,8,11,3,11,15.0,11,12,8,,-4.0,11,,,,,,,,,,,,1
8,ARM,Armenia,,EPI_FIRST_WAVE,2957731.0,73310.0,247.85891617594703,1145.0,3.8712107355266587,2020-03-15,2020-03-27,2020-04-03,2020-04-09,,,,,,,,,,,,,,,,,,,,,,,,,,,,,,,,,,,,,,,,,,,,,,,,,,,1
9,ATG,Antigua and Barbuda,,,97118.0,122.0,12.562037933235857,3.0,0.3089025721287506,2020-03-15,2020-04-10,,,,,,,,,,,,,,,,,,,,,,,,,,,,,,,,,,,,,,,,,,,,,,,,,,,,,0
10,AUS,Australia,155,EPI_SECOND_WAVE,25364307.0,27484.0,10.835699157875672,905.0,0.356800601727459,2020-03-13,2020-03-01,2020-03-16,2020-03-26,104,79.17,102.0,788.0,1.690843982124645,9.479848556118117,0.0,0.0,0.0,0.0,0.0,0.0,0.0,3.0,1.0,2.0,19.44,3.0,2.0,2.0,3.0,0.0,1.0,2.0,4.0,1.0,1.0,68.52,23,154,17,28,,32,18,19,57.0,-36.0,23,25.0,0.0,84.0,64.0,0.0,43.0,83.0,82.0,44.0,26.0,77,4
11,AUT,Austria,3,EPI_FIRST_WAVE,8877067.0,76781.0,86.49365832205615,972.0,1.0949562507526416,2020-03-07,2020-03-13,2020-03-20,2020-03-23,,85.19,,,,,0.0,1.0,2.0,0.0,1.0,0.0,2.0,3.0,1.0,1.0,48.15,,,,,,,,,,,,3,3,-2,3,,3,0,,77.0,17.0,3,,,,,,,,,,,,1
12,AZE,Azerbaijan,129,EPI_SECOND_WAVE,10023318.0,48221.0,48.10881985386476,656.0,0.6544738977651912,2020-03-22,2020-03-21,2020-04-01,2020-04-11,206,97.22,585.0,,7.435867951362728,,3.0,0.0,2.0,4.0,0.0,0.0,2.0,3.0,2.0,2.0,61.11,3.0,2.0,2.0,4.0,2.0,3.0,2.0,4.0,2.0,2.0,96.3,-18,10,-7,-7,92.0,10,-2,26,,-22.0,-2,194.0,40.0,198.0,198.0,77.0,145.0,193.0,165.0,0.0,207.0,193,3
13,BDI,Burundi,-24,EPI_FIRST_WAVE,11530580.0,553.0,0.47959426152023577,1.0,0.0008672590624235728,2020-06-01,2020-04-15,,,168,13.89,1.0,,-3.224832098525648e-07,,0.0,0.0,0.0,0.0,0.0,0.0,0.0,3.0,1.0,2.0,13.89,0.0,0.0,0.0,0.0,0.0,0.0,0.0,3.0,1.0,1.0,13.89,,,,,,,,,,-14.0,,0.0,0.0,0.0,0.0,0.0,0.0,0.0,0.0,0.0,37.0,0,2
14,BEL,Belgium,10,EPI_FIRST_WAVE,11484055.0,287606.0,250.43941360434098,10658.0,9.280693970901392,2020-03-03,2020-03-10,2020-03-12,2020-03-14,,81.48,,,,,0.0,0.0,1.0,0.0,0.0,0.0,0.0,1.0,1.0,2.0,19.44,,,,,,,,,,,,,8,4,8,,8,4,10,,-13.0,8,,,,,,,,,,,,1
15,BEN,Benin,-8,EPI_FIRST_WAVE,11801151.0,2557.0,2.166737803795579,41.0,0.03474237385827874,2020-04-27,2020-04-07,2020-06-13,2020-06-19,193,70.83,40.0,,0.684321053793809,,3.0,2.0,2.0,4.0,2.0,0.0,2.0,2.0,1.0,2.0,70.83,2.0,1.0,1.0,3.0,0.0,0.0,0.0,2.0,2.0,2.0,41.67,-8,,-21,-8,-8.0,,-8,40,,-31.0,-8,42.0,0.0,77.0,42.0,64.0,0.0,42.0,1.0,0.0,194.0,43,2
16,BES,"Bonaire, Sint Eustatius and Saba",,EPI_FIRST_WAVE,,150.0,,3.0,,,2020-09-15,,,205,,3.0,,0.03312328435242157,,,,,,,,,,,,,,,,,,,,,,,,,,,,,,,,,,,,,,,,,,,,,,2
17,BFA,Burkina Faso,46,EPI_SECOND_WAVE,20321378.0,2433.0,1.1972613274552542,65.0,0.03198601984570141,2020-03-26,2020-03-19,2020-03-29,2020-03-31,93,89.81,53.0,12.0,1.3104262660606523,0.0381144280567432,3.0,0.0,2.0,0.0,0.0,0.0,0.0,0.0,1.0,2.0,33.33,3.0,2.0,2.0,1.0,2.0,2.0,2.0,4.0,1.0,2.0,84.26,-3,,-7,,4.0,2,2,2,175.0,-10.0,2,77.0,0.0,93.0,0.0,43.0,72.0,45.0,84.0,0.0,94.0,72,4
18,BGD,Bangladesh,20,EPI_FIRST_WAVE,163046161.0,396413.0,24.312930618464545,5761.0,0.353335519503584,2020-04-15,2020-03-22,2020-03-26,2020-04-07,197,93.52,5346.0,,42.131824826007396,,3.0,3.0,2.0,4.0,2.0,2.0,2.0,2.0,2.0,1.0,81.48,3.0,1.0,2.0,4.0,1.0,2.0,2.0,3.0,2.0,1.0,74.54,-6,-3,-1,-3,-3.0,-3,-3,,,,-3,198.0,136.0,198.0,182.0,70.0,166.0,182.0,0.0,0.0,0.0,198,2
19,BGR,Bulgaria,9,EPI_FIRST_WAVE,6975761.0,36519.0,52.35127751653189,1077.0,1.5439175740109214,2020-03-15,2020-03-12,2020-03-29,2020-04-02,,73.15,,,,,2.0,0.0,1.0,0.0,0.0,0.0,0.0,1.0,1.0,0.0,26.85,,,,,,,,,,,,1,,1,1,,6,6,63,,48.0,6,,,,,,,,,,,,1
20,BHR,Bahrain,11,EPI_SECOND_WAVE,1641172.0,79574.0,484.8608189757076,312.0,1.9010804473875986,2020-02-26,2020-03-17,2020-04-08,2020-05-14,192,78.7,170.0,142.0,2.553436765377403,1.947886196560325,3.0,0.0,0.0,0.0,0.0,0.0,0.0,3.0,2.0,2.0,30.56,3.0,2.0,2.0,4.0,1.0,1.0,1.0,3.0,3.0,2.0,75.0,-20,9,1,5,,184,,,14.0,-23.0,1,174.0,14.0,153.0,149.0,0.0,0.0,0.0,0.0,140.0,177.0,153,4
21,BHS,Bahamas,,EPI_FIRST_WAVE,389482.0,6268.0,160.93169902588568,130.0,3.33776657201103,2020-03-19,2020-04-02,2020-04-06,2020-04-24,,,,,,,,,,,,,,,,,,,,,,,,,,,,,,,,,,,,,,,,,,,,,,,,,,,1
22,BIH,Bosnia and Herzegovina,19,EPI_FIRST_WAVE,3301000.0,38493.0,116.61011814601636,1065.0,3.2262950621023934,2020-03-16,2020-03-22,2020-03-29,2020-04-01,,92.59,,,,,3.0,3.0,2.0,4.0,2.0,3.0,2.0,3.0,2.0,0.0,89.81,,,,,,,,,,,,-11,-5,-5,-4,-5.0,-2,-2,50,,,-5,,,,,,,,,,,,1
23,BLR,Belarus,1,EPI_SECOND_WAVE,9466856.0,91167.0,96.30124298922472,945.0,0.9982194722302737,2020-03-20,2020-04-03,2020-04-05,2020-04-07,145,19.44,589.0,,4.830516667408837,,0.0,0.0,0.0,0.0,0.0,0.0,0.0,3.0,0.0,0.0,8.33,0.0,0.0,0.0,0.0,0.0,0.0,0.0,3.0,3.0,2.0,13.89,1,,,,,,,,17.0,6.0,,16.0,0.0,0.0,0.0,0.0,0.0,0.0,0.0,114.0,125.0,0,3
24,BLZ,Belize,39,,390353.0,3050.0,78.13440654996887,46.0,1.1784205578028093,2020-03-26,2020-04-06,2020-08-20,2020-08-25,,85.19,,,,,3.0,3.0,2.0,3.0,0.0,0.0,2.0,4.0,1.0,2.0,75.0,,,,,,,,,,,,-17,-5,-21,39,,21,-5,-17,,-12.0,-5,,,,,,,,,,,,0
25,BMU,Bermuda,-3,,63918.0,190.0,29.72558590694327,9.0,1.4080540692762602,2020-03-20,2020-04-07,2020-04-15,,,96.3,,,,,3.0,3.0,2.0,4.0,2.0,2.0,2.0,4.0,1.0,2.0,96.3,,,,,,,,,,,,-18,-3,-3,-3,-19.0,-3,-3,-18,32.0,-69.0,-3,,,,,,,,,,,,0
26,BOL,Bolivia,1,EPI_FIRST_WAVE,11513100.0,140612.0,122.13217986467589,8608.0,7.476700454265141,2020-03-27,2020-03-30,2020-03-31,2020-04-04,226,96.3,8608.0,,64.36123267424533,,3.0,3.0,2.0,4.0,2.0,2.0,2.0,3.0,0.0,0.0,93.52,3.0,2.0,2.0,4.0,2.0,2.0,2.0,4.0,1.0,1.0,89.81,-18,-8,-18,-13,-14.0,-13,-9,1,,,-13,217.0,96.0,217.0,212.0,213.0,212.0,208.0,154.0,0.0,0.0,209,2
27,BRA,Brazil,48,EPI_FIRST_WAVE,211049527.0,5353656.0,253.66823020645765,156471.0,7.413946964211865,2020-03-22,2020-03-18,2020-03-20,2020-03-21,228,81.02,153214.0,,1025.3881405616353,,3.0,3.0,2.0,3.0,0.0,1.0,2.0,2.0,1.0,0.0,60.65,3.0,3.0,2.0,4.0,2.0,2.0,2.0,1.0,2.0,0.0,72.69,-6,-1,-6,39,3.0,48,-1,9,,159.0,0,217.0,180.0,217.0,172.0,208.0,163.0,212.0,124.0,0.0,52.0,189,2
28,BRB,Barbados,2,,287025.0,227.0,7.908718752721889,7.0,0.2438811950178556,2020-03-20,2020-04-06,2020-04-15,,,88.89,,,,,3.0,3.0,2.0,4.0,0.0,3.0,2.0,2.0,1.0,2.0,83.33,,,,,,,,,,,,-18,-9,-20,-3,,-3,-9,,,-17.0,-9,,,,,,,,,,,,0
29,BRN,Brunei,13,,433285.0,148.0,3.4157656046251312,3.0,0.06923849198564455,2020-03-11,2020-03-29,,,,58.33,,,,,3.0,0.0,2.0,3.0,0.0,0.0,0.0,4.0,2.0,1.0,52.78,,,,,,,,,,,,-18,,-16,,,,,-5,,,,,,,,,,,,,,,0
30,BTN,Bhutan,,,763092.0,336.0,4.403138808950952,0.0,0.0,2020-03-29,,,,,83.33,,,,,,,,,,,,,,,,,,,,,,,,,,,,,,,,,,,,,,,,,,,,,,,,,0
31,BWA,Botswana,0,EPI_FIRST_WAVE,2303697.0,5923.0,25.71084652191673,21.0,0.09115782153642601,2020-04-10,2020-04-02,2020-08-27,2020-09-11,205,86.11,20.0,,0.270191409753153,,3.0,3.0,2.0,4.0,1.0,2.0,2.0,4.0,1.0,1.0,86.11,1.0,1.0,2.0,3.0,0.0,1.0,2.0,4.0,1.0,2.0,,-14,0,-17,0,,0,0,-14,,165.0,-8,64.0,39.0,82.0,62.0,0.0,65.0,154.0,185.0,0.0,31.0,82,2
32,CAF,Central African Republic,-16,EPI_FIRST_WAVE,4745185.0,4862.0,10.246175860372146,62.0,0.13065876251400105,2020-04-28,2020-05-24,2020-06-07,2020-06-16,197,75.93,62.0,,1.9267738404401928,,3.0,2.0,2.0,3.0,0.0,2.0,2.0,4.0,1.0,1.0,75.93,3.0,0.0,2.0,3.0,0.0,1.0,2.0,4.0,1.0,1.0,64.81,-59,,-59,,,-16,-59,-59,,93.0,-59,158.0,0.0,167.0,0.0,0.0,34.0,95.0,95.0,0.0,51.0,95,2
33,CAN,Canada,22,EPI_SECOND_WAVE,37589262.0,211732.0,56.32778850513213,9888.0,2.630538476653253,2020-03-15,2020-03-10,2020-03-18,2020-03-20,120,74.54,8591.0,,151.33803672154767,,0.0,0.0,0.0,0.0,0.0,0.0,0.0,1.0,2.0,1.0,2.78,3.0,3.0,2.0,4.0,0.0,1.0,2.0,4.0,3.0,1.0,72.69,6,8,2,13,,,10,8,9.0,143.0,8,108.0,96.0,112.0,101.0,0.0,0.0,104.0,106.0,105.0,0.0,106,3
34,CHE,Switzerland,11,EPI_FIRST_WAVE,8574832.0,103323.0,120.49565519184516,1876.0,2.1877979650213555,2020-03-05,2020-03-06,2020-03-14,2020-03-15,,73.15,,,,,0.0,0.0,2.0,1.0,0.0,0.0,0.0,0.0,2.0,1.0,25.0,,,,,,,,,,,,7,11,-10,11,,,,,97.0,66.0,11,,,,,,,,,,,,1
35,CHL,Chile,102,EPI_FIRST_WAVE,18952038.0,498906.0,263.2466228697937,13844.0,7.304755298612212,2020-03-17,2020-03-23,2020-03-28,2020-04-01,234,89.35,13844.0,,167.83220391398802,,3.0,2.0,2.0,2.0,0.0,0.0,0.0,3.0,0.0,0.0,51.85,3.0,3.0,2.0,4.0,0.0,3.0,2.0,3.0,2.0,2.0,78.24,-8,-7,-7,53,102.0,2,2,131,,7.0,2,214.0,158.0,213.0,87.0,104.0,204.0,204.0,75.0,0.0,199.0,191,2
36,CHN,China,75,EPI_FIRST_WAVE,1397715000.0,91106.0,0.651821007859256,4739.0,0.03390533835581646,2020-01-30,2020-01-11,2020-01-21,2020-01-22,64,81.94,3179.0,,97.1421922590989,,0.0,0.0,0.0,0.0,0.0,0.0,0.0,0.0,1.0,2.0,2.78,3.0,3.0,2.0,4.0,2.0,3.0,2.0,0.0,1.0,2.0,75.46,15,15,11,11,12.0,21,12,,80.0,-6.0,15,48.0,48.0,52.0,52.0,51.0,42.0,51.0,0.0,0.0,65.0,48,2
37,CIV,Côte d'Ivoire,-6,EPI_FIRST_WAVE,25716544.0,20405.0,7.934580945246764,121.0,0.04705142339499429,2020-03-29,2020-03-30,2020-04-13,2020-04-21,226,80.56,121.0,,1.437039774759305,,3.0,2.0,2.0,3.0,1.0,1.0,2.0,4.0,2.0,1.0,80.56,0.0,2.0,2.0,2.0,1.0,1.0,2.0,4.0,2.0,1.0,57.41,-14,,-11,,,,-6,-8,,108.0,-8,61.0,0.0,134.0,0.0,0.0,0.0,114.0,101.0,0.0,91.0,99,2
38,CMR,Cameroon,24,EPI_FIRST_WAVE,25876380.0,21570.0,8.335787308734838,425.0,0.16424244813223488,2020-03-31,2020-03-25,2020-04-01,2020-04-09,231,71.3,425.0,,5.192022333607081,,3.0,2.0,2.0,3.0,1.0,0.0,1.0,3.0,0.0,1.0,57.41,2.0,0.0,2.0,3.0,1.0,0.0,1.0,4.0,2.0,1.0,60.19,-7,,-7,,,,,24,,,10,75.0,0.0,211.0,0.0,0.0,0.0,0.0,131.0,0.0,0.0,145,2
39,COD,Democratic Republic of the Congo,15,EPI_FIRST_WAVE,86790567.0,11121.0,1.2813604501512244,303.0,0.034911628126591224,2020-04-26,2020-03-22,2020-03-29,2020-04-02,197,80.56,270.0,,3.621692182379804,,3.0,2.0,2.0,0.0,1.0,0.0,2.0,3.0,1.0,1.0,58.33,3.0,2.0,2.0,3.0,2.0,2.0,2.0,4.0,1.0,1.0,80.56,-3,,-3,,2.0,15,-4,2,,,2,144.0,0.0,125.0,0.0,120.0,113.0,191.0,144.0,0.0,0.0,127,2
40,COG,Republic of Congo,-1,EPI_SECOND_WAVE,5380508.0,5156.0,9.582738284191754,92.0,0.17098757217719962,2020-04-03,2020-04-01,2020-04-05,2020-05-02,153,97.22,60.0,32.0,0.35740484169740816,0.4985532745927103,3.0,3.0,2.0,3.0,2.0,3.0,2.0,4.0,1.0,1.0,97.22,2.0,2.0,2.0,3.0,1.0,2.0,2.0,4.0,1.0,1.0,73.15,-4,-4,-4,,-1.0,-4,-4,-11,,,-4,51.0,79.0,142.0,0.0,63.0,142.0,122.0,149.0,0.0,0.0,135,4
41,COL,Colombia,36,EPI_FIRST_WAVE,50339443.0,998942.0,198.44121040433444,29802.0,5.920208533097992,2020-03-24,2020-03-22,2020-03-27,2020-03-30,204,90.74,25296.0,,318.20577831715053,,3.0,1.0,2.0,3.0,0.0,0.0,0.0,2.0,2.0,0.0,50.93,3.0,3.0,2.0,4.0,1.0,2.0,2.0,4.0,2.0,2.0,87.04,-6,3,-10,33,,3,3,3,,12.0,3,196.0,78.0,200.0,130.0,0.0,160.0,160.0,178.0,0.0,178.0,178,2
42,COM,Comoros,,EPI_SECOND_WAVE,850886.0,517.0,6.076019584292138,7.0,0.08226718972929394,2020-05-07,2020-05-05,2020-06-19,,160,,7.0,,0.28095048253092914,,,,,,,,,,,,,,,,,,,,,,,,,,,,,,,,,,,,,,,,,,,,,,3
43,CPV,Cape Verde,38,,549935.0,8198.0,149.07216307381782,94.0,1.7092929164355788,2020-03-22,2020-03-25,2020-06-03,2020-06-27,,87.96,,,,,2.0,0.0,2.0,0.0,0.0,1.0,2.0,4.0,1.0,0.0,50.93,,,,,,,,,,,,3,3,-9,54,,7,-5,-6,48.0,54.0,3,,,,,,,,,,,,0
44,CRI,Costa Rica,39,EPI_FIRST_WAVE,5047561.0,101826.0,201.73307464733958,1265.0,2.506160896322006,2020-03-14,2020-03-19,2020-04-21,2020-05-17,,81.48,,,,,3.0,2.0,2.0,0.0,0.0,0.0,2.0,4.0,1.0,2.0,62.96,,,,,,,,,,,,-2,25,-9,,2.0,,-2,-2,,-57.0,-2,,,,,,,,,,,,1
45,CUB,Cuba,53,EPI_THIRD_WAVE,11333483.0,6479.0,5.7166892119571715,128.0,0.11293968500239511,2020-03-26,2020-03-19,2020-04-01,2020-04-08,123,100.0,87.0,36.0,2.2418159670417857,0.9436525742205152,0.0,0.0,0.0,0.0,0.0,0.0,0.0,1.0,2.0,1.0,13.89,3.0,3.0,2.0,0.0,2.0,2.0,2.0,4.0,2.0,1.0,83.33,5,29,1,53,5.0,5,4,29,140.0,47.0,5,112.0,77.0,116.0,64.0,101.0,86.0,113.0,88.0,0.0,70.0,112,5
46,CUW,Curaçao,,,157538.0,818.0,51.923980246035875,1.0,0.06347674846703652,2020-03-13,2020-03-26,,,,,,,,,,,,,,,,,,,,,,,,,,,,,,,,,,,,,,,,,,,,,,,,,,,,,0
47,CYM,Cayman Islands,26,,64948.0,239.0,36.798669704994765,1.0,0.15396932930960153,2020-03-20,2020-03-21,,,,94.44,,,,,3.0,0.0,2.0,3.0,0.0,0.0,0.0,4.0,1.0,2.0,47.22,,,,,,,,,,,,-5,7,-8,7,7.0,3,4,-5,48.0,0.0,3,,,,,,,,,,,,0
48,CYP,Cyprus,22,EPI_FIRST_WAVE,1198575.0,3314.0,27.6495004484492,25.0,0.2085810232985003,2020-03-12,2020-03-25,2020-03-28,2020-04-10,,94.44,,,,,3.0,2.0,2.0,4.0,2.0,2.0,2.0,4.0,1.0,1.0,92.59,,,,,,,,,,,,-12,22,-15,-2,-1.0,-1,-1,-10,17.0,22.0,-2,,,,,,,,,,,,1
49,CZE,Czech Republic,0,EPI_FIRST_WAVE,10669709.0,238323.0,223.36410486921434,1971.0,1.8472856195047118,2020-03-11,2020-03-23,2020-03-26,2020-03-29,,82.41,,,,,3.0,3.0,2.0,4.0,0.0,2.0,2.0,4.0,1.0,2.0,82.41,,,,,,,,,,,,-12,-9,-12,0,,-8,-7,-7,,-22.0,-9,,,,,,,,,,,,1
50,DEU,Germany,12,EPI_SECOND_WAVE,83132799.0,418005.0,50.28159824138725,10003.0,1.203255528542952,2020-03-07,2020-03-10,2020-03-13,2020-03-16,102,76.85,8668.0,,128.05822205266088,,2.0,0.0,2.0,1.0,0.0,1.0,0.0,1.0,1.0,2.0,32.87,3.0,2.0,2.0,4.0,0.0,2.0,2.0,4.0,1.0,1.0,76.85,6,,0,11,,11,9,8,50.0,-48.0,11,49.0,0.0,90.0,79.0,0.0,46.0,81.0,59.0,40.0,21.0,79,3
51,DJI,Djibouti,-18,EPI_SECOND_WAVE,973560.0,5528.0,56.781297506060234,61.0,0.6265664160401002,2020-03-26,2020-04-10,2020-05-19,2020-05-22,46,100.0,2.0,58.0,0.0718759501032253,1.2602033515535993,3.0,3.0,2.0,4.0,2.0,3.0,2.0,4.0,2.0,2.0,100.0,3.0,3.0,2.0,4.0,2.0,3.0,2.0,4.0,3.0,2.0,100.0,-22,-18,-18,-18,-19.0,-18,-18,-23,3.0,-23.0,-18,47.0,43.0,43.0,43.0,44.0,43.0,43.0,47.0,22.0,47.0,43,4
52,DMA,Dominica,,,71808.0,37.0,5.152629233511586,0.0,0.0,2020-03-23,,,,,79.63,,,,,,,,,,,,,,,,,,,,,,,,,,,,,,,,,,,,,,,,,,,,,,,,,0
53,DNK,Denmark,2,EPI_SECOND_WAVE,5818553.0,38622.0,66.37732783391334,697.0,1.1978923282128735,2020-03-08,2020-03-16,2020-03-20,2020-03-22,140,72.22,609.0,,13.896541558449822,,3.0,1.0,1.0,3.0,1.0,1.0,1.0,4.0,1.0,1.0,65.74,3.0,2.0,1.0,4.0,1.0,1.0,1.0,4.0,1.0,1.0,72.22,-3,,,2,,,,-2,57.0,38.0,-3,33.0,0.0,0.0,51.0,0.0,0.0,0.0,72.0,58.0,77.0,73,3
54,DOM,Dominican Republic,38,EPI_FIRST_WAVE,10738958.0,123384.0,114.89382861912674,2214.0,2.061652536493764,2020-03-22,2020-03-21,2020-03-25,2020-03-26,234,97.22,2214.0,,14.858580471093639,,3.0,3.0,2.0,0.0,2.0,1.0,2.0,4.0,0.0,1.0,81.48,3.0,2.0,2.0,3.0,1.0,2.0,2.0,2.0,2.0,1.0,78.7,-2,-2,-2,,-2.0,28,-1,-2,,,-2,210.0,62.0,210.0,0.0,62.0,158.0,209.0,104.0,0.0,0.0,202,2
55,DZA,Algeria,32,EPI_FIRST_WAVE,43053054.0,55630.0,12.921266862973297,1897.0,0.4406191486439034,2020-03-24,2020-03-13,2020-03-18,2020-03-21,220,92.13,1768.0,,10.63148162741709,,3.0,0.0,2.0,0.0,0.0,0.0,0.0,1.0,0.0,0.0,30.56,3.0,2.0,2.0,3.0,0.0,2.0,2.0,4.0,1.0,2.0,74.07,-1,17,-3,17,10.0,10,10,4,,107.0,10,173.0,25.0,158.0,94.0,143.0,198.0,123.0,204.0,0.0,101.0,198,2
56,ECU,Ecuador,3,EPI_SECOND_WAVE,17373662.0,158270.0,91.09766265741787,12528.0,7.210915004562653,2020-03-18,2020-03-14,2020-03-21,2020-03-23,89,93.52,3313.0,,71.51557129530178,,3.0,0.0,2.0,0.0,0.0,0.0,0.0,1.0,0.0,0.0,36.11,3.0,3.0,2.0,3.0,2.0,2.0,2.0,4.0,2.0,1.0,93.52,-1,3,-1,131,1.0,3,3,1,,,3,78.0,74.0,78.0,0.0,76.0,74.0,74.0,76.0,0.0,0.0,74,3
57,EGY,Egypt,16,EPI_FIRST_WAVE,100388073.0,106230.0,10.581934369832958,6176.0,0.6152125262928396,2020-03-29,2020-03-09,2020-03-19,2020-03-23,226,84.26,5956.0,,75.40687397118953,,0.0,0.0,0.0,0.0,0.0,0.0,0.0,0.0,1.0,2.0,0.0,2.0,2.0,2.0,1.0,1.0,1.0,2.0,4.0,2.0,2.0,71.3,6,,12,,16.0,16,16,10,,-24.0,16,84.0,0.0,197.0,0.0,74.0,74.0,193.0,104.0,0.0,227.0,193,2
58,ERI,Eritrea,,EPI_SECOND_WAVE,3213972.0,461.0,1.4343622159745013,0.0,0.0,2020-04-02,,,,80,96.3,0.0,,0.0,,,,,,,,,,,,,3.0,3.0,2.0,4.0,2.0,2.0,2.0,3.0,1.0,1.0,93.52,,,,,,,,,,,,81.0,81.0,81.0,81.0,81.0,81.0,81.0,0.0,0.0,0.0,81,3
59,ESH,Western Sahara,,EPI_FIRST_WAVE,,766.0,,1.0,,,2020-05-30,,,67,,0.0,,-0.0013664154456721263,,,,,,,,,,,,,,,,,,,,,,,,,,,,,,,,,,,,,,,,,,,,,,2
60,ESP,Spain,25,EPI_SECOND_WAVE,47076781.0,1046132.0,222.21825234822236,34752.0,7.381983062945617,2020-03-04,2020-03-05,2020-03-07,2020-03-10,119,85.19,28324.0,,696.5515233230797,,0.0,0.0,0.0,0.0,0.0,0.0,0.0,0.0,1.0,1.0,11.11,3.0,3.0,2.0,4.0,1.0,2.0,1.0,4.0,1.0,1.0,85.19,4,25,5,25,,9,121,12,,-34.0,9,78.0,53.0,105.0,63.0,0.0,74.0,0.0,96.0,0.0,0.0,86,3
61,EST,Estonia,3,EPI_SECOND_WAVE,1326590.0,4300.0,32.41393346851702,73.0,0.5502830565585448,2020-03-07,2020-03-26,2020-04-02,2020-04-03,128,77.78,63.0,,1.3590545686570534,,3.0,0.0,2.0,4.0,0.0,0.0,2.0,3.0,1.0,0.0,61.11,3.0,3.0,2.0,4.0,0.0,2.0,2.0,3.0,1.0,0.0,77.78,-10,1,-14,-1,,3,-12,,,,-1,60.0,45.0,81.0,68.0,0.0,50.0,55.0,0.0,0.0,0.0,51,3
62,ETH,Ethiopia,2,EPI_FIRST_WAVE,112078730.0,92229.0,8.228947633507268,1400.0,0.12491219341975056,2020-05-25,2020-04-06,2020-05-10,2020-06-01,224,80.56,1400.0,,18.636036953993596,,3.0,2.0,2.0,1.0,2.0,0.0,2.0,3.0,1.0,1.0,68.52,3.0,2.0,2.0,4.0,2.0,1.0,2.0,3.0,1.0,1.0,80.56,-12,,-21,2,-7.0,,-11,,,,-11,203.0,0.0,212.0,189.0,198.0,0.0,202.0,0.0,0.0,0.0,200,2
63,FIN,Finland,6,EPI_SECOND_WAVE,5520314.0,14474.0,26.21952301988619,353.0,0.6394563787494697,2020-03-09,2020-03-22,2020-03-28,2020-03-30,142,62.96,328.0,,5.100226195814071,,2.0,2.0,2.0,1.0,0.0,1.0,1.0,4.0,1.0,1.0,60.19,2.0,2.0,2.0,1.0,0.0,1.0,2.0,4.0,1.0,1.0,62.96,,,-10,,,,6,-3,,,-3,0.0,0.0,100.0,0.0,0.0,0.0,18.0,56.0,0.0,0.0,56,3
64,FJI,Fiji,-124,,889953.0,33.0,0.3708060987490351,2.0,0.02247309689388091,2020-03-25,2020-08-01,,,,88.89,,,,,0.0,2.0,1.0,3.0,0.0,2.0,0.0,4.0,3.0,2.0,50.93,,,,,,,,,,,,-135,-135,-138,,-135.0,-135,-135,-125,-106.0,-135.0,-135,,,,,,,,,,,,0
65,FLK,Falkland Islands,,,,13.0,,0.0,,,,,,,79.63,,,,,,,,,,,,,,,,,,,,,,,,,,,,,,,,,,,,,,,,,,,,,,,,,0
66,FRA,France,31,EPI_FIRST_WAVE,67059887.0,1041075.0,155.24556431179192,34508.0,5.145848217728133,2020-03-06,2020-02-15,2020-03-06,2020-03-08,,87.96,,,,,0.0,0.0,0.0,0.0,0.0,0.0,0.0,2.0,0.0,0.0,13.89,,,,,,,,,,,,16,31,14,14,,31,31,,161.0,86.0,30,,,,,,,,,,,,1
67,FRO,Faroe Islands,,EPI_SECOND_WAVE,48678.0,490.0,100.66148979004889,0.0,0.0,2020-03-06,,,,123,,0.0,0.0,0.0,0.0,,,,,,,,,,,,,,,,,,,,,,,,,,,,,,,,,,,,,,,,,,,,,4
68,GAB,Gabon,24,EPI_SECOND_WAVE,2172579.0,8919.0,41.05259233381157,54.0,0.24855252674356146,2020-04-01,2020-03-21,2020-05-03,2020-05-15,120,81.48,46.0,8.0,1.0752842747307465,0.21669961317147257,3.0,2.0,2.0,4.0,1.0,1.0,0.0,4.0,2.0,0.0,66.67,0.0,2.0,2.0,4.0,1.0,1.0,2.0,4.0,3.0,2.0,69.44,-5,22,-8,-1,,20,20,-1,34.0,9.0,-1,91.0,15.0,121.0,114.0,0.0,31.0,93.0,103.0,79.0,104.0,114,4
69,GBR,United Kingdom,16,EPI_FIRST_WAVE,66834405.0,830998.0,124.3368591371465,44571.0,6.668870621351384,2020-03-08,2020-03-07,2020-03-11,2020-03-14,,79.63,,,,,0.0,0.0,0.0,0.0,0.0,0.0,0.0,0.0,1.0,1.0,11.11,,,,,,,,,,,,13,14,14,16,,16,16,,,86.0,16,,,,,,,,,,,,1
70,GEO,Georgia,-6,EPI_FIRST_WAVE,3720382.0,24562.0,66.02010223681332,183.0,0.49188497310222445,2020-03-11,2020-04-06,2020-04-23,2020-05-09,,100.0,,,,,3.0,3.0,2.0,4.0,2.0,3.0,2.0,4.0,2.0,2.0,100.0,,,,,,,,,,,,-35,-18,-36,-16,-14.0,-14,-15,-19,,-40.0,-18,,,,,,,,,,,,1
71,GGY,Guernsey,,EPI_FIRST_WAVE,,265.0,,13.0,,,2020-04-04,2020-04-09,2020-04-21,53,,13.0,,0.4025067656518718,,,,,,,,,,,,,,,,,,,,,,,,,,,,,,,,,,,,,,,,,,,,,,2
72,GHA,Ghana,8,EPI_FIRST_WAVE,30417856.0,47601.0,15.64903193703067,314.0,0.10322884032326275,2020-04-02,2020-03-22,2020-03-29,2020-04-25,212,86.11,306.0,,2.565973390709716,,3.0,0.0,2.0,3.0,0.0,0.0,0.0,4.0,3.0,2.0,52.78,2.0,1.0,2.0,3.0,0.0,0.0,0.0,4.0,3.0,2.0,52.78,-6,8,-6,,8.0,8,8,0,-1.0,-10.0,8,98.0,21.0,210.0,0.0,21.0,20.0,20.0,163.0,205.0,213.0,57,2
73,GIB,Gibraltar,,,33701.0,641.0,190.2020711551586,0.0,0.0,2020-03-20,,,,,79.63,,,,,,,,,,,,,,,,,,,,,,,,,,,,,,,,,,,,,,,,,,,,,,,,,0
74,GIN,Guinea,-17,EPI_SECOND_WAVE,12771246.0,11635.0,9.110309205538755,71.0,0.05559363589112605,2020-04-05,2020-04-16,2020-04-20,2020-05-06,108,78.7,31.0,35.0,0.5752602970848127,0.3449377196129817,3.0,2.0,2.0,3.0,1.0,2.0,2.0,4.0,2.0,1.0,78.7,3.0,2.0,2.0,3.0,1.0,2.0,2.0,4.0,2.0,1.0,78.7,-20,,-20,,,-17,-20,-20,,,-20,96.0,0.0,96.0,0.0,0.0,77.0,80.0,80.0,0.0,0.0,80,4
75,GMB,Gambia,3,EPI_FIRST_WAVE,2347706.0,3659.0,15.58542679534831,119.0,0.5068777777115192,2020-05-01,2020-03-24,2020-07-23,2020-08-05,214,78.7,118.0,,4.012676330887323,,3.0,0.0,1.0,3.0,0.0,1.0,1.0,4.0,2.0,1.0,56.48,2.0,2.0,2.0,4.0,1.0,2.0,1.0,4.0,2.0,2.0,77.78,-6,3,3,55,,135,,-1,,77.0,3,153.0,60.0,186.0,149.0,0.0,69.0,0.0,204.0,0.0,127.0,181,2
76,GNB,Guinea-Bissau,,EPI_FIRST_WAVE,1920922.0,2403.0,12.509617777296528,41.0,0.21343917139790164,2020-04-04,2020-04-27,2020-05-20,2020-06-06,196,,41.0,,0.17376442253562097,,,,,,,,,,,,,,,,,,,,,,,,,,,,,,,,,,,,,,,,,,,,,,2
77,GNQ,Equatorial Guinea,,EPI_SECOND_WAVE,1355986.0,5079.0,37.456138927688045,83.0,0.6121007149041362,2020-03-24,2020-04-24,2020-05-14,2020-05-22,109,,51.0,32.0,1.4478033126236955,1.9732815192404587,,,,,,,,,,,,,,,,,,,,,,,,,,,,,,,,,,,,,,,,,,,,,4
78,GRC,Greece,11,EPI_FIRST_WAVE,10716322.0,29057.0,27.114713424997866,559.0,0.5216341950157899,2020-03-08,2020-03-12,2020-03-18,2020-03-22,,84.26,,,,,3.0,2.0,2.0,0.0,0.0,0.0,0.0,0.0,0.0,0.0,40.74,,,,,,,,,,,,-7,,-12,6,,11,9,,103.0,79.0,6,,,,,,,,,,,,1
79,GRD,Grenada,,,112003.0,27.0,2.4106497147397836,0.0,0.0,2020-03-23,,,,,,,,,,,,,,,,,,,,,,,,,,,,,,,,,,,,,,,,,,,,,,,,,,,,,,0
80,GRL,Greenland,,,56225.0,17.0,3.023566029346376,0.0,0.0,2020-03-20,,,,,77.78,,,,,,,,,,,,,,,,,,,,,,,,,,,,,,,,,,,,,,,,,,,,,,,,,0
81,GTM,Guatemala,33,EPI_FIRST_WAVE,16604026.0,103902.0,62.57638960574983,3594.0,2.1645352759625887,2020-04-09,2020-03-16,2020-04-13,2020-04-23,216,96.3,3478.0,,37.168571059920936,,3.0,0.0,1.0,3.0,0.0,0.0,2.0,3.0,1.0,0.0,52.78,3.0,3.0,2.0,4.0,2.0,2.0,2.0,4.0,2.0,0.0,96.3,0,1,1,6,1.0,6,-10,33,,,1,199.0,132.0,198.0,206.0,132.0,193.0,187.0,153.0,0.0,0.0,198,2
82,GUM,Guam,151,EPI_SECOND_WAVE,167294.0,4141.0,247.5283034657549,69.0,4.124475474314679,2020-03-19,2020-03-22,2020-04-12,2020-08-28,181,79.63,33.0,,0.5103805485978317,,3.0,3.0,2.0,4.0,0.0,1.0,0.0,3.0,1.0,0.0,67.59,3.0,3.0,2.0,4.0,1.0,2.0,1.0,2.0,3.0,2.0,79.63,-6,-2,-2,-2,20.0,146,,,46.0,72.0,-2,182.0,80.0,182.0,103.0,17.0,36.0,0.0,0.0,136.0,110.0,182,3
83,GUY,Guyana,27,EPI_FIRST_WAVE,782766.0,3960.0,50.58983144387978,117.0,1.4946995653873572,2020-03-16,2020-03-13,2020-04-07,2020-05-06,221,87.04,110.0,,1.570394551924043,,0.0,0.0,1.0,0.0,0.0,0.0,1.0,1.0,1.0,2.0,25.0,3.0,1.0,2.0,4.0,1.0,2.0,2.0,4.0,2.0,2.0,79.17,3,15,21,21,,21,21,14,,-1.0,21,119.0,12.0,194.0,181.0,0.0,178.0,181.0,201.0,0.0,215.0,182,2
84,HND,Honduras,-6,EPI_FIRST_WAVE,9746117.0,91882.0,94.27549453797856,2612.0,2.6800417027622387,2020-03-26,2020-03-27,2020-03-31,2020-04-01,190,100.0,2122.0,,19.09115069744533,,3.0,3.0,2.0,4.0,2.0,3.0,2.0,4.0,1.0,1.0,100.0,3.0,2.0,2.0,4.0,2.0,3.0,2.0,4.0,1.0,1.0,96.3,-14,-7,-14,-11,-11.0,-11,-11,-6,,,-11,190.0,80.0,190.0,187.0,187.0,187.0,187.0,149.0,0.0,0.0,187,2
85,HRV,Croatia,-2,EPI_FIRST_WAVE,4067500.0,31717.0,77.97664413030117,413.0,1.0153657037492316,2020-03-13,2020-03-25,2020-03-29,2020-04-05,,96.3,,,,,3.0,3.0,2.0,4.0,2.0,2.0,2.0,4.0,1.0,2.0,96.3,,,,,,,,,,,,-12,-5,-15,-5,-4.0,-2,-2,-6,40.0,-51.0,-5,,,,,,,,,,,,1
86,HTI,Haiti,12,EPI_FIRST_WAVE,11263077.0,9015.0,8.004029449501234,231.0,0.20509493098555573,2020-04-21,2020-04-07,2020-04-24,2020-05-05,206,93.52,230.0,,2.0235663550818153,,3.0,3.0,2.0,4.0,2.0,2.0,2.0,3.0,1.0,0.0,90.74,3.0,1.0,2.0,3.0,1.0,2.0,2.0,4.0,1.0,1.0,80.56,-19,-19,-19,-19,-1.0,-19,-19,12,,,-19,143.0,31.0,144.0,96.0,57.0,144.0,122.0,72.0,0.0,0.0,122,2
87,HUN,Hungary,12,EPI_FIRST_WAVE,9769949.0,56098.0,57.418928184783766,1390.0,1.4227300470043396,2020-03-17,2020-03-16,2020-03-23,2020-03-25,,76.85,,,,,3.0,2.0,2.0,1.0,1.0,1.0,1.0,4.0,1.0,2.0,67.59,,,,,,,,,,,,-5,,-5,,,11,12,0,,-48.0,0,,,,,,,,,,,,1
88,IDN,Indonesia,43,EPI_FIRST_WAVE,270625568.0,381910.0,14.112118186852175,13077.0,0.483213766409536,2020-03-31,2020-03-12,2020-03-16,2020-03-20,,80.09,,,,,3.0,0.0,2.0,0.0,0.0,0.0,0.0,3.0,1.0,0.0,37.04,,,,,,,,,,,,-38,29,-9,26,,29,43,7,,,26,,,,,,,,,,,,1
89,IMN,Isle of Man,,EPI_FIRST_WAVE,84584.0,348.0,41.142532866736026,24.0,2.8374160597748985,2020-03-21,2020-04-03,2020-04-19,2020-04-22,79,,24.0,,0.30917518223136,,,,,,,,,,,,,,,,,,,,,,,,,,,,,,,,,,,,,,,,,,,,,,2
90,IND,India,9,EPI_FIRST_WAVE,1366417754.0,7814682.0,57.19101626953831,117956.0,0.8632499076852598,2020-04-11,2020-03-13,2020-03-23,2020-03-26,229,100.0,117956.0,,1145.634566543965,,3.0,0.0,1.0,0.0,0.0,1.0,0.0,2.0,1.0,2.0,33.33,3.0,2.0,2.0,4.0,1.0,2.0,2.0,4.0,2.0,2.0,81.02,0,8,1,6,7.0,9,7,9,27.0,-42.0,6,192.0,30.0,214.0,150.0,103.0,206.0,208.0,162.0,75.0,219.0,195,2
91,IRL,Ireland,25,EPI_SECOND_WAVE,4941444.0,55261.0,111.8316832083901,1878.0,3.8005085153246703,2020-03-10,2020-03-12,2020-03-24,2020-03-27,116,90.74,1720.0,,40.40803940811824,,0.0,1.0,2.0,2.0,0.0,0.0,0.0,0.0,2.0,1.0,31.48,3.0,3.0,2.0,4.0,2.0,2.0,2.0,2.0,1.0,1.0,90.74,1,15,0,3,15.0,16,16,,,85.0,15,104.0,52.0,105.0,102.0,70.0,51.0,89.0,0.0,0.0,20.0,90,3
92,IRN,Iran,162,EPI_SECOND_WAVE,82913906.0,556891.0,67.1649698905754,31985.0,3.8576158744710445,2020-03-01,2020-02-20,2020-02-23,2020-02-25,77,61.57,5877.0,,137.79703550165146,,0.0,0.0,1.0,0.0,0.0,0.0,0.0,0.0,0.0,0.0,2.78,3.0,3.0,2.0,0.0,1.0,1.0,2.0,0.0,0.0,0.0,57.41,14,31,2,,,,14,,,87.0,45,56.0,20.0,68.0,0.0,0.0,0.0,56.0,0.0,0.0,0.0,6,3
93,IRQ,Iraq,20,EPI_FIRST_WAVE,39309783.0,445949.0,113.44478803151877,10513.0,2.674397871898708,2020-03-22,2020-03-06,2020-03-09,2020-03-18,,96.3,,,,,3.0,0.0,2.0,4.0,0.0,0.0,0.0,3.0,1.0,1.0,52.78,,,,,,,,,,,,-10,11,-10,-10,7.0,7,5,11,,,5,,,,,,,,,,,,1
94,ISL,Iceland,0,EPI_SECOND_WAVE,361313.0,4308.0,119.2318017895841,11.0,0.3044451763429492,2020-03-02,2020-03-20,2020-04-07,2020-04-21,76,53.7,10.0,1.0,0.23714193617936877,0.04794817944061539,2.0,2.0,2.0,3.0,0.0,0.0,0.0,3.0,3.0,2.0,53.7,2.0,2.0,2.0,3.0,0.0,0.0,0.0,3.0,3.0,2.0,53.7,,,-4,,,,,,-7.0,-11.0,,0.0,0.0,52.0,0.0,0.0,0.0,0.0,0.0,55.0,59.0,0,4
95,ISR,Israel,18,EPI_FIRST_WAVE,9053300.0,308840.0,341.13527663945746,2329.0,2.572542608772492,2020-03-10,2020-03-21,2020-03-26,2020-03-28,237,94.44,2329.0,,31.69681747715291,,3.0,2.0,2.0,4.0,1.0,2.0,1.0,4.0,1.0,2.0,81.48,3.0,3.0,2.0,4.0,1.0,2.0,2.0,2.0,2.0,1.0,85.19,-8,11,-17,-6,,-1,13,-9,,-4.0,-6,77.0,44.0,182.0,77.0,0.0,146.0,132.0,157.0,0.0,92.0,149,2
96,ITA,Italy,49,EPI_SECOND_WAVE,60297396.0,484869.0,80.41292529448535,37059.0,6.146036555210444,2020-02-26,2020-02-23,2020-02-25,2020-02-26,145,93.52,34938.0,,710.7402349517968,,3.0,3.0,2.0,4.0,0.0,2.0,2.0,3.0,1.0,2.0,69.91,3.0,3.0,2.0,4.0,1.0,3.0,2.0,3.0,2.0,2.0,91.67,0,-1,0,0,49.0,0,-2,,,-23.0,0,140.0,72.0,140.0,85.0,22.0,71.0,88.0,0.0,0.0,146.0,100,3
97,JAM,Jamaica,28,EPI_FIRST_WAVE,2948279.0,8638.0,29.298448349019885,182.0,0.6173092845012293,2020-03-19,2020-03-25,2020-04-15,2020-06-05,215,87.04,182.0,,3.5283203023795373,,3.0,2.0,2.0,4.0,0.0,1.0,2.0,4.0,1.0,1.0,75.0,3.0,2.0,2.0,3.0,1.0,2.0,2.0,2.0,1.0,2.0,78.7,-12,,-14,0,,-12,-12,-4,,153.0,-12,142.0,0.0,205.0,67.0,0.0,198.0,205.0,84.0,0.0,50.0,204,2
98,JEY,Jersey,,EPI_SECOND_WAVE,,530.0,,32.0,,,2020-03-27,2020-04-16,2020-04-17,98,,31.0,,0.2909926535072327,,,,,,,,,,,,,,,,,,,,,,,,,,,,,,,,,,,,,,,,,,,,,,3
99,JOR,Jordan,-11,EPI_FIRST_WAVE,10101694.0,48930.0,48.437420496007896,508.0,0.5028859516037607,2020-03-19,2020-03-29,2020-03-31,2020-07-04,,100.0,,,,,3.0,3.0,2.0,4.0,2.0,3.0,2.0,4.0,2.0,1.0,100.0,,,,,,,,,,,,-14,-11,-11,-11,-11.0,-11,-11,-14,,109.0,-11,,,,,,,,,,,,1
100,JPN,Japan,63,EPI_SECOND_WAVE,126264931.0,95835.0,7.589993455902653,1706.0,0.13511273371701285,2020-03-13,2020-02-13,2020-03-01,2020-03-11,148,47.22,858.0,650.0,11.059805271995147,5.045477984302405,0.0,0.0,0.0,0.0,0.0,0.0,0.0,3.0,1.0,1.0,19.44,3.0,1.0,1.0,0.0,0.0,1.0,1.0,3.0,1.0,1.0,45.37,18,,,,,,,,,,,87.0,0.0,0.0,0.0,0.0,0.0,0.0,0.0,0.0,0.0,0,4
101,KAZ,Kazakhstan,0,EPI_FIRST_WAVE,18513930.0,146982.0,79.38995124211877,2189.0,1.1823529634172756,2020-03-27,2020-03-30,2020-04-06,2020-04-11,201,89.35,2082.0,,8.995894988998492,,3.0,3.0,2.0,4.0,2.0,3.0,2.0,4.0,1.0,2.0,89.35,2.0,2.0,2.0,4.0,2.0,2.0,2.0,4.0,3.0,2.0,80.09,-14,0,-18,-11,-11.0,-11,-12,-14,32.0,-6.0,-11,77.0,51.0,202.0,198.0,136.0,155.0,168.0,137.0,151.0,185.0,198,2
102,KEN,Kenya,10,EPI_SECOND_WAVE,52573973.0,47843.0,9.100130210817433,884.0,0.1681440358330918,2020-04-20,2020-03-27,2020-04-08,2020-04-16,186,88.89,624.0,,9.81109986108114,,3.0,2.0,2.0,4.0,1.0,2.0,2.0,4.0,1.0,1.0,87.04,3.0,2.0,2.0,3.0,1.0,2.0,1.0,2.0,3.0,1.0,73.15,-12,,-14,-14,,0,0,-10,38.0,139.0,-10,170.0,0.0,187.0,132.0,0.0,158.0,118.0,137.0,136.0,35.0,184,3
103,KGZ,Kyrgyzstan,-8,EPI_SECOND_WAVE,6456900.0,55144.0,85.40321206771051,1130.0,1.7500658210596416,2020-03-25,2020-04-02,2020-04-10,2020-05-03,176,92.13,1063.0,,71.48941118186596,,3.0,3.0,2.0,4.0,2.0,3.0,2.0,4.0,1.0,1.0,92.13,3.0,2.0,2.0,4.0,2.0,2.0,2.0,4.0,2.0,1.0,76.39,-17,-8,-21,-8,-8.0,-8,-8,-16,,,-16,166.0,36.0,177.0,171.0,171.0,171.0,171.0,122.0,0.0,0.0,177,3
104,KHM,Cambodia,,EPI_SECOND_WAVE,16486542.0,287.0,0.17408138104400547,0.0,0.0,2020-03-23,,,,62,68.52,0.0,,0.0,,,,,,,,,,,,,3.0,2.0,2.0,4.0,0.0,0.0,0.0,3.0,1.0,1.0,46.3,,,,,,,,,,,,50.0,0.0,50.0,40.0,0.0,0.0,8.0,0.0,0.0,0.0,9,3
105,KNA,Saint Kitts and Nevis,,,52823.0,19.0,3.5969180092005377,0.0,0.0,2020-03-26,,,,,,,,,,,,,,,,,,,,,,,,,,,,,,,,,,,,,,,,,,,,,,,,,,,,,,0
106,KOR,South Korea,45,EPI_SECOND_WAVE,51709098.0,25775.0,4.984616053445759,457.0,0.08837903148107515,2020-02-22,2020-02-21,2020-02-23,2020-02-26,85,82.41,246.0,175.0,3.16317663340579,1.3475349165025574,3.0,0.0,2.0,2.0,0.0,0.0,0.0,3.0,3.0,2.0,45.37,3.0,1.0,2.0,2.0,0.0,1.0,1.0,3.0,3.0,2.0,55.56,-15,45,0,43,,29,29,,-14.0,-10.0,29,84.0,14.0,59.0,16.0,0.0,28.0,28.0,0.0,83.0,79.0,30,4
107,KWT,Kuwait,35,EPI_SECOND_WAVE,4207083.0,120232.0,285.78471116448145,740.0,1.7589384378677577,2020-02-27,2020-04-05,2020-04-18,2020-04-22,242,100.0,612.0,,7.137919552164609,,3.0,2.0,2.0,4.0,2.0,2.0,0.0,4.0,2.0,2.0,81.48,3.0,3.0,2.0,4.0,2.0,3.0,2.0,4.0,2.0,2.0,100.0,-35,1,-26,-25,-24.0,-14,1,-23,,-29.0,-25,216.0,55.0,207.0,128.0,138.0,128.0,161.0,141.0,0.0,210.0,206,3
108,LAO,Laos,,,7169455.0,24.0,0.0334753478472213,0.0,0.0,,,,,,96.3,,,,,,,,,,,,,,,,,,,,,,,,,,,,,,,,,,,,,,,,,,,,,,,,,0
109,LBN,Lebanon,7,EPI_FIRST_WAVE,6855713.0,68479.0,99.88603665293456,559.0,0.815378356707756,2020-03-10,2020-03-11,2020-03-27,2020-03-30,,85.19,,,,,3.0,2.0,0.0,0.0,0.0,0.0,0.0,3.0,1.0,1.0,37.96,,,,,,,,,,,,-11,7,7,7,,7,163,5,,,7,,,,,,,,,,,,1
110,LBR,Liberia,7,EPI_FIRST_WAVE,4937374.0,1393.0,2.8213378204689374,82.0,0.1660801875652928,2020-04-09,2020-04-05,2020-04-12,2020-04-26,193,87.96,82.0,,0.22936428640482007,,3.0,2.0,2.0,4.0,1.0,2.0,2.0,3.0,1.0,1.0,79.63,3.0,2.0,2.0,4.0,1.0,2.0,2.0,3.0,1.0,1.0,79.63,-19,7,-14,-14,,-15,-15,60,148.0,,-14,104.0,41.0,144.0,189.0,0.0,163.0,163.0,1.0,27.0,0.0,189,2
111,LBY,Libya,14,EPI_FIRST_WAVE,6777452.0,53384.0,78.7670646726823,774.0,1.1420221050624926,2020-04-15,2020-04-03,2020-05-29,2020-06-16,,100.0,,,,,3.0,1.0,2.0,4.0,2.0,3.0,2.0,4.0,1.0,1.0,90.74,,,,,,,,,,,,-19,13,-20,-12,-12.0,-12,-12,-18,,,-12,,,,,,,,,,,,1
112,LCA,Saint Lucia,,,182790.0,48.0,2.625964221237486,0.0,0.0,2020-03-15,,,,,,,,,,,,,,,,,,,,,,,,,,,,,,,,,,,,,,,,,,,,,,,,,,,,,,0
113,LIE,Liechtenstein,,,38019.0,330.0,86.7987059102028,1.0,0.26302638154606905,2020-03-05,2020-04-05,,,,,,,,,,,,,,,,,,,,,,,,,,,,,,,,,,,,,,,,,,,,,,,,,,,,,0
114,LKA,Sri Lanka,-2,EPI_FIRST_WAVE,21803000.0,7153.0,3.280741182406091,14.0,0.006421134706233087,2020-03-29,2020-03-29,2020-04-05,2020-05-26,,100.0,,,,,3.0,3.0,2.0,4.0,2.0,3.0,2.0,4.0,1.0,2.0,100.0,,,,,,,,,,,,-11,-13,-15,-15,-6.0,-11,-11,-10,,-52.0,-13,,,,,,,,,,,,1
115,LSO,Lesotho,-103,EPI_SECOND_WAVE,2125268.0,1923.0,9.048270618105576,43.0,0.20232742411780538,2020-06-24,2020-07-10,2020-07-19,2020-07-27,80,90.74,31.0,11.0,0.9143597691728219,0.2670636627216978,0.0,1.0,1.0,3.0,1.0,1.0,1.0,4.0,1.0,1.0,54.63,2.0,2.0,2.0,3.0,1.0,1.0,1.0,4.0,1.0,1.0,71.3,-114,-103,-114,-114,,-114,-114,-103,,,-114,0.0,0.0,43.0,0.0,0.0,0.0,0.0,81.0,0.0,0.0,53,4
116,LTU,Lithuania,20,EPI_FIRST_WAVE,2786844.0,9104.0,32.66777760075555,126.0,0.45212433849903333,2020-03-16,2020-03-21,2020-03-28,2020-04-06,,87.04,,,,,3.0,3.0,2.0,4.0,1.0,1.0,1.0,4.0,1.0,0.0,81.48,,,,,,,,,,,,-8,-5,-9,-5,,,20,-5,,17.0,-5,,,,,,,,,,,,1
117,LUX,Luxembourg,3,EPI_SECOND_WAVE,619896.0,12851.0,207.3089679559152,141.0,2.2745750900150994,2020-03-08,2020-03-14,2020-03-21,2020-03-28,101,79.63,110.0,,2.099087485078422,,0.0,1.0,2.0,4.0,1.0,0.0,0.0,0.0,1.0,2.0,42.59,3.0,3.0,2.0,4.0,1.0,2.0,2.0,0.0,1.0,2.0,79.63,2,2,-1,-1,,3,1,,58.0,-13.0,2,56.0,56.0,73.0,59.0,0.0,34.0,36.0,0.0,28.0,99.0,56,3
118,LVA,Latvia,-8,EPI_FIRST_WAVE,1912789.0,4208.0,21.999290041923075,50.0,0.26139840829281225,2020-03-12,2020-04-04,2020-04-13,2020-04-23,,65.74,,,,,2.0,2.0,2.0,3.0,1.0,1.0,0.0,4.0,1.0,1.0,65.74,,,,,,,,,,,,,,-22,,,,,-18,67.0,53.0,-11,,,,,,,,,,,,1
119,MAR,Morocco,13,EPI_FIRST_WAVE,36471769.0,190416.0,52.209148396393935,3205.0,0.8787618719563617,2020-03-26,2020-03-12,2020-03-25,2020-03-27,,93.52,,,,,0.0,0.0,0.0,0.0,0.0,0.0,0.0,0.0,2.0,0.0,5.56,,,,,,,,,,,,4,8,2,,8.0,8,1,8,91.0,,8,,,,,,,,,,,,1
120,MCO,Monaco,,,38964.0,295.0,75.71091263730624,1.0,0.256647161482394,2020-02-29,2020-04-11,,,,,,,,,,,,,,,,,,,,,,,,,,,,,,,,,,,,,,,,,,,,,,,,,,,,,0
121,MDA,Moldova,5,EPI_FIRST_WAVE,2657637.0,70256.0,264.3551395468982,1655.0,6.227336539941309,2020-03-15,2020-03-19,2020-04-02,2020-04-05,,87.04,,,,,3.0,2.0,2.0,3.0,0.0,0.0,0.0,4.0,1.0,1.0,54.63,,,,,,,,,,,,-8,,-9,2,4.0,5,5,-2,,42.0,4,,,,,,,,,,,,1
122,MDG,Madagascar,-43,EPI_FIRST_WAVE,26969307.0,16810.0,6.23301147485918,238.0,0.08824846704440718,2020-05-02,2020-05-18,2020-05-30,2020-06-11,183,95.37,238.0,,3.6440787103128582,,3.0,2.0,2.0,3.0,1.0,2.0,2.0,4.0,1.0,1.0,70.37,3.0,2.0,2.0,3.0,1.0,2.0,2.0,4.0,1.0,1.0,68.98,-58,-43,-58,,-58.0,-56,-58,-59,,,-58,119.0,0.0,164.0,0.0,6.0,94.0,173.0,160.0,0.0,0.0,129,2
123,MDV,Maldives,,EPI_FIRST_WAVE,530953.0,11391.0,214.5387633180338,37.0,0.6968601740643711,2020-03-09,2020-05-01,2020-05-27,2020-07-03,204,,37.0,,0.42497509341054895,,,,,,,,,,,,,,,,,,,,,,,,,,,,,,,,,,,,,,,,,,,,,,2
124,MEX,Mexico,9,EPI_FIRST_WAVE,127575529.0,880775.0,69.03949424344539,88312.0,6.922330692432402,2020-03-20,2020-03-21,2020-03-25,2020-03-28,230,82.41,83945.0,,604.0672458387767,,0.0,0.0,0.0,0.0,0.0,0.0,0.0,3.0,0.0,1.0,8.33,3.0,2.0,2.0,3.0,1.0,2.0,2.0,3.0,1.0,1.0,70.83,2,5,3,,,9,9,,,,5,205.0,111.0,204.0,0.0,0.0,191.0,198.0,0.0,0.0,0.0,197,2
125,MKD,Macedonia,,EPI_FIRST_WAVE,2083459.0,25991.0,124.74927512372453,883.0,4.238144355132499,2020-03-14,2020-03-23,2020-03-30,2020-04-02,,,,,,,,,,,,,,,,,,,,,,,,,,,,,,,,,,,,,,,,,,,,,,,,,,,1
126,MLI,Mali,-7,EPI_SECOND_WAVE,19658031.0,3444.0,1.7519557274072872,132.0,0.06714812892501798,2020-04-12,2020-04-01,2020-04-06,2020-04-14,128,72.22,124.0,,1.8915724564665979,,3.0,2.0,2.0,3.0,0.0,1.0,2.0,3.0,0.0,0.0,72.22,2.0,1.0,2.0,3.0,0.0,0.0,0.0,4.0,1.0,2.0,52.78,-13,,-7,,,,-7,30,,13.0,-7,68.0,0.0,129.0,0.0,0.0,0.0,36.0,91.0,0.0,110.0,45,3
127,MLT,Malta,,EPI_FIRST_WAVE,502653.0,5258.0,104.60496605013797,49.0,0.9748275649404261,2020-03-09,2020-04-10,2020-05-06,2020-08-23,,,,,,,,,,,,,,,,,,,,,,,,,,,,,,,,,,,,,,,,,,,,,,,,,,,1
128,MMR,Myanmar,16,EPI_FIRST_WAVE,54045420.0,42365.0,7.838777087864244,1038.0,0.1920606778520733,2020-06-19,2020-04-01,2020-04-18,2020-09-09,,86.11,,,,,3.0,2.0,2.0,3.0,0.0,0.0,2.0,3.0,2.0,1.0,65.74,,,,,,,,,,,,-8,9,-19,16,6.0,13,0,178,,,0,,,,,,,,,,,,1
129,MNE,Montenegro,,EPI_FIRST_WAVE,622137.0,16436.0,264.186184071997,255.0,4.098775671596449,2020-03-19,2020-03-27,2020-04-19,2020-06-29,211,,254.0,,3.181590476041116,,,,,,,,,,,,,,,,,,,,,,,,,,,,,,,,,,,,,,,,,,,,,,2
130,MNG,Mongolia,,EPI_SECOND_WAVE,3225167.0,337.0,1.0449071319407646,0.0,0.0,2020-04-15,,,,201,90.74,0.0,,0.0,,,,,,,,,,,,,3.0,2.0,2.0,4.0,0.0,0.0,2.0,4.0,1.0,2.0,71.3,,,,,,,,,,,,175.0,3.0,202.0,102.0,3.0,3.0,150.0,188.0,0.0,202.0,162,3
131,MNP,Northern Mariana Islands,,,57216.0,88.0,15.380313199105146,2.0,0.3495525727069351,2020-03-31,2020-04-02,,,,,,,,,,,,,,,,,,,,,,,,,,,,,,,,,,,,,,,,,,,,,,,,,,,,,0
132,MOZ,Mozambique,22,EPI_FIRST_WAVE,30366036.0,11748.0,3.8687960456873594,82.0,0.027003853910994507,2020-05-21,2020-05-26,2020-06-22,2020-07-19,203,80.56,71.0,,1.554893230470885,,3.0,0.0,2.0,3.0,1.0,1.0,0.0,2.0,1.0,2.0,56.48,2.0,1.0,2.0,3.0,0.0,1.0,2.0,2.0,1.0,2.0,62.04,-64,,-64,,,,22,3,,-65.0,3,139.0,0.0,195.0,0.0,0.0,0.0,109.0,65.0,0.0,204.0,116,2
133,MRT,Mauritania,-5,EPI_FIRST_WAVE,4525696.0,7638.0,16.876962129139915,163.0,0.36016559662867326,2020-05-16,2020-04-03,2020-05-22,2020-05-28,189,77.78,161.0,,2.975763844024581,,3.0,1.0,2.0,4.0,0.0,2.0,2.0,4.0,0.0,2.0,77.78,3.0,1.0,2.0,4.0,0.0,2.0,2.0,4.0,1.0,2.0,77.78,-18,,-15,-15,,-15,-5,-11,,-21.0,-11,89.0,0.0,95.0,96.0,0.0,98.0,98.0,160.0,0.0,190.0,95,2
134,MSR,Montserrat,-15,,,13.0,,1.0,,,2020-04-26,,,,72.22,,,,,3.0,3.0,2.0,4.0,0.0,3.0,0.0,4.0,2.0,2.0,72.22,,,,,,,,,,,,-41,-31,-31,-31,,-39,,-31,,-40.0,-31,,,,,,,,,,,,0
135,MUS,Mauritius,4,EPI_SECOND_WAVE,1265711.0,435.0,3.4368035041174485,10.0,0.07900697710614825,2020-03-21,2020-03-22,2020-04-02,2020-04-28,45,82.41,10.0,,0.39921880725623815,,3.0,3.0,2.0,0.0,1.0,0.0,0.0,4.0,1.0,1.0,50.0,3.0,3.0,2.0,3.0,1.0,2.0,1.0,4.0,1.0,1.0,82.41,-3,-2,-2,,,1,,-3,71.0,46.0,1,46.0,46.0,46.0,0.0,0.0,43.0,0.0,46.0,0.0,0.0,43,3
136,MWI,Malawi,122,EPI_FIRST_WAVE,18628747.0,5885.0,3.1590959928759568,183.0,0.09823527046666101,2020-05-26,2020-04-08,2020-06-14,2020-06-22,184,64.81,179.0,,3.6460206900916576,,3.0,1.0,2.0,3.0,0.0,0.0,0.0,4.0,1.0,2.0,56.48,3.0,1.0,2.0,3.0,0.0,1.0,0.0,4.0,1.0,2.0,60.19,-16,,-19,122,,,,-19,,-5.0,10,157.0,0.0,185.0,41.0,0.0,0.0,0.0,151.0,0.0,185.0,142,2
137,MYS,Malaysia,66,EPI_FIRST_WAVE,31949777.0,24514.0,7.672667011103083,214.0,0.06698012321024964,2020-03-14,2020-03-18,2020-03-23,2020-03-23,,75.0,,,,,3.0,3.0,2.0,2.0,0.0,1.0,2.0,3.0,1.0,2.0,73.15,,,,,,,,,,,,0,0,0,,,,0,66,21.0,-54.0,0,,,,,,,,,,,,1
138,NAM,Namibia,-85,EPI_FIRST_WAVE,2494530.0,12501.0,50.11364866327525,133.0,0.5331665684517725,2020-04-02,2020-07-11,2020-07-22,2020-07-31,139,73.15,133.0,,2.783705142177559,,2.0,2.0,1.0,2.0,0.0,1.0,0.0,4.0,1.0,2.0,51.85,2.0,2.0,2.0,2.0,0.0,1.0,2.0,1.0,1.0,2.0,57.41,-116,,-116,-67,,-106,-106,-109,,-119.0,-106,0.0,0.0,63.0,11.0,0.0,40.0,107.0,49.0,0.0,129.0,43,2
139,NCL,New Caledonia,,,287800.0,27.0,0.9381514940931203,0.0,0.0,2020-03-21,,,,,,,,,,,,,,,,,,,,,,,,,,,,,,,,,,,,,,,,,,,,,,,,,,,,,,0
140,NER,Niger,3,EPI_FIRST_WAVE,23310715.0,1215.0,0.52121953359217,69.0,0.0296001216607899,2020-04-05,2020-03-25,2020-04-02,2020-04-06,168,61.11,69.0,,0.7781178387639894,,3.0,0.0,2.0,3.0,0.0,0.0,0.0,4.0,1.0,0.0,52.78,3.0,0.0,2.0,3.0,0.0,0.0,2.0,4.0,1.0,1.0,61.11,-5,,-12,,,,3,-6,,,3,72.0,0.0,53.0,0.0,0.0,0.0,46.0,140.0,0.0,0.0,46,2
141,NGA,Nigeria,30,EPI_FIRST_WAVE,200963599.0,61882.0,3.0792641208620073,1129.0,0.056179328277256815,2020-04-25,2020-03-24,2020-04-06,2020-04-12,236,85.65,1129.0,,10.339240816475595,,2.0,1.0,2.0,3.0,0.0,1.0,0.0,4.0,1.0,2.0,48.61,3.0,2.0,2.0,3.0,1.0,1.0,2.0,4.0,1.0,2.0,76.39,2,5,-4,4,5.0,5,5,-1,,-25.0,5,141.0,36.0,147.0,37.0,36.0,36.0,122.0,144.0,0.0,226.0,166,2
142,NIC,Nicaragua,18,EPI_FIRST_WAVE,6545502.0,5434.0,8.30188425578359,155.0,0.23680383872772479,2020-05-23,2020-03-28,2020-05-04,2020-05-23,210,16.67,154.0,,1.82576509061969,,0.0,0.0,0.0,0.0,0.0,0.0,0.0,1.0,1.0,0.0,8.33,0.0,0.0,0.0,0.0,0.0,0.0,0.0,0.0,1.0,0.0,11.11,,,,,,,,,,,,0.0,0.0,0.0,0.0,0.0,0.0,0.0,0.0,0.0,0.0,0,2
143,NLD,Netherlands,24,EPI_FIRST_WAVE,17332850.0,272092.0,156.9805311878889,6954.0,4.012034950974594,2020-03-07,2020-03-07,2020-03-12,2020-03-15,,79.63,,,,,0.0,0.0,0.0,0.0,0.0,1.0,0.0,0.0,1.0,2.0,1.85,,,,,,,,,,,,9,8,3,164,,16,,,,-9.0,9,,,,,,,,,,,,1
144,NOR,Norway,11,EPI_SECOND_WAVE,5347896.0,17232.0,32.22201778045048,279.0,0.5217004967935054,2020-03-04,2020-03-13,2020-03-20,2020-03-25,146,79.63,253.0,,2.9072367738470204,,3.0,2.0,0.0,2.0,1.0,0.0,0.0,0.0,1.0,0.0,40.74,3.0,2.0,2.0,4.0,1.0,0.0,2.0,4.0,1.0,0.0,79.63,-1,,11,11,,,3,2,,81.0,3,39.0,0.0,70.0,28.0,0.0,0.0,35.0,92.0,0.0,44.0,59,3
145,NPL,Nepal,-54,EPI_FIRST_WAVE,28608710.0,153008.0,53.48301269089029,829.0,0.28977189114783575,2020-05-13,2020-05-17,2020-05-29,2020-06-05,,96.3,,,,,3.0,2.0,2.0,4.0,2.0,2.0,2.0,4.0,1.0,2.0,92.59,,,,,,,,,,,,-59,-56,-60,-56,-54.0,-55,-56,-55,,-114.0,-56,,,,,,,,,,,,1
146,NZL,New Zealand,-3,EPI_SECOND_WAVE,4917000.0,1934.0,3.933292658124873,25.0,0.0508440105755542,2020-03-19,2020-03-29,2020-04-13,2020-04-17,218,96.3,25.0,,0.12353974016417334,,3.0,3.0,2.0,4.0,2.0,2.0,2.0,4.0,1.0,2.0,96.3,3.0,3.0,2.0,4.0,2.0,2.0,2.0,4.0,1.0,2.0,96.3,-5,-4,-13,-6,-3.0,-6,-6,-9,,-30.0,-6,44.0,53.0,79.0,94.0,33.0,71.0,71.0,200.0,0.0,219.0,71,3
147,OMN,Oman,115,EPI_SECOND_WAVE,4974986.0,111837.0,224.79862254888758,1147.0,2.305534126126184,2020-03-19,2020-04-01,2020-04-18,2020-04-25,200,100.0,609.0,,7.807706483748583,,3.0,2.0,2.0,4.0,2.0,0.0,2.0,4.0,2.0,2.0,85.19,3.0,2.0,2.0,4.0,2.0,2.0,2.0,4.0,2.0,2.0,87.96,-17,115,-15,-15,-13.0,9,-14,-14,,-15.0,-14,160.0,24.0,158.0,158.0,156.0,111.0,157.0,131.0,0.0,158.0,157,3
148,PAK,Pakistan,6,EPI_FIRST_WAVE,216565318.0,327063.0,15.102279673423979,6727.0,0.3106222206826303,2020-03-27,2020-03-20,2020-03-23,2020-03-29,187,96.3,6318.0,,101.62191269943511,,3.0,0.0,2.0,4.0,0.0,0.0,0.0,3.0,1.0,1.0,52.78,3.0,2.0,2.0,4.0,0.0,1.0,0.0,3.0,2.0,1.0,61.11,-22,3,-7,-7,3.0,3,4,1,,42.0,3,188.0,23.0,150.0,150.0,76.0,122.0,110.0,61.0,0.0,41.0,138,2
149,PAN,Panama,38,EPI_FIRST_WAVE,4246439.0,127866.0,301.1134741368003,2622.0,6.174585340799668,2020-03-13,2020-03-11,2020-03-24,2020-03-28,228,93.52,2622.0,,26.048932932544044,,0.0,0.0,0.0,0.0,0.0,0.0,0.0,1.0,2.0,1.0,8.33,3.0,2.0,2.0,3.0,1.0,3.0,2.0,4.0,2.0,1.0,83.33,1,9,2,,23.0,21,12,38,,171.0,9,216.0,54.0,215.0,0.0,115.0,196.0,205.0,179.0,0.0,46.0,203,2
150,PER,Peru,42,EPI_FIRST_WAVE,32510453.0,883116.0,271.6406320145708,34033.0,10.468325372150305,2020-03-20,2020-03-20,2020-03-22,2020-03-28,226,96.3,33759.0,,361.90224850446106,,3.0,3.0,2.0,4.0,1.0,3.0,2.0,4.0,1.0,1.0,94.44,3.0,2.0,2.0,4.0,2.0,2.0,2.0,4.0,2.0,2.0,85.19,-8,-4,-8,-5,42.0,-5,-5,-4,,81.0,-5,216.0,46.0,216.0,213.0,143.0,213.0,213.0,199.0,0.0,127.0,208,2
151,PHL,Philippines,49,EPI_FIRST_WAVE,108116615.0,365799.0,33.83374516488516,6915.0,0.6395871716849441,2020-03-25,2020-02-02,2020-03-14,2020-03-16,265,100.0,6914.0,,47.543096225410736,,0.0,0.0,0.0,0.0,0.0,0.0,0.0,3.0,1.0,0.0,19.44,3.0,2.0,2.0,4.0,2.0,2.0,2.0,3.0,2.0,2.0,79.63,37,45,42,45,42.0,42,42,49,152.0,3.0,42,209.0,72.0,213.0,153.0,91.0,153.0,135.0,107.0,20.0,252.0,163,2
152,PNG,Papua New Guinea,-104,EPI_FIRST_WAVE,8776109.0,583.0,0.6643035085366419,7.0,0.007976199930971687,2020-07-27,2020-07-29,2020-08-29,,111,83.8,7.0,,0.09003351588358964,,0.0,1.0,2.0,3.0,1.0,0.0,0.0,2.0,2.0,1.0,45.37,3.0,2.0,1.0,0.0,1.0,0.0,2.0,3.0,1.0,2.0,55.56,-128,9,-127,-104,-127.0,-112,-127,-130,,-180.0,-127,10.0,5.0,30.0,0.0,5.0,8.0,10.0,0.0,0.0,72.0,5,2
153,POL,Poland,27,EPI_FIRST_WAVE,37970874.0,228318.0,60.129772098477375,4172.0,1.098736889753973,2020-03-18,2020-03-13,2020-03-18,2020-03-25,,83.33,,,,,3.0,0.0,2.0,0.0,0.0,0.0,1.0,1.0,0.0,0.0,41.67,,,,,,,,,,,,-1,,-3,18,,18,18,2,,81.0,18,,,,,,,,,,,,1
154,PRI,Puerto Rico,-12,EPI_SECOND_WAVE,3193694.0,60984.0,190.9512933925417,791.0,2.47675575681327,2020-03-28,2020-03-28,2020-03-30,2020-04-02,161,93.52,453.0,,7.292260454510653,,3.0,3.0,2.0,4.0,2.0,2.0,2.0,3.0,1.0,1.0,93.52,3.0,2.0,2.0,3.0,2.0,2.0,0.0,1.0,1.0,2.0,67.59,-12,-13,-15,-13,-13.0,-13,-16,,,10.0,-13,162.0,39.0,162.0,80.0,162.0,131.0,80.0,0.0,0.0,152.0,162,3
155,PRT,Portugal,22,EPI_FIRST_WAVE,10269417.0,112440.0,109.4901492460575,2276.0,2.216289395980317,2020-03-12,2020-03-18,2020-03-21,2020-03-22,,87.96,,,,,3.0,2.0,0.0,0.0,0.0,0.0,0.0,3.0,1.0,2.0,37.96,,,,,,,,,,,,-2,1,1,1,,1,22,,23.0,-52.0,1,,,,,,,,,,,,1
156,PRY,Paraguay,19,EPI_FIRST_WAVE,7044636.0,58259.0,82.69980166469921,1278.0,1.8141462525530063,2020-03-25,2020-03-21,2020-04-06,2020-05-01,,94.44,,,,,3.0,3.0,2.0,4.0,2.0,2.0,2.0,3.0,2.0,1.0,85.19,,,,,,,,,,,,-11,-8,-11,0,0.0,-4,-5,3,,-14.0,-5,,,,,,,,,,,,1
157,PSE,Palestina,-5,EPI_FIRST_WAVE,4685306.0,61183.0,130.58485400953535,509.0,1.0863751481760209,2020-03-11,2020-03-27,2020-05-24,2020-07-02,199,96.3,444.0,,6.533457116624045,,3.0,3.0,2.0,4.0,2.0,2.0,2.0,4.0,1.0,1.0,96.3,3.0,2.0,2.0,3.0,2.0,2.0,2.0,4.0,1.0,1.0,83.33,-21,-5,-22,-5,-5.0,-5,-22,-22,,,-21,200.0,85.0,200.0,60.0,200.0,200.0,200.0,199.0,0.0,0.0,195,2
158,PYF,French Polynesia,,EPI_FIRST_WAVE,279287.0,5797.0,207.564261852503,20.0,0.716109235302753,2020-03-19,2020-09-12,2020-09-23,2020-10-10,,,,,,,,,,,,,,,,,,,,,,,,,,,,,,,,,,,,,,,,,,,,,,,,,,,1
159,QAT,Qatar,-1,EPI_FIRST_WAVE,2832067.0,130711.0,461.5392220593651,229.0,0.808596689273241,2020-03-09,2020-03-29,2020-04-08,2020-04-23,236,86.11,218.0,,2.1260277120714894,,3.0,2.0,2.0,4.0,2.0,1.0,2.0,4.0,1.0,2.0,86.11,3.0,2.0,2.0,4.0,2.0,1.0,1.0,4.0,3.0,2.0,83.33,-19,,-7,-7,-14.0,,-12,-11,45.0,-21.0,-12,175.0,0.0,202.0,128.0,170.0,0.0,36.0,89.0,150.0,216.0,207,2
160,ROU,Romania,8,EPI_FIRST_WAVE,19356544.0,201032.0,103.85738280552562,6245.0,3.2262990748761764,2020-03-15,2020-03-23,2020-03-24,2020-03-25,,87.04,,,,,3.0,2.0,2.0,4.0,1.0,1.0,1.0,4.0,1.0,0.0,75.0,,,,,,,,,,,,-12,,-15,-1,8.0,2,7,-2,,,-4,,,,,,,,,,,,1
161,RUS,Russia,3,EPI_SECOND_WAVE,144373535.0,1480646.0,102.55660776055667,25525.0,1.7679833080210996,2020-03-27,2020-03-27,2020-03-29,2020-03-31,163,87.04,16568.0,,98.91681730811243,,3.0,2.0,2.0,3.0,0.0,2.0,2.0,3.0,1.0,2.0,69.91,3.0,2.0,2.0,4.0,1.0,3.0,2.0,4.0,3.0,2.0,78.24,-6,3,-17,3,,-22,-22,3,10.0,-22.0,-10,94.0,43.0,164.0,150.0,0.0,158.0,158.0,107.0,143.0,164.0,157,3
162,RWA,Rwanda,-71,EPI_FIRST_WAVE,12626950.0,5062.0,4.0088857562594296,34.0,0.026926534119482537,2020-03-30,2020-05-31,2020-07-19,2020-08-19,205,90.74,29.0,,0.5158176748232415,,3.0,2.0,2.0,3.0,0.0,1.0,1.0,4.0,3.0,2.0,69.44,3.0,2.0,2.0,3.0,0.0,2.0,2.0,2.0,3.0,2.0,70.37,-76,-71,-84,,-71.0,-71,-71,-71,-71.0,-84.0,-71,205.0,44.0,206.0,0.0,77.0,149.0,137.0,158.0,200.0,206.0,178,2
163,SAU,Saudi Arabia,32,EPI_FIRST_WAVE,34268528.0,344157.0,100.4294669441302,5264.0,1.5361033307295837,2020-03-20,2020-03-25,2020-03-30,2020-04-01,235,94.44,5264.0,,42.68123753010761,,3.0,2.0,2.0,3.0,2.0,2.0,2.0,4.0,2.0,2.0,89.81,3.0,1.0,2.0,3.0,1.0,1.0,1.0,4.0,3.0,2.0,71.3,-16,,-12,32,-4.0,-2,-17,-10,63.0,-53.0,-9,219.0,0.0,215.0,43.0,92.0,69.0,105.0,169.0,140.0,225.0,183,2
164,SDN,Sudan,75,EPI_FIRST_WAVE,42813238.0,13724.0,3.20555058227551,836.0,0.1952667069937574,2020-04-27,2020-03-15,2020-04-15,2020-04-19,214,91.67,835.0,,12.381309431915739,,3.0,1.0,2.0,3.0,0.0,0.0,0.0,0.0,2.0,0.0,45.37,3.0,3.0,2.0,3.0,2.0,2.0,2.0,4.0,2.0,1.0,87.04,-1,34,-1,,11.0,34,29,1,,,8,213.0,81.0,213.0,0.0,117.0,92.0,141.0,119.0,0.0,0.0,180,2
165,SEN,Senegal,-8,EPI_FIRST_WAVE,16296364.0,15525.0,9.526664966491913,321.0,0.19697645437963954,2020-03-25,2020-04-02,2020-04-21,2020-05-05,235,77.78,321.0,,2.9083665105432646,,3.0,0.0,2.0,4.0,0.0,3.0,2.0,4.0,1.0,2.0,77.78,2.0,0.0,0.0,2.0,0.0,0.0,0.0,3.0,2.0,2.0,32.41,-17,,-19,-10,,-8,-10,-13,106.0,-27.0,-10,101.0,0.0,125.0,49.0,0.0,97.0,76.0,119.0,21.0,222.0,94,2
166,SGP,Singapore,23,EPI_FIRST_WAVE,5703569.0,57951.0,101.60480218613993,28.0,0.04909206849255265,2020-02-07,2020-03-22,2020-04-03,2020-04-15,286,85.19,28.0,,0.43859235516735756,,0.0,0.0,2.0,2.0,0.0,0.0,0.0,3.0,2.0,2.0,36.11,3.0,3.0,2.0,4.0,1.0,2.0,2.0,2.0,2.0,2.0,85.19,17,16,-9,17,,17,17,,,-62.0,16,55.0,35.0,215.0,189.0,0.0,72.0,72.0,0.0,0.0,268.0,73,2
167,SLB,Solomon Islands,,,669823.0,3.0,0.04478795144388891,0.0,0.0,,,,,,61.11,,,,,,,,,,,,,,,,,,,,,,,,,,,,,,,,,,,,,,,,,,,,,,,,,0
168,SLE,Sierra Leone,9,EPI_FIRST_WAVE,7813215.0,2343.0,2.9987655529765918,74.0,0.09471133201889363,2020-04-21,2020-04-24,2020-05-01,2020-05-06,206,94.44,74.0,,1.361073680332296,,3.0,2.0,2.0,3.0,1.0,2.0,2.0,4.0,2.0,2.0,84.26,3.0,0.0,2.0,3.0,1.0,1.0,2.0,4.0,2.0,2.0,73.15,-24,-19,-33,-19,,-19,-19,-27,,-24.0,-24,91.0,6.0,103.0,6.0,0.0,24.0,64.0,112.0,0.0,196.0,68,2
169,SLV,El Salvador,36,EPI_FIRST_WAVE,6453553.0,32421.0,50.237442847374155,944.0,1.4627601260886833,2020-04-02,2020-04-01,2020-04-09,2020-05-01,176,100.0,777.0,,10.508337413372962,,3.0,3.0,2.0,2.0,1.0,3.0,2.0,4.0,2.0,0.0,88.89,3.0,2.0,2.0,3.0,2.0,2.0,2.0,4.0,3.0,1.0,89.81,-21,-11,-11,20,36.0,-11,-14,-20,23.0,,-14,177.0,73.0,175.0,70.0,109.0,175.0,177.0,177.0,141.0,0.0,177,2
170,SMR,San Marino,46,EPI_SECOND_WAVE,33860.0,819.0,241.87832250443,42.0,12.404016538688719,2020-02-28,2020-03-02,2020-03-13,2020-03-18,152,92.59,42.0,,0.4389032563722748,,3.0,0.0,0.0,0.0,0.0,0.0,0.0,4.0,1.0,2.0,33.33,3.0,2.0,2.0,4.0,2.0,2.0,2.0,4.0,2.0,2.0,92.59,-2,,6,6,13.0,39,46,-1,80.0,-4.0,6,138.0,0.0,99.0,99.0,50.0,23.0,16.0,63.0,56.0,140.0,85,3
171,SOM,Somalia,1,EPI_SECOND_WAVE,15442905.0,3897.0,2.523488942009292,102.0,0.06604974905951956,2020-04-16,2020-04-10,2020-04-16,2020-04-23,138,60.19,93.0,9.0,1.6533175583083035,0.02114827445424659,3.0,0.0,2.0,3.0,0.0,0.0,0.0,4.0,1.0,0.0,52.78,3.0,1.0,2.0,3.0,0.0,1.0,0.0,4.0,1.0,0.0,60.19,-20,,-22,,,154,142,-23,,,1,139.0,0.0,97.0,0.0,0.0,0.0,0.0,130.0,0.0,0.0,48,4
172,SRB,Serbia,0,EPI_THIRD_WAVE,6944975.0,38115.0,54.88140706050058,786.0,1.13175353403,2020-03-14,2020-03-21,2020-03-28,2020-03-29,85,100.0,242.0,501.0,5.427906103200865,9.947890055808589,3.0,3.0,2.0,4.0,2.0,3.0,2.0,4.0,1.0,2.0,100.0,3.0,3.0,2.0,4.0,2.0,3.0,2.0,4.0,1.0,2.0,100.0,-5,0,-6,-6,0.0,-6,-3,-5,62.0,-15.0,-5,62.0,31.0,78.0,63.0,57.0,63.0,60.0,62.0,10.0,86.0,62,5
173,SSD,South Sudan,-27,EPI_FIRST_WAVE,11062113.0,2876.0,2.599864962507615,56.0,0.050623239881928524,2020-05-07,2020-05-15,2020-05-20,2020-05-30,133,86.11,47.0,,0.7703903974604435,,3.0,2.0,2.0,3.0,0.0,2.0,2.0,2.0,2.0,2.0,73.15,3.0,2.0,2.0,3.0,2.0,2.0,2.0,4.0,2.0,2.0,85.19,-56,-48,-60,,14.0,-27,-33,-52,,-8.0,-51,134.0,25.0,134.0,0.0,88.0,100.0,86.0,98.0,0.0,110.0,134,2
174,STP,São Tomé and Príncipe,,EPI_SECOND_WAVE,215056.0,938.0,43.616546387917566,15.0,0.6974927460754408,2020-04-09,2020-05-01,2020-05-09,2020-05-26,86,,13.0,2.0,0.2719098690569876,0.05106926642743147,,,,,,,,,,,,,,,,,,,,,,,,,,,,,,,,,,,,,,,,,,,,,4
175,SUR,Suriname,160,EPI_FIRST_WAVE,581372.0,5155.0,88.66956096956854,109.0,1.8748752949918468,2020-03-22,2020-04-04,2020-06-16,2020-06-25,203,100.0,108.0,,1.6437979714379678,,3.0,0.0,2.0,4.0,0.0,2.0,2.0,4.0,1.0,1.0,71.3,3.0,2.0,2.0,4.0,2.0,2.0,2.0,4.0,2.0,1.0,85.19,-19,61,-22,-7,2.0,-7,-19,-21,,,-7,180.0,21.0,178.0,172.0,162.0,176.0,150.0,162.0,0.0,0.0,185,2
176,SVK,Slovakia,1,EPI_FIRST_WAVE,5454073.0,37911.0,69.50952068298315,134.0,0.24568794733770524,2020-03-14,2020-04-07,2020-04-16,2020-04-19,,87.04,,,,,3.0,2.0,2.0,3.0,1.0,1.0,1.0,4.0,1.0,2.0,75.0,,,,,,,,,,,,-28,,-28,1,,1,1,-25,150.0,-97.0,-25,,,,,,,,,,,,1
177,SVN,Slovenia,12,EPI_FIRST_WAVE,2087946.0,19313.0,92.49760290735489,179.0,0.8573018650865492,2020-03-08,2020-03-18,2020-03-27,2020-03-30,,89.81,,,,,3.0,0.0,0.0,2.0,2.0,1.0,0.0,3.0,2.0,2.0,50.93,,,,,,,,,,,,-2,2,1,1,-2.0,,12,,,-14.0,1,,,,,,,,,,,,1
178,SWE,Sweden,23,EPI_SECOND_WAVE,10285453.0,110594.0,107.5246758698912,5933.0,5.768340976328412,2020-03-05,2020-03-12,2020-03-12,2020-03-17,196,46.3,5834.0,,28.991914381294077,,0.0,0.0,0.0,2.0,0.0,0.0,0.0,0.0,1.0,2.0,16.67,1.0,1.0,1.0,3.0,0.0,0.0,0.0,3.0,2.0,1.0,38.89,,,,,,,,,,-41.0,,0.0,0.0,0.0,0.0,0.0,0.0,0.0,0.0,0.0,34.0,0,3
179,SWZ,Swaziland,-15,EPI_FIRST_WAVE,1148130.0,5831.0,50.78693179343802,116.0,1.0103385505125726,2020-03-27,2020-04-18,2020-06-21,2020-06-29,223,89.81,116.0,,1.9343636802723314,,3.0,2.0,2.0,3.0,1.0,2.0,2.0,4.0,1.0,2.0,84.26,2.0,2.0,2.0,3.0,1.0,2.0,2.0,4.0,2.0,1.0,80.56,-32,,-32,,-22.0,-22,-22,-22,,-36.0,-22,113.0,0.0,211.0,0.0,20.0,144.0,144.0,189.0,0.0,39.0,196,2
180,SXM,Sint Maarten,,EPI_FIRST_WAVE,40733.0,780.0,191.49092873100435,22.0,5.401026194977046,2020-03-03,2020-04-02,2020-04-08,2020-04-20,191,,21.0,,0.041330371924561314,,,,,,,,,,,,,,,,,,,,,,,,,,,,,,,,,,,,,,,,,,,,,,2
181,SYC,Seychelles,,EPI_FIRST_WAVE,97625.0,153.0,15.672215108834827,0.0,0.0,2020-03-15,,,,85,93.52,0.0,,0.0,,,,,,,,,,,,,0.0,0.0,0.0,0.0,0.0,0.0,0.0,3.0,2.0,2.0,19.44,,,,,,,,,,,,0.0,0.0,0.0,28.0,0.0,0.0,0.0,0.0,0.0,86.0,0,2
182,SYR,Syria,18,EPI_FIRST_WAVE,17070135.0,5319.0,3.115968327139768,264.0,0.15465607038257168,2020-05-25,2020-03-30,2020-06-02,2020-07-04,178,86.11,180.0,,2.9947563918662237,,3.0,3.0,2.0,3.0,2.0,0.0,2.0,3.0,0.0,0.0,80.56,2.0,2.0,2.0,3.0,0.0,1.0,0.0,3.0,1.0,0.0,57.41,-16,-8,-8,,-7.0,18,-5,,,,-8,147.0,24.0,179.0,0.0,56.0,38.0,57.0,0.0,0.0,0.0,147,2
183,TCA,Turks and Caicos Islands,-11,EPI_FIRST_WAVE,38191.0,699.0,183.0274148359561,6.0,1.5710507711240869,2020-03-25,2020-04-06,2020-09-05,,198,79.63,5.0,,0.11396069455787894,,3.0,3.0,2.0,4.0,0.0,2.0,2.0,4.0,1.0,2.0,79.63,3.0,2.0,2.0,3.0,0.0,2.0,2.0,1.0,3.0,2.0,62.96,-17,-11,-11,-11,,-11,-11,-13,12.0,-14.0,-11,191.0,28.0,191.0,109.0,0.0,154.0,154.0,46.0,179.0,191.0,107,2
184,TCD,Chad,-16,EPI_SECOND_WAVE,15946876.0,1423.0,0.8923377845290826,96.0,0.06019987864707796,2020-05-03,2020-04-29,2020-05-01,2020-05-03,97,88.89,74.0,,2.394812401826514,,3.0,3.0,2.0,3.0,2.0,2.0,2.0,4.0,1.0,1.0,88.89,3.0,3.0,2.0,3.0,2.0,2.0,2.0,4.0,1.0,1.0,87.04,-16,-16,-16,142,-16.0,-27,-16,-16,,84.0,-16,73.0,35.0,74.0,0.0,35.0,85.0,73.0,74.0,0.0,0.0,74,3
185,TGO,Togo,5,EPI_SECOND_WAVE,8082366.0,2162.0,2.674959287911485,52.0,0.06433759619398577,2020-04-05,2020-03-28,2020-04-17,2020-05-09,100,73.15,13.0,,0.16345120273845182,,3.0,2.0,2.0,2.0,0.0,1.0,2.0,4.0,1.0,0.0,69.44,3.0,2.0,2.0,2.0,0.0,2.0,2.0,4.0,1.0,0.0,73.15,-8,,-12,,,5,-7,-8,,59.0,-8,80.0,0.0,92.0,0.0,0.0,68.0,80.0,88.0,0.0,21.0,81,3
186,THA,Thailand,33,EPI_FIRST_WAVE,69625582.0,3731.0,0.5358662567445397,59.0,0.008473896850154875,2020-03-21,2020-03-01,2020-03-27,2020-03-31,115,76.85,58.0,,1.4778236449326494,,0.0,0.0,0.0,0.0,0.0,0.0,0.0,0.0,0.0,0.0,0.0,3.0,2.0,2.0,3.0,0.0,1.0,2.0,4.0,1.0,1.0,68.06,17,33,9,,,,25,24,,44.0,25,89.0,30.0,88.0,0.0,0.0,0.0,88.0,89.0,0.0,69.0,88,2
187,TJK,Tajikistan,47,EPI_FIRST_WAVE,9321018.0,10695.0,11.474068604952807,81.0,0.08690037933624846,2020-05-04,2020-05-04,2020-05-06,2020-05-08,120,73.15,68.0,,1.095934516963422,,2.0,2.0,2.0,0.0,0.0,0.0,0.0,4.0,1.0,1.0,48.15,2.0,2.0,2.0,0.0,0.0,1.0,0.0,4.0,1.0,1.0,51.85,,,-16,,30.0,5,42,-24,,,30,0.0,0.0,121.0,0.0,86.0,3.0,31.0,61.0,0.0,0.0,51,2
188,TLS,Timor-Leste,,,1293119.0,29.0,0.22426396951865993,0.0,0.0,2020-04-17,,,,,77.78,,,,,,,,,,,,,,,,,,,,,,,,,,,,,,,,,,,,,,,,,,,,,,,,,0
189,TTO,Trinidad and Tobago,32,EPI_FIRST_WAVE,1394973.0,5487.0,39.33409463839085,104.0,0.7455341429547382,2020-03-18,2020-03-26,2020-04-02,2020-08-16,208,90.74,96.0,,2.006844813335563,,3.0,2.0,2.0,3.0,0.0,0.0,0.0,4.0,2.0,2.0,60.19,3.0,2.0,2.0,4.0,1.0,1.0,2.0,4.0,1.0,2.0,80.56,-12,4,-5,5,,4,32,-3,,-13.0,-3,202.0,52.0,202.0,141.0,0.0,70.0,101.0,202.0,0.0,202.0,194,2
190,TUN,Tunisia,1,EPI_FIRST_WAVE,11694719.0,47214.0,40.372068794470394,784.0,0.6703880614831361,2020-03-22,2020-03-21,2020-03-26,2020-04-02,,90.74,,,,,3.0,1.0,2.0,4.0,0.0,2.0,2.0,4.0,1.0,1.0,77.78,,,,,,,,,,,,-8,1,-8,-1,,-1,-1,-5,,47.0,-1,,,,,,,,,,,,1
191,TUR,Turkey,23,EPI_SECOND_WAVE,83429615.0,357693.0,42.87362467152701,9658.0,1.1576225061088918,2020-03-21,2020-03-19,2020-03-21,2020-03-22,133,77.78,5545.0,,107.08251034361041,,3.0,2.0,2.0,0.0,0.0,1.0,1.0,3.0,2.0,1.0,58.33,3.0,2.0,2.0,0.0,1.0,2.0,2.0,4.0,2.0,1.0,75.93,-3,,-3,,,2,9,8,,31.0,2,130.0,0.0,128.0,0.0,0.0,125.0,65.0,66.0,0.0,96.0,123,3
192,TWN,Taiwan,-15,EPI_FIRST_WAVE,,550.0,,7.0,,,2020-02-17,2020-03-30,,144,30.56,7.0,,0.1924952210984511,,3.0,0.0,0.0,0.0,0.0,0.0,0.0,3.0,2.0,2.0,30.56,0.0,0.0,1.0,0.0,0.0,0.0,0.0,4.0,2.0,2.0,27.78,-15,,,,,,,31,96.0,-27.0,,23.0,0.0,0.0,0.0,0.0,0.0,0.0,66.0,1.0,124.0,0,2
193,TZA,Tanzania,14,EPI_FIRST_WAVE,58005463.0,509.0,0.08775035551392805,21.0,0.003620348655780922,2020-04-25,2020-03-29,2020-04-18,2020-04-23,60,50.0,21.0,,0.7095083797330409,,3.0,0.0,2.0,3.0,0.0,0.0,0.0,3.0,0.0,1.0,47.22,3.0,0.0,2.0,3.0,0.0,0.0,0.0,4.0,0.0,1.0,50.0,-11,,-12,,,,,14,,,,61.0,0.0,61.0,0.0,0.0,0.0,0.0,36.0,0.0,0.0,0,2
194,UGA,Uganda,-117,EPI_FIRST_WAVE,44269594.0,11163.0,2.5215952963110526,99.0,0.022362978978302805,2020-05-17,2020-07-25,2020-08-04,2020-08-14,191,93.52,99.0,,1.4003423289143069,,3.0,2.0,2.0,4.0,2.0,2.0,2.0,2.0,1.0,1.0,79.63,3.0,2.0,2.0,4.0,1.0,2.0,2.0,1.0,1.0,1.0,78.7,-127,-122,-129,-117,-122.0,-117,-117,-33,,16.0,-122,181.0,20.0,181.0,181.0,102.0,156.0,173.0,18.0,0.0,52.0,173,2
195,UKR,Ukraine,-1,EPI_FIRST_WAVE,44385155.0,330396.0,74.43840175842575,6164.0,1.3887526133456107,2020-03-29,2020-03-19,2020-03-27,2020-03-31,,88.89,,,,,3.0,2.0,2.0,4.0,2.0,1.0,2.0,4.0,1.0,1.0,88.89,,,,,,,,,,,,-7,,-7,-2,-1.0,,-7,-3,182.0,49.0,-3,,,,,,,,,,,,1
196,URY,Uruguay,3,,3461734.0,2759.0,7.969994228326035,53.0,0.15310246252311702,2020-03-17,2020-03-30,2020-04-05,2020-04-20,,72.22,,,,,3.0,1.0,2.0,0.0,1.0,1.0,1.0,4.0,1.0,1.0,62.96,,,,,,,,,,,,-16,,-17,,,3,2,-6,87.0,,-3,,,,,,,,,,,,0
197,USA,United States,41,EPI_SECOND_WAVE,328239523.0,8493669.0,258.7643597081391,223995.0,6.824132510087763,2020-03-13,2020-03-01,2020-03-03,2020-03-05,192,77.78,189678.0,,883.0885791926805,,0.0,0.0,0.0,0.0,0.0,0.0,0.0,2.0,1.0,1.0,11.11,3.0,1.0,1.0,2.0,2.0,1.0,1.0,3.0,2.0,1.0,61.11,18,,18,26,41.0,,,,,143.0,18,158.0,0.0,69.0,49.0,152.0,0.0,0.0,0.0,0.0,50.0,150,3
198,UZB,Uzbekistan,30,EPI_SECOND_WAVE,33580650.0,64811.0,19.30010288663263,542.0,0.16140247434162233,2020-04-01,2020-03-29,2020-04-19,2020-05-04,169,96.3,322.0,220.0,5.574281842514945,4.938222298260767,3.0,3.0,2.0,3.0,2.0,2.0,2.0,4.0,1.0,2.0,90.74,2.0,2.0,2.0,3.0,1.0,2.0,1.0,3.0,1.0,2.0,69.44,-13,-8,-13,30,-13.0,-2,-5,-13,,-14.0,-13,91.0,48.0,170.0,34.0,86.0,141.0,83.0,95.0,0.0,170.0,170,4
199,VAT,Vatican City,,,,26.0,,0.0,,,,,,,,,,,,,,,,,,,,,,,,,,,,,,,,,,,,,,,,,,,,,,,,,,,,,,,,0
200,VCT,Saint Vincent and the Grenadines,,,110589.0,73.0,6.601018184448725,0.0,0.0,2020-03-13,,,,,,,,,,,,,,,,,,,,,,,,,,,,,,,,,,,,,,,,,,,,,,,,,,,,,,0
201,VEN,Venezuela,87,EPI_FIRST_WAVE,28515829.0,88416.0,31.005937088485137,759.0,0.2661679588554133,2020-04-02,2020-03-27,2020-04-05,2020-04-22,211,87.04,758.0,,7.761202720077126,,3.0,3.0,2.0,3.0,0.0,2.0,2.0,4.0,1.0,0.0,82.41,3.0,2.0,2.0,4.0,1.0,2.0,2.0,4.0,3.0,0.0,82.41,-11,-11,-15,47,87.0,-14,-14,-9,42.0,,-11,201.0,129.0,201.0,154.0,30.0,194.0,181.0,201.0,159.0,0.0,186,2
202,VGB,British Virgin Islands,128,,30030.0,72.0,23.976023976023978,1.0,0.333000333000333,2020-03-27,2020-04-20,,,,79.63,,,,,3.0,3.0,2.0,4.0,0.0,3.0,0.0,4.0,2.0,2.0,72.22,,,,,,,,,,,,-32,-24,-35,-24,,-26,123,-28,74.0,-52.0,-24,,,,,,,,,,,,0
203,VIR,"Virgin Islands, U.S.",,EPI_FIRST_WAVE,106631.0,1346.0,126.2297080586321,21.0,1.9694085209742007,2020-03-24,2020-04-06,2020-05-12,2020-08-21,188,,19.0,,0.23940184328462405,,,,,,,,,,,,,,,,,,,,,,,,,,,,,,,,,,,,,,,,,,,,,,2
204,VNM,Vietnam,-122,EPI_SECOND_WAVE,96462106.0,1148.0,0.1190104640676205,35.0,0.0036283678069396496,2020-07-31,2020-08-01,2020-08-02,2020-08-07,62,96.3,0.0,35.0,-7.97246364927311e-08,1.0566339813209946,3.0,3.0,2.0,3.0,2.0,2.0,2.0,3.0,3.0,2.0,75.46,3.0,2.0,2.0,2.0,0.0,0.0,2.0,4.0,2.0,2.0,61.11,-185,-127,-175,-122,-126.0,-122,-170,-132,-114.0,-147.0,-128,63.0,26.0,63.0,21.0,28.0,21.0,63.0,34.0,16.0,49.0,30,4
205,WRD,World,,EPI_FIRST_WAVE,,42279076.0,,1145314.0,,,2020-01-11,2020-01-21,2020-01-22,,,,,,,,,,,,,,,,,,,,,,,,,,,,,,,,,,,,,,,,,,,,,,,,,,,1
206,XKO,Kosovo,,EPI_SECOND_WAVE,,17591.0,,659.0,,,2020-03-23,2020-04-08,2020-04-17,201,,625.0,,11.343480546182152,,,,,,,,,,,,,,,,,,,,,,,,,,,,,,,,,,,,,,,,,,,,,,3
207,YEM,Yemen,0,EPI_FIRST_WAVE,29161922.0,2061.0,0.706743540429194,599.0,0.20540484265749012,2020-05-20,2020-05-01,2020-05-07,2020-05-13,193,58.33,599.0,,9.648029923004497,,3.0,2.0,2.0,0.0,0.0,2.0,2.0,4.0,0.0,0.0,58.33,3.0,2.0,2.0,0.0,0.0,2.0,2.0,4.0,0.0,0.0,58.33,-47,,-45,,,0,-1,-44,,,,183.0,0.0,90.0,0.0,0.0,65.0,89.0,183.0,0.0,0.0,0,2
208,ZAF,South Africa,-1,EPI_FIRST_WAVE,58558270.0,712412.0,121.65864872715673,18891.0,3.226017435282839,2020-03-24,2020-03-27,2020-04-01,2020-04-06,206,87.96,16398.0,,174.97960457138225,,3.0,3.0,2.0,3.0,1.0,2.0,2.0,4.0,1.0,2.0,87.96,2.0,2.0,2.0,3.0,1.0,2.0,2.0,4.0,3.0,2.0,80.56,-9,-1,-11,144,,-1,-1,-1,35.0,-20.0,-1,82.0,36.0,188.0,33.0,0.0,146.0,145.0,187.0,151.0,206.0,178,2
209,ZMB,Zambia,29,EPI_FIRST_WAVE,17861030.0,16095.0,9.01123843361777,346.0,0.19371783150243854,2020-04-29,2020-04-03,2020-05-10,2020-06-09,204,70.83,345.0,,5.738219263847617,,3.0,0.0,0.0,3.0,0.0,0.0,1.0,4.0,1.0,2.0,47.22,2.0,2.0,1.0,3.0,0.0,0.0,1.0,2.0,1.0,2.0,50.93,-14,29,12,12,,12,11,-7,,-8.0,12,59.0,6.0,23.0,41.0,0.0,23.0,24.0,29.0,0.0,194.0,23,2
210,ZWE,Zimbabwe,6,EPI_FIRST_WAVE,14645468.0,8257.0,5.637921574100602,236.0,0.16114199969574206,2020-05-28,2020-03-24,2020-06-21,2020-07-10,192,87.96,227.0,,4.284902210855268,,3.0,0.0,2.0,3.0,0.0,1.0,1.0,4.0,0.0,1.0,56.48,3.0,1.0,2.0,3.0,1.0,2.0,2.0,4.0,1.0,1.0,80.56,0,6,-7,,,6,6,-1,,,3,141.0,67.0,193.0,0.0,0.0,140.0,187.0,193.0,0.0,0.0,186,2
