,class,confirmed_during_wave,country,countrycode,dead_during_wave,first_date_c1_above_threshold,first_date_c2_above_threshold,first_date_c3_above_threshold,first_date_c4_above_threshold,first_date_c5_above_threshold,first_date_c6_above_threshold,first_date_c7_above_threshold,first_date_c8_above_threshold,first_date_h2_above_threshold,first_date_h3_above_threshold,first_date_si_above_threshold,population,response_time_t0_10_dead,response_time_t0_1_dead,response_time_t0_5_dead,si_at_t0_10_dead,si_at_t0_1_dead,si_at_t0_5_dead,t0_10_dead,t0_1_dead,t0_5_dead,wave,wave_end,wave_start
0,2.0,4605.0,Aruba,ABW,44.0,2020-03-16,2020-03-29,2020-03-29,2020-03-29,,2020-03-29,2020-03-29,2020-03-17,,,2020-03-29,106314.0,,,,71.76,85.19,69.44,2020-08-30,2020-04-16,2020-08-20,1.0,2020-11-21,2020-04-16
1,3.0,39297.0,Afghanistan,AFG,1462.0,2020-03-14,2020-03-24,2020-03-01,2020-04-05,2020-03-28,2020-03-25,2020-04-12,,2020-08-18,2020-08-18,2020-03-25,38041754.0,,,,78.7,50.93,78.7,2020-04-08,2020-03-24,2020-04-05,1.0,2020-10-04,2020-02-24
2,3.0,6105.0,Afghanistan,AFG,275.0,2020-03-14,2020-03-24,2020-03-01,2020-04-05,2020-03-28,2020-03-25,2020-04-12,,2020-08-18,2020-08-18,2020-03-25,38041754.0,,,,16.67,16.67,16.67,2020-10-09,2020-10-06,2020-10-06,2.0,2020-11-27,2020-10-04
3,1.0,14814.0,Angola,AGO,338.0,2020-03-24,2020-03-27,2020-03-27,2020-03-27,2020-03-27,2020-03-27,2020-03-27,2020-03-20,2020-11-18,,2020-03-27,31825295.0,,,,75.93,90.74,75.93,2020-06-24,2020-03-30,2020-06-12,1.0,2020-11-27,2020-03-30
4,1.0,35589.0,Albania,ALB,752.0,2020-03-09,,2020-03-09,2020-04-18,2020-03-13,2020-03-13,2020-03-13,2020-03-23,,2020-05-26,2020-03-13,2854191.0,,,,84.26,51.85,84.26,2020-03-29,2020-03-12,2020-03-25,1.0,2020-11-27,2020-03-12
5,1.0,6310.0,Andorra,AND,73.0,2020-03-16,2020-03-14,2020-07-07,2020-09-21,,,,,2020-04-18,2020-07-29,2020-10-22,77142.0,,,,48.15,48.15,48.15,2020-04-01,2020-03-27,2020-03-30,1.0,2020-11-27,2020-03-27
6,3.0,44533.0,United Arab Emirates,ARE,301.0,2020-03-08,,2020-03-16,2020-03-27,2020-04-04,2020-03-23,2020-03-23,2020-03-25,2020-04-13,2020-02-01,2020-03-23,9770529.0,,,,89.81,45.37,84.26,2020-04-05,2020-03-22,2020-03-31,1.0,2020-06-21,2020-01-26
7,3.0,119434.0,United Arab Emirates,ARE,263.0,2020-03-08,,2020-03-16,2020-03-27,2020-04-04,2020-03-23,2020-03-23,2020-03-25,2020-04-13,2020-02-01,2020-03-23,9770529.0,,,,72.22,72.22,72.22,2020-06-28,2020-06-22,2020-06-25,2.0,2020-11-27,2020-06-21
8,1.0,1399409.0,Argentina,ARG,37940.0,2020-03-16,2020-03-19,2020-03-11,2020-03-19,2020-03-23,2020-03-19,2020-03-20,2020-03-16,,2020-03-04,2020-03-19,44938712.0,,,,100.0,11.11,100.0,2020-03-27,2020-03-08,2020-03-25,1.0,2020-11-27,2020-03-08
9,4.0,7290.0,Australia,AUS,102.0,2020-03-24,2020-08-02,2020-03-18,2020-03-29,,2020-04-02,2020-03-19,2020-03-20,2020-04-27,2020-01-25,2020-03-24,25364307.0,,,,68.52,19.44,30.56,2020-03-26,2020-03-01,2020-03-16,1.0,2020-06-13,2020-01-24
10,4.0,20413.0,Australia,AUS,805.0,2020-03-24,2020-08-02,2020-03-18,2020-03-29,,2020-04-02,2020-03-19,2020-03-20,2020-04-27,2020-01-25,2020-03-24,25364307.0,,,,68.06,52.31,75.46,2020-07-17,2020-06-25,2020-07-12,2.0,2020-11-14,2020-06-13
11,3.0,17038.0,Austria,AUT,677.0,,2020-03-16,2020-03-11,2020-03-16,,2020-03-16,2020-03-13,,2020-05-29,2020-03-30,2020-03-16,8877067.0,,,,81.48,48.15,81.48,2020-03-23,2020-03-13,2020-03-20,1.0,2020-06-15,2020-02-25
12,3.0,247654.0,Austria,AUT,1939.0,,2020-03-16,2020-03-11,2020-03-16,,2020-03-16,2020-03-13,,2020-05-29,2020-03-30,2020-03-16,8877067.0,,,,47.22,47.22,47.22,2020-06-18,2020-06-16,2020-06-18,2.0,2020-11-27,2020-06-15
13,3.0,34107.0,Azerbaijan,AZE,506.0,2020-03-03,2020-03-31,2020-03-14,2020-03-14,2020-06-21,2020-03-31,2020-03-19,2020-04-16,,2020-02-28,2020-03-19,10023318.0,,,,88.89,61.11,88.89,2020-04-11,2020-03-21,2020-04-01,1.0,2020-08-16,2020-02-28
14,3.0,71994.0,Azerbaijan,AZE,750.0,2020-03-03,2020-03-31,2020-03-14,2020-03-14,2020-06-21,2020-03-31,2020-03-19,2020-04-16,,2020-02-28,2020-03-19,10023318.0,,,,85.19,85.19,85.19,2020-08-24,2020-08-18,2020-08-22,2.0,2020-11-27,2020-08-16
15,4.0,62006.0,Belgium,BEL,9641.0,,2020-03-18,2020-03-14,2020-03-18,,2020-03-18,2020-03-14,2020-03-20,,2020-02-26,2020-03-18,11484055.0,,,,50.93,19.44,23.15,2020-03-15,2020-03-10,2020-03-13,1.0,2020-07-01,2020-02-29
16,4.0,464587.0,Belgium,BEL,5219.0,,2020-03-18,2020-03-14,2020-03-18,,2020-03-18,2020-03-14,2020-03-20,,2020-02-26,2020-03-18,11484055.0,,,,52.78,52.78,52.78,2020-08-30,2020-08-29,2020-08-30,2.0,2020-11-18,2020-08-28
17,2.0,1193.0,Benin,BEN,21.0,2020-03-30,,2020-03-17,2020-03-30,2020-03-30,,2020-03-30,2020-05-17,,2020-03-07,2020-03-30,11801151.0,,,,41.67,70.83,41.67,2020-06-19,2020-04-07,2020-06-13,1.0,2020-07-08,2020-03-31
18,1.0,456414.0,Bangladesh,BGD,6522.0,2020-03-16,2020-03-19,2020-03-21,2020-03-19,2020-03-19,2020-03-19,2020-03-19,,,,2020-03-19,163046161.0,,,,87.04,81.48,84.26,2020-04-07,2020-03-22,2020-03-26,1.0,2020-11-27,2020-03-22
19,1.0,136621.0,Bulgaria,BGR,3528.0,2020-03-13,,2020-03-13,2020-03-13,,2020-03-18,2020-03-18,2020-05-14,,2020-04-29,2020-03-18,6975761.0,,,,71.3,26.85,73.15,2020-04-02,2020-03-12,2020-03-29,1.0,2020-11-27,2020-03-12
20,2.0,85484.0,Bahrain,BHR,337.0,2020-02-26,2020-03-26,2020-03-18,2020-03-22,,2020-09-17,,,2020-03-31,2020-02-23,2020-03-18,1641172.0,,,,75.0,30.56,78.7,2020-05-14,2020-03-17,2020-04-08,1.0,2020-11-23,2020-03-17
21,2.0,7392.0,Bahamas,BHS,162.0,2020-03-16,,,,,,2020-03-24,2020-03-24,,2020-03-14,,389482.0,,,,,,,2020-04-24,2020-04-02,2020-04-06,1.0,2020-11-25,2020-04-02
22,1.0,84160.0,Bosnia and Herzegovina,BIH,2479.0,2020-03-11,2020-03-17,2020-03-17,2020-03-18,2020-03-17,2020-03-20,2020-03-20,2020-05-11,,,2020-03-17,3301000.0,,,,89.81,89.81,89.81,2020-04-01,2020-03-22,2020-03-29,1.0,2020-11-27,2020-03-22
23,3.0,69589.0,Belarus,BLR,613.0,,,,,,,,2020-10-29,2020-04-20,2020-04-09,,9466856.0,,,,18.52,5.56,12.96,2020-04-07,2020-04-03,2020-04-05,1.0,2020-08-18,2020-02-27
24,3.0,60423.0,Belarus,BLR,515.0,,,,,,,,2020-10-29,2020-04-20,2020-04-09,,9466856.0,,,,16.67,16.67,16.67,2020-08-21,2020-08-19,2020-08-20,2.0,2020-11-27,2020-08-18
25,1.0,5510.0,Belize,BLZ,130.0,2020-03-20,2020-04-01,2020-03-16,2020-05-15,,2020-04-27,2020-04-01,2020-03-20,,2020-03-25,2020-04-01,390353.0,,,,70.83,75.0,70.83,2020-08-25,2020-04-06,2020-08-20,1.0,2020-11-27,2020-04-06
26,2.0,96363.0,Bolivia,BOL,3881.0,2020-03-12,2020-03-22,2020-03-12,2020-03-17,2020-03-16,2020-03-17,2020-03-21,2020-03-31,,,2020-03-17,11513100.0,,,,96.3,93.52,96.3,2020-04-04,2020-03-30,2020-03-31,1.0,2020-08-15,2020-03-30
27,1.0,6203929.0,Brazil,BRA,171459.0,2020-03-12,2020-03-17,2020-03-12,2020-04-26,2020-03-21,2020-05-05,2020-03-17,2020-03-27,,2020-04-01,2020-03-18,211049527.0,,,,71.76,60.65,66.2,2020-03-21,2020-03-18,2020-03-20,1.0,2020-11-27,2020-03-18
28,2.0,4843.0,Central African Republic,CAF,62.0,2020-03-26,,2020-03-26,,,2020-05-08,2020-03-26,2020-03-26,,2020-08-25,2020-03-26,4745185.0,,,,64.81,75.93,75.93,2020-06-16,2020-05-24,2020-06-07,1.0,2020-10-18,2020-04-21
29,3.0,103232.0,Canada,CAN,8522.0,2020-03-16,2020-03-18,2020-03-12,2020-03-23,,,2020-03-20,2020-03-18,2020-03-19,2020-07-31,2020-03-18,37589262.0,,,,71.3,2.78,61.11,2020-03-20,2020-03-10,2020-03-18,1.0,2020-06-29,2020-02-14
30,3.0,249858.0,Canada,CAN,3277.0,2020-03-16,2020-03-18,2020-03-12,2020-03-23,,,2020-03-20,2020-03-18,2020-03-19,2020-07-31,2020-03-18,37589262.0,,,,68.98,68.98,68.98,2020-06-30,2020-06-30,2020-06-30,2.0,2020-11-27,2020-06-29
31,3.0,30889.0,Switzerland,CHE,1660.0,2020-03-13,2020-03-17,2020-02-25,2020-03-17,,,,,2020-06-11,2020-05-11,2020-03-17,8574832.0,,,,44.44,25.0,44.44,2020-03-15,2020-03-06,2020-03-14,1.0,2020-06-09,2020-02-25
32,3.0,281833.0,Switzerland,CHE,2435.0,2020-03-13,2020-03-17,2020-02-25,2020-03-17,,,,,2020-06-11,2020-05-11,2020-03-17,8574832.0,,,,48.15,48.15,48.15,2020-06-11,2020-06-10,2020-06-11,2.0,2020-11-27,2020-06-09
33,2.0,393756.0,Chile,CHL,10723.0,2020-03-15,2020-03-16,2020-03-16,2020-05-15,2020-07-03,2020-03-25,2020-03-25,2020-08-01,2020-11-17,2020-03-30,2020-03-25,18952038.0,,,,73.15,51.85,73.15,2020-04-01,2020-03-23,2020-03-28,1.0,2020-08-22,2020-03-10
34,1.0,91725.0,China,CHN,4738.0,2020-01-26,2020-01-26,2020-01-22,2020-01-22,2020-01-23,2020-02-01,2020-01-23,,2020-03-31,2020-01-05,2020-01-26,1397715000.0,,,,26.39,2.78,8.33,2020-01-22,2020-01-11,2020-01-21,1.0,2020-11-27,2020-01-11
35,2.0,20849.0,CÃ´te d'Ivoire,CIV,127.0,2020-03-16,,2020-03-19,,,,2020-03-24,2020-03-22,,2020-07-16,2020-03-22,25716544.0,,,,80.56,80.56,80.56,2020-04-21,2020-03-30,2020-04-13,1.0,2020-11-12,2020-03-19
36,1.0,12446.0,Democratic Republic of the Congo,COD,331.0,2020-03-19,,2020-03-19,,2020-03-24,2020-04-06,2020-03-18,2020-03-24,,,2020-03-24,86790567.0,,,,77.78,58.33,77.78,2020-04-02,2020-03-22,2020-03-29,1.0,2020-11-27,2020-03-22
37,1.0,1280277.0,Colombia,COL,36018.0,2020-03-16,2020-03-25,2020-03-12,2020-04-24,,2020-03-25,2020-03-25,2020-03-25,,2020-04-03,2020-03-25,50339443.0,,,,87.96,50.93,87.96,2020-03-30,2020-03-22,2020-03-27,1.0,2020-11-27,2020-03-22
38,1.0,10523.0,Cape Verde,CPV,103.0,2020-03-28,2020-03-28,2020-03-16,2020-05-18,,2020-04-01,2020-03-20,2020-03-19,2020-05-12,2020-05-18,2020-03-28,549935.0,,,,79.17,50.93,79.17,2020-06-27,2020-03-25,2020-06-03,1.0,2020-11-27,2020-03-25
39,1.0,135673.0,Costa Rica,CRI,1678.0,2020-03-17,2020-04-13,2020-03-10,,2020-03-21,,2020-03-17,2020-03-17,,2020-01-22,2020-03-17,5047561.0,,,,72.22,62.96,75.93,2020-05-17,2020-03-19,2020-04-21,1.0,2020-11-27,2020-03-19
40,1.0,8064.0,Cuba,CUB,132.0,2020-03-24,2020-04-17,2020-03-20,2020-05-11,2020-03-24,2020-03-24,2020-03-23,2020-04-17,2020-08-06,2020-05-05,2020-03-24,11333483.0,,,,70.37,13.89,66.67,2020-04-08,2020-03-19,2020-04-01,1.0,2020-11-27,2020-03-19
41,1.0,9549.0,Cyprus,CYP,45.0,2020-03-13,2020-04-16,2020-03-10,2020-03-23,2020-03-24,2020-03-24,2020-03-24,2020-03-15,2020-04-11,2020-04-16,2020-03-23,1198575.0,,,,92.59,92.59,92.59,2020-04-10,2020-03-25,2020-03-28,1.0,2020-11-27,2020-03-25
42,3.0,8269.0,Czech Republic,CZE,290.0,2020-03-11,2020-03-14,2020-03-11,2020-03-23,,2020-03-15,2020-03-16,2020-03-16,,2020-03-01,2020-03-14,10669709.0,,,,82.41,82.41,82.41,2020-03-29,2020-03-23,2020-03-26,1.0,2020-05-14,2020-03-01
43,3.0,503251.0,Czech Republic,CZE,7489.0,2020-03-11,2020-03-14,2020-03-11,2020-03-23,,2020-03-15,2020-03-16,2020-03-16,,2020-03-01,2020-03-14,10669709.0,,,,57.41,57.41,57.41,2020-05-20,2020-05-15,2020-05-16,2.0,2020-11-27,2020-05-14
44,3.0,186446.0,Germany,DEU,8791.0,2020-03-16,,2020-03-10,2020-03-21,,2020-03-21,2020-03-19,2020-03-18,2020-04-29,2020-01-22,2020-03-21,83132799.0,,,,42.13,32.87,32.87,2020-03-16,2020-03-10,2020-03-13,1.0,2020-06-15,2020-02-25
45,3.0,819933.0,Germany,DEU,6795.0,2020-03-16,,2020-03-10,2020-03-21,,2020-03-21,2020-03-19,2020-03-18,2020-04-29,2020-01-22,2020-03-21,83132799.0,,,,59.72,59.72,59.72,2020-06-17,2020-06-16,2020-06-16,2.0,2020-11-27,2020-06-15
46,4.0,1132.0,Djibouti,DJI,3.0,2020-03-19,2020-03-23,2020-03-23,2020-03-23,,2020-03-23,2020-03-23,2020-03-18,2020-05-01,2020-03-18,2020-03-23,973560.0,,,,59.26,94.44,59.26,2020-05-22,2020-04-10,2020-05-19,1.0,2020-05-09,2020-03-25
47,4.0,4248.0,Djibouti,DJI,57.0,2020-03-19,2020-03-23,2020-03-23,2020-03-23,,2020-03-23,2020-03-23,2020-03-18,2020-05-01,2020-03-18,2020-03-23,973560.0,,,,59.26,94.44,59.26,2020-05-26,2020-05-16,2020-05-21,2.0,2020-08-29,2020-05-09
48,3.0,12041.0,Denmark,DNK,608.0,2020-03-13,,,2020-03-18,,,,2020-03-14,2020-05-12,2020-04-23,2020-03-13,5818553.0,,,,72.22,65.74,72.22,2020-03-22,2020-03-16,2020-03-20,1.0,2020-07-10,2020-03-16
49,3.0,62479.0,Denmark,DNK,202.0,2020-03-13,,,2020-03-18,,,,2020-03-14,2020-05-12,2020-04-23,2020-03-13,5818553.0,,,,50.93,54.63,54.63,2020-08-11,2020-07-14,2020-07-30,2.0,2020-11-27,2020-07-10
50,2.0,94945.0,Dominican Republic,DOM,1736.0,2020-03-19,2020-03-19,2020-03-19,2020-03-17,2020-03-19,2020-04-18,2020-03-20,2020-03-19,,,2020-03-19,10738958.0,,,,92.59,92.59,92.59,2020-03-26,2020-03-21,2020-03-25,1.0,2020-09-02,2020-03-21
51,3.0,53072.0,Algeria,DZA,1801.0,2020-03-12,2020-03-30,2020-03-10,2020-03-30,2020-03-23,2020-03-23,2020-03-23,2020-03-17,,2020-06-28,2020-03-23,43053054.0,,,,38.89,30.56,38.89,2020-03-21,2020-03-13,2020-03-18,1.0,2020-10-12,2020-02-25
52,3.0,26038.0,Algeria,DZA,551.0,2020-03-12,2020-03-30,2020-03-10,2020-03-30,2020-03-23,2020-03-23,2020-03-23,2020-03-17,,2020-06-28,2020-03-23,43053054.0,,,,75.93,75.93,75.93,2020-10-14,2020-10-13,2020-10-13,2.0,2020-11-27,2020-10-12
53,3.0,38571.0,Ecuador,ECU,3334.0,2020-03-13,2020-03-17,2020-03-13,2020-07-23,2020-03-15,2020-03-17,2020-03-17,2020-03-15,,2020-10-05,2020-03-17,17373662.0,,,,93.52,36.11,93.52,2020-03-23,2020-03-14,2020-03-21,1.0,2020-05-31,2020-02-29
54,3.0,149567.0,Ecuador,ECU,9982.0,2020-03-13,2020-03-17,2020-03-13,2020-07-23,2020-03-15,2020-03-17,2020-03-17,2020-03-15,,2020-10-05,2020-03-17,17373662.0,,,,83.33,83.33,83.33,2020-06-01,2020-06-01,2020-06-01,2.0,2020-11-27,2020-05-31
55,2.0,104386.0,Egypt,EGY,6040.0,2020-03-15,,2020-03-21,,2020-03-25,2020-03-25,2020-03-25,2020-03-19,,2020-02-14,2020-03-25,100388073.0,,,,40.74,0.0,29.63,2020-03-23,2020-03-09,2020-03-19,1.0,2020-10-12,2020-03-01
56,3.0,223959.0,Spain,ESP,26478.0,2020-03-09,2020-03-30,2020-03-10,2020-03-30,,2020-03-14,2020-07-04,2020-03-17,,2020-01-31,2020-03-14,47076781.0,,,,45.83,11.11,11.11,2020-03-10,2020-03-05,2020-03-07,1.0,2020-05-09,2020-02-24
57,3.0,1393394.0,Spain,ESP,17896.0,2020-03-09,2020-03-30,2020-03-10,2020-03-30,,2020-03-14,2020-07-04,2020-03-17,,2020-01-31,2020-03-14,47076781.0,,,,81.94,81.94,81.94,2020-05-10,2020-05-10,2020-05-10,2.0,2020-11-26,2020-05-09
58,3.0,1986.0,Estonia,EST,63.0,2020-03-16,2020-03-27,2020-03-12,2020-03-25,,2020-03-29,2020-03-14,,,,2020-03-25,1326590.0,,,,77.78,61.11,77.78,2020-04-03,2020-03-26,2020-04-02,1.0,2020-06-28,2020-02-27
59,3.0,8969.0,Estonia,EST,36.0,2020-03-16,2020-03-27,2020-03-12,2020-03-25,,2020-03-29,2020-03-14,,,,2020-03-25,1326590.0,,,,25.93,23.15,25.93,2020-10-24,2020-08-25,2020-10-10,2.0,2020-11-27,2020-06-28
60,2.0,100311.0,Ethiopia,ETH,1537.0,2020-03-25,,2020-03-16,2020-04-08,2020-03-30,,2020-03-26,,,2020-11-10,2020-03-26,112078730.0,,,,80.56,68.52,80.56,2020-06-01,2020-04-06,2020-05-10,1.0,2020-11-11,2020-03-30
61,3.0,7292.0,Finland,FIN,328.0,,,2020-03-12,2020-03-16,,,2020-03-27,2020-03-16,,,2020-03-16,5520314.0,,,,67.59,64.81,67.59,2020-03-30,2020-03-22,2020-03-28,1.0,2020-07-17,2020-02-26
62,3.0,15855.0,Finland,FIN,60.0,,,2020-03-12,2020-03-16,,,2020-03-27,2020-03-16,,,2020-03-16,5520314.0,,,,32.41,35.19,35.19,2020-09-15,2020-07-25,2020-08-11,2.0,2020-11-27,2020-07-17
63,4.0,145735.0,France,FRA,28595.0,2020-03-02,2020-03-17,2020-02-29,2020-02-29,,2020-03-17,2020-03-17,,2020-07-25,2020-05-11,2020-03-17,67059887.0,,,,41.2,8.33,41.2,2020-03-08,2020-02-15,2020-03-06,1.0,2020-05-28,2020-02-15
64,4.0,1594007.0,France,FRA,18802.0,2020-03-02,2020-03-17,2020-02-29,2020-02-29,,2020-03-17,2020-03-17,,2020-07-25,2020-05-11,2020-03-17,67059887.0,,,,49.54,49.54,49.54,2020-10-04,2020-10-04,2020-10-04,2.0,2020-11-27,2020-10-03
65,2.0,6118.0,Gabon,GAB,45.0,2020-03-16,2020-04-12,2020-03-13,2020-03-20,,2020-04-10,2020-04-10,2020-03-20,2020-04-24,2020-03-30,2020-03-20,2172579.0,,,,80.56,66.67,79.63,2020-05-15,2020-03-21,2020-05-03,1.0,2020-07-17,2020-03-21
66,3.0,300682.0,United Kingdom,GBR,41135.0,2020-03-20,2020-03-21,2020-03-21,2020-03-23,,2020-03-23,2020-03-23,,,2020-06-01,2020-03-23,66834405.0,,,,11.11,11.11,11.11,2020-03-14,2020-03-07,2020-03-11,1.0,2020-07-29,2020-02-22
67,3.0,1273870.0,United Kingdom,GBR,15896.0,2020-03-20,2020-03-21,2020-03-21,2020-03-23,,2020-03-23,2020-03-23,,,2020-06-01,2020-03-23,66834405.0,,,,62.96,62.96,62.96,2020-07-30,2020-07-30,2020-07-30,2.0,2020-11-27,2020-07-29
68,1.0,123296.0,Georgia,GEO,1159.0,2020-03-02,2020-03-19,2020-03-01,2020-03-21,2020-03-23,2020-03-23,2020-03-22,2020-03-18,,2020-02-26,2020-03-19,3720382.0,,,,96.3,100.0,100.0,2020-05-09,2020-04-06,2020-04-23,1.0,2020-11-27,2020-04-06
69,2.0,46808.0,Ghana,GHA,302.0,2020-03-16,2020-03-30,2020-03-16,,2020-03-30,2020-03-30,2020-03-30,2020-03-22,2020-03-21,2020-03-12,2020-03-30,30417856.0,,,,62.04,52.78,52.78,2020-04-25,2020-03-22,2020-03-29,1.0,2020-10-08,2020-03-22
70,2.0,11668.0,Guinea,GIN,71.0,2020-03-27,,2020-03-27,,,2020-03-30,2020-03-27,2020-03-27,,,2020-03-27,12771246.0,,,,78.7,78.7,78.7,2020-05-06,2020-04-16,2020-04-20,1.0,2020-10-26,2020-03-20
71,2.0,3682.0,Gambia,GMB,120.0,2020-03-18,2020-03-27,2020-03-27,2020-05-18,,2020-08-06,,2020-03-23,,2020-06-09,2020-03-27,2347706.0,,,,35.65,56.48,35.65,2020-08-05,2020-03-24,2020-07-23,1.0,2020-11-11,2020-03-24
72,3.0,2937.0,Greece,GRC,179.0,2020-03-05,,2020-02-29,2020-03-18,,2020-03-23,2020-03-21,,2020-06-23,2020-05-30,2020-03-18,10716322.0,,,,74.07,40.74,65.74,2020-03-22,2020-03-12,2020-03-18,1.0,2020-06-04,2020-02-26
73,3.0,96369.0,Greece,GRC,1822.0,2020-03-05,,2020-02-29,2020-03-18,,2020-03-23,2020-03-21,,2020-06-23,2020-05-30,2020-03-18,10716322.0,,,,40.74,54.63,40.74,2020-06-20,2020-06-05,2020-06-16,2.0,2020-11-27,2020-06-04
74,2.0,56188.0,Guatemala,GTM,2196.0,2020-03-16,2020-03-17,2020-03-17,2020-03-22,2020-03-17,2020-03-22,2020-03-06,2020-04-18,,,2020-03-17,16604026.0,,,,96.3,52.78,93.52,2020-04-23,2020-03-16,2020-04-13,1.0,2020-08-09,2020-03-16
75,1.0,6733.0,Guam,GUM,110.0,2020-03-16,2020-03-20,2020-03-20,2020-03-20,2020-04-11,2020-08-15,,,2020-05-07,2020-06-02,2020-03-20,167294.0,,,,79.63,67.59,75.93,2020-08-28,2020-03-22,2020-04-12,1.0,2020-11-27,2020-03-22
76,2.0,4161.0,Guyana,GUY,123.0,2020-03-16,2020-03-28,2020-04-03,2020-04-03,,2020-04-03,2020-04-03,2020-03-27,,2020-03-12,2020-04-03,782766.0,,,,87.04,25.0,85.19,2020-05-06,2020-03-13,2020-04-07,1.0,2020-11-01,2020-03-13
77,2.0,65982.0,Honduras,HND,2057.0,2020-03-13,2020-03-20,2020-03-13,2020-03-16,2020-03-16,2020-03-16,2020-03-16,2020-03-21,,,2020-03-16,9746117.0,,,,100.0,100.0,100.0,2020-04-01,2020-03-27,2020-03-31,1.0,2020-09-12,2020-03-27
78,3.0,2247.0,Croatia,HRV,104.0,2020-03-13,2020-03-20,2020-03-10,2020-03-20,2020-03-21,2020-03-23,2020-03-23,2020-03-19,2020-05-04,2020-02-03,2020-03-20,4067500.0,,,,96.3,96.3,96.3,2020-04-05,2020-03-25,2020-03-29,1.0,2020-06-07,2020-02-25
79,3.0,113379.0,Croatia,HRV,1448.0,2020-03-13,2020-03-20,2020-03-10,2020-03-20,2020-03-21,2020-03-23,2020-03-23,2020-03-19,2020-05-04,2020-02-03,2020-03-20,4067500.0,,,,49.07,50.93,54.63,2020-07-09,2020-06-10,2020-07-03,2.0,2020-11-27,2020-06-07
80,2.0,9033.0,Haiti,HTI,232.0,2020-03-19,2020-03-19,2020-03-19,2020-03-19,2020-04-06,2020-03-19,2020-03-19,2020-04-19,,,2020-03-19,11263077.0,,,,89.81,90.74,89.81,2020-05-05,2020-04-07,2020-04-24,1.0,2020-11-02,2020-04-06
81,3.0,4089.0,Hungary,HUN,572.0,2020-03-16,,2020-03-11,2020-11-10,,2020-03-27,2020-03-28,2020-03-16,,2020-01-28,2020-03-16,9769949.0,,,,67.59,67.59,67.59,2020-03-25,2020-03-16,2020-03-23,1.0,2020-06-22,2020-03-12
82,3.0,194338.0,Hungary,HUN,3792.0,2020-03-16,,2020-03-11,2020-11-10,,2020-03-27,2020-03-28,2020-03-16,,2020-01-28,2020-03-16,9769949.0,,,,54.63,54.63,54.63,2020-06-30,2020-06-23,2020-06-26,2.0,2020-11-27,2020-06-22
83,1.0,516719.0,Indonesia,IDN,16351.0,2020-02-03,2020-04-10,2020-03-03,2020-04-07,,2020-04-10,2020-04-24,2020-03-19,,,2020-04-07,270625568.0,,,,45.37,37.04,45.37,2020-03-20,2020-03-12,2020-03-16,1.0,2020-11-27,2020-03-12
84,1.0,9309712.0,India,IND,135714.0,2020-03-13,2020-03-21,2020-03-14,2020-03-19,2020-03-20,2020-03-22,2020-03-20,2020-03-22,2020-04-09,2020-01-31,2020-03-19,1366417754.0,,,,100.0,33.33,86.57,2020-03-26,2020-03-13,2020-03-23,1.0,2020-11-27,2020-03-13
85,4.0,25414.0,Ireland,IRL,1730.0,2020-03-13,2020-03-27,2020-03-12,2020-03-15,2020-03-27,2020-03-28,2020-03-28,,,2020-06-05,2020-03-27,4941444.0,,,,75.93,31.48,48.15,2020-03-27,2020-03-12,2020-03-24,1.0,2020-06-27,2020-02-29
86,4.0,46080.0,Ireland,IRL,306.0,2020-03-13,2020-03-27,2020-03-12,2020-03-15,2020-03-27,2020-03-28,2020-03-28,,,2020-06-05,2020-03-27,4941444.0,,,,38.89,38.89,38.89,2020-07-04,2020-06-28,2020-06-29,2.0,2020-11-27,2020-06-27
87,1.0,908344.0,Iran,IRN,46687.0,2020-03-05,2020-03-22,2020-02-22,2020-10-06,2020-10-26,2020-10-06,2020-03-05,,,2020-05-17,2020-04-05,82913906.0,,,,11.11,2.78,11.11,2020-02-25,2020-02-20,2020-02-23,1.0,2020-11-27,2020-02-20
88,1.0,544632.0,Iraq,IRQ,12123.0,2020-02-25,2020-03-17,2020-02-25,2020-02-25,2020-03-13,2020-03-13,2020-03-11,2020-03-17,,,2020-03-11,39309783.0,,,,89.81,52.78,52.78,2020-03-18,2020-03-06,2020-03-09,1.0,2020-11-27,2020-03-06
89,4.0,1806.0,Iceland,ISL,10.0,,,2020-03-16,2020-10-31,,,,,2020-03-13,2020-03-09,,361313.0,,,,53.7,53.7,53.7,2020-04-21,2020-03-20,2020-04-07,1.0,2020-06-07,2020-02-28
90,4.0,3425.0,Iceland,ISL,15.0,,,2020-03-16,2020-10-31,,,,,2020-03-13,2020-03-09,,361313.0,,,,52.78,37.04,52.78,2020-11-09,2020-10-17,2020-11-04,2.0,2020-11-20,2020-06-07
91,4.0,16690.0,Israel,ISR,279.0,2020-03-13,2020-04-01,2020-03-04,2020-03-15,,2020-03-20,2020-04-03,2020-03-12,2020-11-04,2020-03-17,2020-03-15,9053300.0,,,,81.48,81.48,81.48,2020-03-28,2020-03-21,2020-03-26,1.0,2020-05-24,2020-02-21
92,4.0,194907.0,Israel,ISR,1707.0,2020-03-13,2020-04-01,2020-03-04,2020-03-15,,2020-03-20,2020-04-03,2020-03-12,2020-11-04,2020-03-17,2020-03-15,9053300.0,,,,34.26,34.26,34.26,2020-09-06,2020-09-06,2020-09-06,2.0,2020-11-12,2020-09-05
93,3.0,241181.0,Italy,ITA,34833.0,2020-02-23,2020-02-22,2020-02-23,2020-02-23,2020-04-12,2020-02-23,2020-02-21,,,2020-01-31,2020-02-23,60297396.0,,,,69.91,69.91,69.91,2020-02-26,2020-02-23,2020-02-25,1.0,2020-07-04,2020-02-21
94,3.0,1268691.0,Italy,ITA,18017.0,2020-02-23,2020-02-22,2020-02-23,2020-02-23,2020-04-12,2020-02-23,2020-02-21,,,2020-01-31,2020-02-23,60297396.0,,,,55.56,55.56,55.56,2020-07-05,2020-07-05,2020-07-05,2.0,2020-11-27,2020-07-04
95,2.0,9560.0,Jamaica,JAM,224.0,2020-03-13,,2020-03-11,2020-03-25,,2020-03-13,2020-03-13,2020-03-21,,2020-08-25,2020-03-13,2948279.0,,,,76.85,75.0,80.56,2020-06-05,2020-03-25,2020-04-15,1.0,2020-11-12,2020-03-25
96,1.0,202786.0,Jordan,JOR,2508.0,2020-03-15,2020-03-18,2020-03-18,2020-03-18,2020-03-18,2020-03-18,2020-03-18,2020-03-15,,2020-07-16,2020-03-18,10101694.0,,,,48.15,100.0,100.0,2020-07-04,2020-03-29,2020-03-31,1.0,2020-11-27,2020-03-29
97,3.0,82985.0,Japan,JPN,1564.0,2020-03-02,,,,,,,,2020-11-17,2020-11-17,,126264931.0,,,,40.74,19.44,34.26,2020-03-11,2020-02-13,2020-03-01,1.0,2020-10-01,2020-02-12
98,3.0,56481.0,Japan,JPN,487.0,2020-03-02,,,,,,,,2020-11-17,2020-11-17,,126264931.0,,,,33.33,33.33,33.33,2020-10-02,2020-10-02,2020-10-02,2.0,2020-11-27,2020-10-01
99,3.0,50775.0,Kazakhstan,KAZ,263.0,2020-03-16,2020-03-30,2020-03-12,2020-03-19,2020-03-19,2020-03-19,2020-03-18,2020-03-16,2020-05-01,2020-03-24,2020-03-19,18513930.0,,,,92.13,92.13,92.13,2020-04-11,2020-03-30,2020-04-06,1.0,2020-07-08,2020-03-30
100,3.0,119910.0,Kazakhstan,KAZ,2165.0,2020-03-16,2020-03-30,2020-03-12,2020-03-19,2020-03-19,2020-03-19,2020-03-18,2020-03-16,2020-05-01,2020-03-24,2020-03-19,18513930.0,,,,83.33,83.33,83.33,2020-07-13,2020-07-13,2020-07-13,2.0,2020-11-27,2020-07-08
101,3.0,36974.0,Kenya,KEN,648.0,2020-03-15,,2020-03-13,2020-03-13,,2020-03-27,2020-03-27,2020-03-17,2020-05-04,2020-08-13,2020-03-17,52573973.0,,,,88.89,87.04,88.89,2020-04-16,2020-03-27,2020-04-08,1.0,2020-09-21,2020-03-22
102,3.0,43121.0,Kenya,KEN,779.0,2020-03-15,,2020-03-13,2020-03-13,,2020-03-27,2020-03-27,2020-03-17,2020-05-04,2020-08-13,2020-03-17,52573973.0,,,,71.3,71.3,71.3,2020-09-23,2020-09-22,2020-09-23,2.0,2020-11-27,2020-09-21
103,3.0,44884.0,Kyrgyzstan,KGZ,1063.0,2020-03-16,2020-03-25,2020-03-12,2020-03-25,2020-03-25,2020-03-25,2020-03-25,2020-03-17,,2020-10-03,2020-03-17,6456900.0,,,,88.43,92.13,92.13,2020-05-03,2020-04-02,2020-04-10,1.0,2020-09-15,2020-03-27
104,3.0,26620.0,Kyrgyzstan,KGZ,193.0,2020-03-16,2020-03-25,2020-03-12,2020-03-25,2020-03-25,2020-03-25,2020-03-25,2020-03-17,,2020-10-03,2020-03-17,6456900.0,,,,67.13,67.13,67.13,2020-10-09,2020-09-28,2020-10-08,2.0,2020-11-27,2020-09-15
105,5.0,10806.0,South Korea,KOR,255.0,2020-02-06,2020-04-06,2020-02-21,2020-04-04,,2020-03-21,2020-03-21,,2020-02-07,2020-02-11,2020-03-21,51709098.0,,,,55.56,45.37,50.0,2020-02-26,2020-02-21,2020-02-23,1.0,2020-05-06,2020-01-19
106,5.0,13002.0,South Korea,KOR,157.0,2020-02-06,2020-04-06,2020-02-21,2020-04-04,,2020-03-21,2020-03-21,,2020-02-07,2020-02-11,2020-03-21,51709098.0,,,,39.81,43.52,43.52,2020-05-23,2020-05-12,2020-05-16,2.0,2020-10-01,2020-05-07
107,1.0,141068.0,Kuwait,KWT,871.0,2020-03-01,2020-04-06,2020-03-10,2020-03-11,2020-03-12,2020-03-22,2020-04-06,2020-03-13,2020-10-03,2020-03-07,2020-03-11,4207083.0,,,,88.89,81.48,93.52,2020-04-22,2020-04-05,2020-04-18,1.0,2020-11-27,2020-04-05
108,1.0,122159.0,Lebanon,LBN,973.0,2020-02-29,2020-03-18,2020-03-18,2020-03-18,2020-11-14,2020-03-18,2020-08-21,2020-03-16,,,2020-03-18,6855713.0,,,,85.19,37.96,85.19,2020-03-30,2020-03-11,2020-03-27,1.0,2020-11-27,2020-03-11
109,1.0,80396.0,Libya,LBY,1139.0,2020-03-15,2020-04-16,2020-03-14,2020-03-22,2020-03-22,2020-03-22,2020-03-22,2020-03-16,,,2020-03-22,6777452.0,,,,96.3,90.74,96.3,2020-06-16,2020-04-03,2020-05-29,1.0,2020-11-27,2020-04-03
110,1.0,21913.0,Sri Lanka,LKA,98.0,2020-03-18,2020-03-16,2020-03-14,2020-03-14,2020-03-23,2020-03-18,2020-03-18,2020-03-19,,2020-02-06,2020-03-16,21803000.0,,,,76.85,100.0,100.0,2020-05-26,2020-03-29,2020-04-05,1.0,2020-11-27,2020-03-29
111,3.0,1817.0,Lithuania,LTU,78.0,2020-03-16,2020-03-16,2020-03-12,2020-03-16,,,2020-04-10,2020-03-16,,2020-04-07,2020-03-16,2786844.0,,,,81.48,81.48,81.48,2020-04-06,2020-03-21,2020-03-28,1.0,2020-07-01,2020-02-27
112,3.0,51940.0,Lithuania,LTU,371.0,2020-03-16,2020-03-16,2020-03-12,2020-03-16,,,2020-04-10,2020-03-16,,2020-04-07,2020-03-16,2786844.0,,,,34.26,31.48,34.26,2020-09-25,2020-07-04,2020-08-22,2.0,2020-11-27,2020-07-01
113,5.0,4020.0,Luxembourg,LUX,110.0,2020-03-16,2020-03-16,2020-03-13,2020-03-13,,2020-03-17,2020-03-15,,2020-05-11,2020-03-01,2020-03-16,619896.0,,,,79.63,42.59,79.63,2020-03-28,2020-03-14,2020-03-21,1.0,2020-06-04,2020-02-29
114,5.0,2710.0,Luxembourg,LUX,14.0,2020-03-16,2020-03-16,2020-03-13,2020-03-13,,2020-03-17,2020-03-15,,2020-05-11,2020-03-01,2020-03-16,619896.0,,,,31.48,24.07,22.22,2020-08-11,2020-07-13,2020-08-03,2.0,2020-09-04,2020-06-07
115,1.0,14678.0,Latvia,LVA,187.0,2020-03-13,2020-11-09,2020-03-13,2020-10-24,,,,2020-03-17,2020-06-10,2020-05-27,2020-03-17,1912789.0,,,,69.44,69.44,69.44,2020-04-23,2020-04-04,2020-04-13,1.0,2020-11-27,2020-04-04
116,1.0,340679.0,Morocco,MAR,5618.0,2020-03-16,2020-03-20,2020-03-14,2020-10-26,2020-03-20,2020-03-20,2020-03-13,2020-03-20,2020-06-11,,2020-03-20,36471769.0,,,,93.52,5.56,93.52,2020-03-27,2020-03-12,2020-03-25,1.0,2020-11-27,2020-03-12
117,1.0,102858.0,Moldova,MDA,2228.0,2020-03-11,,2020-03-10,2020-03-21,2020-03-23,2020-03-24,2020-03-24,2020-03-17,,2020-04-30,2020-03-23,2657637.0,,,,87.04,54.63,87.04,2020-04-05,2020-03-19,2020-04-02,1.0,2020-11-27,2020-03-19
118,2.0,16844.0,Madagascar,MDG,244.0,2020-03-21,2020-04-05,2020-03-21,,2020-03-21,2020-03-23,2020-03-21,2020-03-20,,,2020-03-21,26969307.0,,,,70.37,70.37,70.37,2020-06-11,2020-05-18,2020-05-30,1.0,2020-11-01,2020-04-27
119,1.0,1077812.0,Mexico,MEX,104240.0,2020-03-23,2020-03-26,2020-03-24,,,2020-03-30,2020-03-30,,,,2020-03-26,127575529.0,,,,63.89,8.33,52.78,2020-03-28,2020-03-21,2020-03-25,1.0,2020-11-27,2020-03-21
120,1.0,4443.0,Mali,MLI,147.0,2020-03-19,,2020-03-25,,,,2020-03-25,2020-05-01,,2020-04-14,2020-03-25,19658031.0,,,,72.22,72.22,72.22,2020-04-14,2020-04-01,2020-04-06,1.0,2020-11-27,2020-04-01
121,1.0,85190.0,Myanmar,MMR,1845.0,2020-03-24,2020-04-10,2020-03-13,2020-04-17,2020-04-07,2020-04-14,2020-04-01,2020-09-26,2020-10-30,2020-10-30,2020-04-01,54045420.0,,,,81.48,65.74,86.11,2020-09-09,2020-04-01,2020-04-18,1.0,2020-11-27,2020-04-01
122,1.0,15258.0,Mozambique,MOZ,127.0,2020-03-23,,2020-03-23,,,,2020-06-17,2020-05-29,,2020-03-22,2020-05-29,30366036.0,,,,75.0,56.48,80.56,2020-07-19,2020-05-26,2020-06-22,1.0,2020-11-27,2020-05-26
123,2.0,5120.0,Mauritania,MRT,143.0,2020-03-16,,2020-03-19,2020-03-19,,2020-03-19,2020-03-29,2020-03-23,,2020-03-13,2020-03-23,4525696.0,,,,77.78,77.78,77.78,2020-05-28,2020-04-03,2020-05-22,1.0,2020-07-13,2020-04-03
124,2.0,5957.0,Malawi,MWI,184.0,2020-03-23,,2020-03-20,2020-08-08,,,,2020-03-20,,2020-04-03,2020-04-18,18628747.0,,,,60.19,56.48,60.19,2020-06-22,2020-04-08,2020-06-14,1.0,2020-11-16,2020-04-08
125,3.0,8636.0,Malaysia,MYS,121.0,2020-03-14,2020-03-18,2020-03-18,2020-11-03,,2020-10-14,2020-03-18,2020-05-23,2020-04-08,2020-01-24,2020-03-18,31949777.0,,,,73.15,73.15,73.15,2020-03-23,2020-03-18,2020-03-23,1.0,2020-07-06,2020-02-27
126,3.0,52094.0,Malaysia,MYS,227.0,2020-03-14,2020-03-18,2020-03-18,2020-11-03,,2020-10-14,2020-03-18,2020-05-23,2020-04-08,2020-01-24,2020-03-18,31949777.0,,,,52.78,50.93,57.41,2020-09-24,2020-07-12,2020-08-31,2.0,2020-11-27,2020-07-06
127,2.0,13195.0,Namibia,NAM,134.0,2020-03-17,,2020-03-17,2020-05-05,,2020-03-27,2020-03-27,2020-03-24,,2020-03-14,2020-03-27,2494530.0,,,,48.15,51.85,60.65,2020-07-31,2020-07-11,2020-07-22,1.0,2020-11-09,2020-05-21
128,1.0,66934.0,Nigeria,NGA,1168.0,2020-03-26,2020-03-29,2020-03-20,2020-03-28,2020-03-29,2020-03-29,2020-03-29,2020-03-23,,2020-02-28,2020-03-29,200963599.0,,,,82.87,48.61,82.87,2020-04-12,2020-03-24,2020-04-06,1.0,2020-11-27,2020-03-24
129,2.0,5512.0,Nicaragua,NIC,155.0,,,,,,,,,,,,6545502.0,,,,11.11,8.33,16.67,2020-05-23,2020-03-28,2020-05-04,1.0,2020-11-04,2020-03-28
130,3.0,50840.0,Netherlands,NLD,6135.0,2020-03-16,2020-03-15,2020-03-10,2020-08-18,,2020-03-23,,,,2020-02-27,2020-03-16,17332850.0,,,,54.63,1.85,41.67,2020-03-15,2020-03-07,2020-03-12,1.0,2020-07-11,2020-02-27
131,3.0,451670.0,Netherlands,NLD,3036.0,2020-03-16,2020-03-15,2020-03-10,2020-08-18,,2020-03-23,,,,2020-02-27,2020-03-16,17332850.0,,,,39.81,39.81,39.81,2020-08-06,2020-07-16,2020-07-26,2.0,2020-11-27,2020-07-11
132,3.0,9028.0,Norway,NOR,255.0,2020-03-12,,2020-03-24,2020-03-24,,,2020-03-16,2020-03-15,,2020-06-02,2020-03-16,5347896.0,,,,79.63,40.74,62.96,2020-03-25,2020-03-13,2020-03-20,1.0,2020-07-21,2020-02-26
133,3.0,25239.0,Norway,NOR,61.0,2020-03-12,,2020-03-24,2020-03-24,,,2020-03-16,2020-03-15,,2020-06-02,2020-03-16,5347896.0,,,,34.26,37.04,37.04,2020-09-11,2020-08-04,2020-08-15,2.0,2020-11-27,2020-07-21
134,3.0,17176.0,Nepal,NPL,39.0,2020-03-19,2020-03-22,2020-03-18,2020-03-22,2020-03-24,2020-03-23,2020-03-22,2020-03-23,,2020-01-24,2020-03-22,28608710.0,,,,92.59,92.59,92.59,2020-06-05,2020-05-17,2020-05-29,1.0,2020-07-16,2020-03-23
135,3.0,210463.0,Nepal,NPL,1373.0,2020-03-19,2020-03-22,2020-03-18,2020-03-22,2020-03-24,2020-03-23,2020-03-22,2020-03-23,,2020-01-24,2020-03-22,28608710.0,,,,78.7,92.59,78.7,2020-07-29,2020-07-18,2020-07-25,2.0,2020-11-27,2020-07-16
136,2.0,1154.0,New Zealand,NZL,22.0,2020-03-24,2020-03-25,2020-03-16,2020-03-23,2020-03-26,2020-03-23,2020-03-23,2020-03-20,,2020-02-28,2020-03-23,4917000.0,,,,96.3,96.3,96.3,2020-04-17,2020-03-29,2020-04-13,1.0,2020-05-29,2020-02-27
137,4.0,78967.0,Oman,OMN,420.0,2020-03-15,2020-07-25,2020-03-17,2020-03-17,2020-03-19,2020-04-10,2020-03-18,2020-03-18,2020-10-13,2020-03-17,2020-03-18,4974986.0,,,,92.59,85.19,92.59,2020-04-25,2020-04-01,2020-04-18,1.0,2020-08-05,2020-04-01
138,4.0,38810.0,Oman,OMN,782.0,2020-03-15,2020-07-25,2020-03-17,2020-03-17,2020-03-19,2020-04-10,2020-03-18,2020-03-18,2020-10-13,2020-03-17,2020-03-18,4974986.0,,,,86.11,86.11,86.11,2020-08-25,2020-08-25,2020-08-25,2.0,2020-11-27,2020-08-24
139,3.0,297014.0,Pakistan,PAK,6328.0,2020-02-27,2020-03-23,2020-03-13,2020-03-13,2020-03-23,2020-03-23,2020-03-24,2020-03-21,,2020-05-01,2020-03-23,216565318.0,,,,96.3,52.78,85.19,2020-03-29,2020-03-20,2020-03-23,1.0,2020-09-03,2020-02-26
140,3.0,92297.0,Pakistan,PAK,1569.0,2020-02-27,2020-03-23,2020-03-13,2020-03-13,2020-03-23,2020-03-23,2020-03-24,2020-03-21,,2020-05-01,2020-03-23,216565318.0,,,,47.69,47.69,47.69,2020-09-05,2020-09-04,2020-09-04,2.0,2020-11-27,2020-09-03
141,1.0,160280.0,Panama,PAN,3017.0,2020-03-12,2020-03-20,2020-03-13,2020-10-20,2020-04-03,2020-04-01,2020-03-23,2020-04-18,,2020-08-29,2020-03-20,4246439.0,,,,75.93,8.33,75.93,2020-03-28,2020-03-11,2020-03-24,1.0,2020-11-27,2020-03-11
142,2.0,695956.0,Peru,PER,30121.0,2020-03-12,2020-03-16,2020-03-12,2020-03-15,2020-05-01,2020-03-15,2020-03-15,2020-03-16,,2020-06-09,2020-03-15,32510453.0,,,,94.44,94.44,94.44,2020-03-28,2020-03-20,2020-03-22,1.0,2020-09-09,2020-03-20
143,1.0,424295.0,Philippines,PHL,8241.0,2020-03-10,2020-03-18,2020-03-15,2020-03-18,2020-03-15,2020-03-15,2020-03-15,2020-03-22,2020-07-03,2020-02-05,2020-03-15,108116615.0,,,,75.0,19.44,34.26,2020-03-16,2020-02-02,2020-03-14,1.0,2020-11-27,2020-02-02
144,1.0,941063.0,Poland,POL,15567.0,2020-03-12,,2020-03-10,2020-03-31,,2020-03-31,2020-03-31,2020-03-15,,2020-06-02,2020-03-31,37970874.0,,,,57.41,41.67,57.41,2020-03-25,2020-03-13,2020-03-18,1.0,2020-11-27,2020-03-13
145,1.0,87199.0,Puerto Rico,PRI,1067.0,2020-03-16,2020-03-15,2020-03-13,2020-03-15,2020-03-15,2020-03-15,2020-03-12,,2020-10-30,2020-04-07,2020-03-15,3193694.0,,,,93.52,93.52,93.52,2020-04-02,2020-03-28,2020-03-30,1.0,2020-11-27,2020-03-28
146,3.0,22323.0,Portugal,PRT,820.0,2020-03-16,2020-03-19,2020-03-19,2020-03-19,,2020-03-19,2020-04-09,,2020-04-10,2020-01-26,2020-03-19,10269417.0,,,,82.41,37.96,82.41,2020-03-22,2020-03-18,2020-03-21,1.0,2020-04-24,2020-03-09
147,3.0,258041.0,Portugal,PRT,3389.0,2020-03-16,2020-03-19,2020-03-19,2020-03-19,,2020-03-19,2020-04-09,,2020-04-10,2020-01-26,2020-03-19,10269417.0,,,,82.41,82.41,82.41,2020-04-25,2020-04-25,2020-04-25,2.0,2020-11-27,2020-04-24
148,1.0,79499.0,Paraguay,PRY,1703.0,2020-03-10,2020-03-13,2020-03-10,2020-03-21,2020-03-21,2020-03-17,2020-03-16,2020-03-24,,2020-03-07,2020-03-16,7044636.0,,,,94.44,85.19,93.52,2020-05-01,2020-03-21,2020-04-06,1.0,2020-11-27,2020-03-21
149,1.0,90648.0,Palestina,PSE,762.0,2020-03-06,2020-03-22,2020-03-05,2020-03-22,2020-03-22,2020-03-22,2020-03-05,2020-03-05,,,2020-03-06,4685306.0,,,,83.33,96.3,96.3,2020-07-02,2020-03-27,2020-05-24,1.0,2020-11-27,2020-03-27
150,2.0,111502.0,Qatar,QAT,177.0,2020-03-10,,2020-03-22,2020-03-22,2020-03-15,,2020-03-17,2020-03-18,2020-05-13,2020-03-08,2020-03-17,2832067.0,,,,83.33,86.11,86.11,2020-04-23,2020-03-29,2020-04-08,1.0,2020-08-07,2020-03-29
151,1.0,448916.0,Romania,ROU,10710.0,2020-03-11,,2020-03-08,2020-03-22,2020-03-31,2020-03-25,2020-03-30,2020-03-21,,2020-10-26,2020-03-19,19356544.0,,,,78.7,75.0,75.0,2020-03-25,2020-03-23,2020-03-24,1.0,2020-11-27,2020-03-23
152,1.0,2214693.0,Russia,RUS,38556.0,2020-03-21,2020-03-30,2020-03-10,2020-03-30,,2020-03-05,2020-03-05,2020-03-30,2020-04-06,2020-03-05,2020-03-17,144373535.0,,,,87.04,69.91,71.76,2020-03-31,2020-03-27,2020-03-29,1.0,2020-11-27,2020-03-27
153,2.0,4604.0,Rwanda,RWA,31.0,2020-03-16,2020-03-21,2020-03-08,,2020-03-21,2020-03-21,2020-03-21,2020-03-21,2020-03-21,2020-03-08,2020-03-21,12626950.0,,,,75.93,73.15,74.07,2020-08-19,2020-05-31,2020-07-19,1.0,2020-10-12,2020-05-18
154,2.0,354974.0,Saudi Arabia,SAU,5810.0,2020-03-09,,2020-03-13,2020-04-26,2020-03-21,2020-03-23,2020-03-08,2020-03-15,2020-05-27,2020-02-01,2020-03-16,34268528.0,,,,89.81,89.81,89.81,2020-04-01,2020-03-25,2020-03-30,1.0,2020-11-25,2020-03-25
155,3.0,13188.0,Sudan,SDN,822.0,2020-03-14,2020-04-18,2020-03-14,,2020-03-26,2020-04-18,2020-04-13,2020-03-16,,,2020-03-23,42813238.0,,,,87.04,45.37,79.63,2020-04-19,2020-03-15,2020-04-15,1.0,2020-09-06,2020-03-15
156,3.0,2998.0,Sudan,SDN,376.0,2020-03-14,2020-04-18,2020-03-14,,2020-03-26,2020-04-18,2020-04-13,2020-03-16,,,2020-03-23,42813238.0,,,,68.52,62.96,62.96,2020-09-08,2020-09-07,2020-09-07,2.0,2020-11-27,2020-09-06
157,2.0,15634.0,Senegal,SEN,326.0,2020-03-16,,2020-03-14,2020-03-23,,2020-03-25,2020-03-23,2020-03-20,2020-07-17,2020-03-06,2020-03-23,16296364.0,,,,77.78,77.78,77.78,2020-05-05,2020-04-02,2020-04-21,1.0,2020-11-06,2020-03-13
158,2.0,45422.0,Singapore,SGP,26.0,2020-04-08,2020-04-07,2020-03-13,2020-04-08,,2020-04-08,2020-04-08,,,2020-01-20,2020-04-07,5703569.0,,,,85.19,36.11,48.15,2020-04-15,2020-03-22,2020-04-03,1.0,2020-07-10,2020-01-23
159,3.0,27337.0,El Salvador,SLV,808.0,2020-03-11,2020-03-21,2020-03-21,2020-04-21,2020-05-07,2020-03-21,2020-03-18,2020-03-12,2020-04-24,,2020-03-18,6453553.0,,,,94.44,88.89,88.89,2020-05-01,2020-04-01,2020-04-09,1.0,2020-09-19,2020-03-25
160,3.0,11059.0,El Salvador,SLV,294.0,2020-03-11,2020-03-21,2020-03-21,2020-04-21,2020-05-07,2020-03-21,2020-03-18,2020-03-12,2020-04-24,,2020-03-18,6453553.0,,,,61.11,61.11,61.11,2020-09-23,2020-09-20,2020-09-22,2.0,2020-11-27,2020-09-19
161,1.0,4433.0,Somalia,SOM,112.0,2020-03-21,,2020-03-19,2020-09-25,,2020-09-11,2020-08-30,2020-03-18,,,2020-04-11,15442905.0,,,,60.19,52.78,60.19,2020-04-23,2020-04-10,2020-04-16,1.0,2020-11-27,2020-04-10
162,5.0,11430.0,Serbia,SRB,245.0,2020-03-16,2020-03-21,2020-03-15,2020-03-15,2020-03-21,2020-03-15,2020-03-18,2020-03-16,2020-05-22,2020-03-06,2020-03-16,6944975.0,,,,100.0,100.0,100.0,2020-03-29,2020-03-21,2020-03-28,1.0,2020-06-03,2020-03-13
163,5.0,20846.0,Serbia,SRB,486.0,2020-03-16,2020-03-21,2020-03-15,2020-03-15,2020-03-21,2020-03-15,2020-03-18,2020-03-16,2020-05-22,2020-03-06,2020-03-16,6944975.0,,,,24.07,43.52,24.07,2020-06-16,2020-06-05,2020-06-09,2.0,2020-09-13,2020-06-03
164,2.0,2493.0,South Sudan,SSD,47.0,2020-03-20,2020-03-28,2020-03-16,,2020-05-29,2020-04-18,2020-04-12,2020-03-24,,2020-05-07,2020-03-25,11062113.0,,,,85.19,73.15,73.15,2020-05-30,2020-05-15,2020-05-20,1.0,2020-08-23,2020-04-24
165,2.0,5279.0,Suriname,SUR,115.0,2020-03-16,2020-06-04,2020-03-13,2020-03-28,2020-04-06,2020-03-28,2020-03-16,2020-03-14,,,2020-03-28,581372.0,,,,81.48,71.3,93.52,2020-06-25,2020-04-04,2020-06-16,1.0,2020-11-21,2020-04-04
166,3.0,1505.0,Slovakia,SVK,28.0,2020-03-16,2020-10-22,2020-03-10,2020-04-08,,2020-04-08,2020-04-08,2020-03-13,2020-09-04,2020-01-01,2020-03-14,5454073.0,,,,75.0,75.0,75.0,2020-04-19,2020-04-07,2020-04-16,1.0,2020-06-05,2020-03-13
167,3.0,99731.0,Slovakia,SVK,721.0,2020-03-16,2020-10-22,2020-03-10,2020-04-08,,2020-04-08,2020-04-08,2020-03-13,2020-09-04,2020-01-01,2020-03-14,5454073.0,,,,31.48,35.19,32.41,2020-09-13,2020-08-01,2020-08-20,2.0,2020-11-27,2020-06-05
168,1.0,70798.0,Slovenia,SVN,854.0,2020-03-16,2020-03-20,2020-03-19,2020-03-19,2020-03-16,,2020-03-30,,,2020-03-04,2020-03-19,2087946.0,,,,89.81,50.93,78.7,2020-03-30,2020-03-18,2020-03-27,1.0,2020-11-27,2020-03-18
169,3.0,75176.0,Sweden,SWE,5721.0,,,2020-03-12,,,,,,,2020-01-31,2020-04-01,10285453.0,,,,27.78,27.78,27.78,2020-03-12,2020-03-12,2020-03-12,1.0,2020-07-28,2020-03-12
170,3.0,160559.0,Sweden,SWE,884.0,,,2020-03-12,,,,,,,2020-01-31,2020-04-01,10285453.0,,,,59.26,59.26,59.26,2020-08-03,2020-07-29,2020-07-30,2.0,2020-11-27,2020-07-28
171,2.0,5920.0,Swaziland,SWZ,117.0,2020-03-17,,2020-03-17,,2020-03-27,2020-03-27,2020-03-27,2020-03-27,,2020-03-13,2020-03-27,1148130.0,,,,84.26,84.26,84.26,2020-06-29,2020-04-18,2020-06-21,1.0,2020-11-03,2020-04-06
172,1.0,7533.0,Syria,SYR,398.0,2020-03-14,,2020-03-16,,2020-03-23,2020-03-25,2020-03-25,,,,2020-03-16,17070135.0,,,,69.44,84.26,69.44,2020-07-04,2020-03-30,2020-06-02,1.0,2020-11-27,2020-03-30
173,1.0,3919.0,Thailand,THA,59.0,2020-03-18,2020-04-03,2020-03-10,,,,2020-03-26,2020-03-25,,2020-04-14,2020-03-26,69625582.0,,,,68.06,0.0,68.06,2020-03-31,2020-03-01,2020-03-27,1.0,2020-11-27,2020-03-01
174,2.0,8405.0,Tajikistan,TJK,66.0,,,2020-04-18,,2020-06-03,2020-05-09,2020-06-15,2020-04-10,,,2020-06-03,9321018.0,,,,48.15,48.15,48.15,2020-05-08,2020-05-04,2020-05-06,1.0,2020-08-30,2020-05-04
175,2.0,5820.0,Trinidad and Tobago,TTO,110.0,2020-03-14,2020-03-30,2020-03-21,2020-03-31,,2020-03-30,2020-04-27,2020-03-23,,2020-03-13,2020-03-23,1394973.0,,,,60.19,60.19,79.63,2020-08-16,2020-03-26,2020-04-02,1.0,2020-11-11,2020-03-26
176,1.0,92421.0,Tunisia,TUN,3033.0,2020-03-13,2020-03-22,2020-03-13,2020-03-20,,2020-03-20,2020-03-20,2020-03-16,,2020-05-07,2020-03-20,11694719.0,,,,90.74,77.78,90.74,2020-04-02,2020-03-21,2020-03-26,1.0,2020-11-27,2020-03-21
177,3.0,169120.0,Turkey,TUR,4669.0,2020-03-16,,2020-03-16,2020-09-12,,2020-03-21,2020-03-28,2020-03-27,,2020-04-19,2020-03-21,83429615.0,,,,62.04,58.33,62.04,2020-03-22,2020-03-19,2020-03-21,1.0,2020-06-07,2020-03-18
178,3.0,305388.0,Turkey,TUR,8345.0,2020-03-16,,2020-03-16,2020-09-12,,2020-03-21,2020-03-28,2020-03-27,,2020-04-19,2020-03-21,83429615.0,,,,63.89,63.89,63.89,2020-06-08,2020-06-08,2020-06-08,2.0,2020-11-27,2020-06-07
179,1.0,18026.0,Uganda,UGA,190.0,2020-03-20,2020-03-25,2020-03-18,2020-03-30,2020-03-25,2020-03-30,2020-03-30,2020-06-22,,2020-08-10,2020-03-25,44269594.0,,,,81.48,79.63,76.85,2020-08-14,2020-07-25,2020-08-04,1.0,2020-11-27,2020-07-25
180,1.0,677170.0,Ukraine,UKR,11715.0,2020-03-12,,2020-03-12,2020-03-17,2020-03-18,,2020-03-12,2020-03-16,2020-09-17,2020-05-07,2020-03-16,44385155.0,,,,88.89,88.89,88.89,2020-03-31,2020-03-19,2020-03-27,1.0,2020-11-27,2020-03-19
181,1.0,4822.0,Uruguay,URY,73.0,2020-03-14,,2020-03-13,,,2020-04-02,2020-04-01,2020-03-24,2020-06-25,,2020-03-27,3461734.0,,,,62.96,62.96,72.22,2020-04-20,2020-03-30,2020-04-05,1.0,2020-11-27,2020-03-30
182,1.0,12883776.0,United States,USA,263454.0,2020-03-19,,2020-03-19,2020-03-27,2020-04-11,,,,2020-10-14,2020-07-22,2020-03-19,328239523.0,,,,19.44,11.11,19.44,2020-03-05,2020-03-01,2020-03-03,1.0,2020-11-27,2020-03-01
183,2.0,42965.0,Uzbekistan,UZB,338.0,2020-03-16,2020-03-21,2020-03-16,2020-04-28,2020-03-16,2020-03-27,2020-03-24,2020-03-16,,2020-03-15,2020-03-16,33580650.0,,,,96.3,90.74,90.74,2020-05-04,2020-03-29,2020-04-19,1.0,2020-09-05,2020-03-22
184,2.0,41051.0,Venezuela,VEN,342.0,2020-03-16,2020-03-16,2020-03-12,2020-05-13,2020-06-22,2020-03-13,2020-03-13,2020-03-18,2020-05-08,,2020-03-16,28515829.0,,,,82.41,82.41,82.41,2020-04-22,2020-03-27,2020-04-05,1.0,2020-08-27,2020-03-27
185,2.0,676071.0,South Africa,ZAF,16866.0,2020-03-18,2020-03-26,2020-03-16,2020-08-18,,2020-03-26,2020-03-26,2020-03-26,2020-05-01,2020-03-07,2020-03-26,58558270.0,,,,87.96,87.96,87.96,2020-04-06,2020-03-27,2020-04-01,1.0,2020-10-02,2020-03-12
186,2.0,17084.0,Zambia,ZMB,352.0,2020-03-20,2020-05-02,2020-04-15,2020-04-15,,2020-04-15,2020-04-14,2020-03-27,2020-11-16,2020-03-26,2020-04-15,17861030.0,,,,39.81,47.22,43.52,2020-06-09,2020-04-03,2020-05-10,1.0,2020-11-16,2020-04-03
187,2.0,7856.0,Zimbabwe,ZWE,227.0,2020-03-24,2020-03-30,2020-03-17,,,2020-03-30,2020-03-30,2020-03-23,,,2020-03-27,14645468.0,,,,76.85,56.48,70.37,2020-07-10,2020-03-24,2020-06-21,1.0,2020-10-03,2020-03-24
