,COUNTRYCODE,COUNTRY,GOV_MAX_SI_DAYS_FROM_T0,CLASS_COARSE,POPULATION,EPI_CONFIRMED,EPI_CONFIRMED_PER_10K,EPI_DEAD,EPI_DEAD_PER_10K,MAX_SI,T0_POP,T0_1_DEAD,T0_5_DEAD,T0_10_DEAD,EPI_DURATION_FIRST_WAVE,EPI_DURATION_SECOND_WAVE,DEAD_FIRST_WAVE,DEAD_SECOND_WAVE,C1_SCHOOL_CLOSING_AT_T0,C2_WORKPLACE_CLOSING_AT_T0,C3_CANCEL_PUBLIC_EVENTS_AT_T0,C4_RESTRICTIONS_ON_GATHERINGS_AT_T0,C5_CLOSE_PUBLIC_TRANSPORT_AT_T0,C6_STAY_AT_HOME_REQUIREMENTS_AT_T0,C7_RESTRICTIONS_ON_INTERNAL_MOVEMENT_AT_T0,C8_INTERNATIONAL_TRAVEL_CONTROLS_AT_T0,H2_TESTING_POLICY_AT_T0,H3_CONTACT_TRACING_AT_T0,SI_AT_T0,C1_SCHOOL_CLOSING_AT_PEAK_1,C2_WORKPLACE_CLOSING_AT_PEAK_1,C3_CANCEL_PUBLIC_EVENTS_AT_PEAK_1,C4_RESTRICTIONS_ON_GATHERINGS_AT_PEAK_1,C5_CLOSE_PUBLIC_TRANSPORT_AT_PEAK_1,C6_STAY_AT_HOME_REQUIREMENTS_AT_PEAK_1,C7_RESTRICTIONS_ON_INTERNAL_MOVEMENT_AT_PEAK_1,C8_INTERNATIONAL_TRAVEL_CONTROLS_AT_PEAK_1,H2_TESTING_POLICY_AT_PEAK_1,H3_CONTACT_TRACING_AT_PEAK_1,SI_AT_PEAK_1,C1_SCHOOL_CLOSING_DAYS_TO_THRESHOLD,C2_WORKPLACE_CLOSING_DAYS_TO_THRESHOLD,C3_CANCEL_PUBLIC_EVENTS_DAYS_TO_THRESHOLD,C4_RESTRICTIONS_ON_GATHERINGS_DAYS_TO_THRESHOLD,C5_CLOSE_PUBLIC_TRANSPORT_DAYS_TO_THRESHOLD,C6_STAY_AT_HOME_REQUIREMENTS_DAYS_TO_THRESHOLD,C7_RESTRICTIONS_ON_INTERNAL_MOVEMENT_DAYS_TO_THRESHOLD,C8_INTERNATIONAL_TRAVEL_CONTROLS_DAYS_TO_THRESHOLD,H2_TESTING_POLICY_DAYS_TO_THRESHOLD,H3_CONTACT_TRACING_DAYS_TO_THRESHOLD,SI_DAYS_TO_THRESHOLD,C1_SCHOOL_CLOSING_DAYS_ABOVE_THRESHOLD_FIRST_WAVE,C2_WORKPLACE_CLOSING_DAYS_ABOVE_THRESHOLD_FIRST_WAVE,C3_CANCEL_PUBLIC_EVENTS_DAYS_ABOVE_THRESHOLD_FIRST_WAVE,C4_RESTRICTIONS_ON_GATHERINGS_DAYS_ABOVE_THRESHOLD_FIRST_WAVE,C5_CLOSE_PUBLIC_TRANSPORT_DAYS_ABOVE_THRESHOLD_FIRST_WAVE,C6_STAY_AT_HOME_REQUIREMENTS_DAYS_ABOVE_THRESHOLD_FIRST_WAVE,C7_RESTRICTIONS_ON_INTERNAL_MOVEMENT_DAYS_ABOVE_THRESHOLD_FIRST_WAVE,C8_INTERNATIONAL_TRAVEL_CONTROLS_DAYS_ABOVE_THRESHOLD_FIRST_WAVE,H2_TESTING_POLICY_DAYS_ABOVE_THRESHOLD_FIRST_WAVE,H3_CONTACT_TRACING_DAYS_ABOVE_THRESHOLD_FIRST_WAVE,SI_DAYS_ABOVE_THRESHOLD_FIRST_WAVE,CLASS
0,ABW,Aruba,-6,EPI_FIRST_WAVE,106314.0,4838.0,455.0670654852606,45.0,4.232744511541283,88.89,2020-03-13,2020-04-16,2020-08-20,2020-08-30,219,,44.0,,3.0,3.0,2.0,4.0,0.0,2.0,2.0,4.0,1.0,1.0,85.19,0.0,2.0,2.0,4.0,0.0,1.0,1.0,3.0,2.0,1.0,58.33,-31,-18,-18,-18,,-18,-18,-30,,,-18,48.0,18.0,220.0,142.0,0.0,97.0,45.0,55.0,0.0,0.0,69,2
1,AFG,Afghanistan,19,EPI_SECOND_WAVE,38041754.0,45844.0,12.050969048377738,1763.0,0.46343814746291667,84.26,2020-04-02,2020-03-24,2020-04-05,2020-04-08,223,57.0,1462.0,,3.0,3.0,2.0,0.0,0.0,0.0,0.0,3.0,1.0,1.0,50.93,3.0,3.0,2.0,4.0,2.0,2.0,2.0,3.0,1.0,1.0,84.26,-10,0,-23,12,4.0,1,19,,147.0,147.0,4,144.0,133.0,167.0,135.0,151.0,154.0,128.0,0.0,48.0,18.0,143,3
2,AGO,Angola,-3,EPI_FIRST_WAVE,31825295.0,15103.0,4.7455962309226045,346.0,0.1087185523339218,90.74,2020-06-20,2020-03-30,2020-06-12,2020-06-24,,,,,3.0,3.0,2.0,4.0,2.0,2.0,2.0,4.0,1.0,0.0,90.74,,,,,,,,,,,,-6,-3,-3,-3,-3.0,-3,-3,-10,205.0,,-3,,,,,,,,,,,,1
3,AIA,Anguilla,,EPI_OTHER,,4.0,,0.0,,82.41,,,,,,,,,,,,,,,,,,,,,,,,,,,,,,,,,,,,,,,,,,,,,,,,,,,,,0
4,ALB,Albania,37,EPI_FIRST_WAVE,2854191.0,37625.0,131.82369364909357,798.0,2.7958885722784497,89.81,2020-03-13,2020-03-12,2020-03-25,2020-03-29,,,,,3.0,2.0,2.0,2.0,0.0,0.0,0.0,2.0,1.0,1.0,51.85,,,,,,,,,,,,-3,,-3,37,1.0,1,1,11,,75.0,1,,,,,,,,,,,,1
5,AND,Andorra,209,EPI_FIRST_WAVE,77142.0,6712.0,870.0837416712037,76.0,9.851961318088719,62.96,2020-03-03,2020-03-27,2020-03-30,2020-04-01,,,,,3.0,3.0,1.0,0.0,1.0,1.0,0.0,0.0,1.0,1.0,48.15,,,,,,,,,,,,-11,-13,102,178,,,,,22.0,124.0,209,,,,,,,,,,,,1
6,ARE,United Arab Emirates,13,EPI_SECOND_WAVE,9770529.0,167753.0,171.69285306865166,570.0,0.5833870407630948,89.81,2020-03-09,2020-03-22,2020-03-31,2020-04-05,147,162.0,301.0,,3.0,1.0,2.0,0.0,0.0,1.0,0.0,3.0,1.0,2.0,45.37,3.0,2.0,2.0,4.0,1.0,0.0,1.0,4.0,3.0,2.0,72.22,-14,,-6,5,13.0,1,1,3,22.0,-50.0,1,106.0,0.0,98.0,87.0,13.0,40.0,37.0,89.0,70.0,142.0,91,3
7,ARG,Argentina,15,EPI_FIRST_WAVE,44938712.0,1418794.0,315.7175488251644,38473.0,8.561215550637055,100.0,2020-03-22,2020-03-08,2020-03-25,2020-03-27,,,,,0.0,0.0,0.0,0.0,0.0,0.0,0.0,0.0,1.0,2.0,11.11,,,,,,,,,,,,8,11,3,11,15.0,11,12,8,,-4.0,11,,,,,,,,,,,,1
8,ARM,Armenia,,EPI_SECOND_WAVE,2957731.0,135124.0,456.85020037319146,2164.0,7.3164192416416505,,2020-03-15,2020-03-27,2020-04-03,2020-04-09,159,89.0,880.0,,,,,,,,,,,,,,,,,,,,,,,,,,,,,,,,,,,,,,,,,,,,,,3
9,ATG,Antigua and Barbuda,,EPI_OTHER,97118.0,141.0,14.518420890051278,4.0,0.4118700961716675,,2020-03-15,2020-04-10,,,,,,,,,,,,,,,,,,,,,,,,,,,,,,,,,,,,,,,,,,,,,,,,,,,0
10,AUS,Australia,155,EPI_SECOND_WAVE,25364307.0,27893.0,10.99694937456797,907.0,0.35758911134453625,79.17,2020-03-13,2020-03-01,2020-03-16,2020-03-26,141,170.0,102.0,805.0,0.0,0.0,0.0,0.0,0.0,0.0,0.0,3.0,1.0,2.0,19.44,3.0,2.0,2.0,4.0,0.0,1.0,2.0,4.0,1.0,2.0,71.3,23,154,17,28,,32,18,19,57.0,-36.0,23,25.0,0.0,86.0,64.0,0.0,43.0,87.0,86.0,48.0,141.0,80,4
11,AUT,Austria,249,EPI_SECOND_WAVE,8877067.0,278182.0,313.3715223733244,2904.0,3.2713507738535714,82.41,2020-03-07,2020-03-13,2020-03-20,2020-03-23,111,168.0,677.0,,0.0,1.0,2.0,0.0,1.0,0.0,2.0,3.0,1.0,1.0,48.15,2.0,3.0,2.0,4.0,1.0,2.0,2.0,3.0,2.0,1.0,81.48,249,3,-2,3,,3,0,,77.0,17.0,3,0.0,29.0,97.0,47.0,0.0,46.0,41.0,0.0,18.0,78.0,56,3
12,AZE,Azerbaijan,92,EPI_SECOND_WAVE,10023318.0,118195.0,117.92003406456824,1361.0,1.3578338031378432,96.3,2020-03-22,2020-03-21,2020-04-01,2020-04-11,170,106.0,506.0,,3.0,0.0,2.0,4.0,0.0,0.0,2.0,3.0,2.0,2.0,61.11,3.0,2.0,2.0,4.0,2.0,3.0,2.0,4.0,2.0,2.0,96.3,-18,10,-7,-7,92.0,10,-2,26,246.0,-22.0,-2,167.0,27.0,156.0,156.0,57.0,113.0,151.0,123.0,0.0,171.0,151,3
13,BDI,Burundi,145,EPI_OTHER,11530580.0,681.0,0.5906034215104531,1.0,0.0008672590624235728,14.81,2020-06-01,2020-04-15,,,,,,,0.0,0.0,0.0,0.0,0.0,0.0,0.0,3.0,1.0,2.0,13.89,,,,,,,,,,,,,,,,,,,,,-14.0,,,,,,,,,,,,,0
14,BEL,Belgium,10,EPI_SECOND_WAVE,11484055.0,577831.0,503.1593805498145,16755.0,14.589794284335976,81.48,2020-03-04,2020-03-10,2020-03-13,2020-03-15,123,152.0,9641.0,5229.0,0.0,0.0,1.0,0.0,0.0,0.0,0.0,1.0,1.0,2.0,19.44,2.0,3.0,2.0,4.0,0.0,2.0,2.0,4.0,1.0,1.0,81.48,,8,4,8,,8,4,10,,-13.0,8,0.0,54.0,110.0,82.0,0.0,82.0,86.0,46.0,0.0,58.0,82,4
15,BEN,Benin,-8,EPI_FIRST_WAVE,11801151.0,2974.0,2.5200931671834383,43.0,0.03643712380258502,70.83,2020-04-27,2020-04-07,2020-06-13,2020-06-19,99,,21.0,,3.0,2.0,2.0,4.0,2.0,0.0,2.0,2.0,1.0,2.0,70.83,2.0,1.0,1.0,3.0,0.0,0.0,0.0,2.0,2.0,2.0,41.67,-8,,-21,-8,-8.0,,-8,40,,-31.0,-8,41.0,0.0,63.0,41.0,63.0,0.0,41.0,1.0,0.0,100.0,42,2
16,BES,"Bonaire, Sint Eustatius and Saba",,EPI_OTHER,,161.0,,3.0,,,,2020-09-15,,,,,,,,,,,,,,,,,,,,,,,,,,,,,,,,,,,,,,,,,,,,,,,,,,,0
17,BFA,Burkina Faso,46,EPI_OTHER,20321378.0,2856.0,1.4054165027588188,68.0,0.03346229768473378,89.81,2020-03-26,2020-03-19,2020-03-29,2020-03-31,,,,,3.0,0.0,2.0,0.0,0.0,0.0,0.0,0.0,1.0,2.0,33.33,,,,,,,,,,,,-3,,-7,,4.0,2,2,2,175.0,-10.0,2,,,,,,,,,,,,0
18,BGD,Bangladesh,20,EPI_FIRST_WAVE,163046161.0,462407.0,28.360496019283765,6609.0,0.40534533039388765,93.52,2020-04-15,2020-03-22,2020-03-26,2020-04-07,,,,,3.0,3.0,2.0,4.0,2.0,2.0,2.0,2.0,2.0,1.0,81.48,,,,,,,,,,,,-6,-3,-1,-3,-3.0,-3,-3,,,,-3,,,,,,,,,,,,1
19,BGR,Bulgaria,9,EPI_FIRST_WAVE,6975761.0,142486.0,204.2587181527578,3814.0,5.467503832198379,73.15,2020-03-15,2020-03-12,2020-03-29,2020-04-02,,,,,2.0,0.0,1.0,0.0,0.0,0.0,0.0,1.0,1.0,0.0,26.85,,,,,,,,,,,,1,,1,1,,6,6,63,,48.0,6,,,,,,,,,,,,1
20,BHR,Bahrain,11,EPI_FIRST_WAVE,1641172.0,86787.0,528.8111179084216,341.0,2.077783437689651,78.7,2020-02-26,2020-03-17,2020-04-08,2020-05-14,251,,337.0,,3.0,0.0,0.0,0.0,0.0,0.0,0.0,3.0,2.0,2.0,30.56,2.0,2.0,2.0,4.0,0.0,2.0,0.0,3.0,3.0,2.0,63.89,-20,9,1,5,,184,,,14.0,-23.0,1,183.0,14.0,251.0,247.0,0.0,68.0,0.0,0.0,238.0,252.0,225,2
21,BHS,Bahamas,,EPI_FIRST_WAVE,389482.0,7496.0,192.4607555676514,163.0,4.185045778752292,,2020-03-19,2020-04-02,2020-04-06,2020-04-24,242,,162.0,,,,,,,,,,,,,,,,,,,,,,,,,,,,,,,,,,,,,,,,,,,,,,2
22,BIH,Bosnia and Herzegovina,19,EPI_FIRST_WAVE,3301000.0,87374.0,264.68948803392914,2620.0,7.936988791275371,92.59,2020-03-16,2020-03-22,2020-03-29,2020-04-01,,,,,3.0,3.0,2.0,4.0,2.0,3.0,2.0,3.0,2.0,0.0,89.81,,,,,,,,,,,,-11,-5,-5,-4,-5.0,-2,-2,50,,,-5,,,,,,,,,,,,1
23,BLR,Belarus,209,EPI_SECOND_WAVE,9466856.0,135008.0,142.6112322823966,1151.0,1.215820754007455,22.22,2020-03-20,2020-04-03,2020-04-05,2020-04-07,173,104.0,613.0,,0.0,0.0,0.0,0.0,0.0,0.0,0.0,2.0,0.0,0.0,5.56,0.0,0.0,1.0,0.0,0.0,0.0,0.0,2.0,3.0,2.0,16.67,,,,,,,,209,17.0,6.0,,0.0,0.0,0.0,0.0,0.0,0.0,0.0,0.0,121.0,132.0,0,3
24,BLZ,Belize,39,EPI_FIRST_WAVE,390353.0,5743.0,147.12324485785942,147.0,3.765822217326369,85.19,2020-03-26,2020-04-06,2020-08-20,2020-08-25,,,,,3.0,3.0,2.0,3.0,0.0,0.0,2.0,4.0,1.0,2.0,75.0,,,,,,,,,,,,-17,-5,-21,39,,21,-5,-17,,-12.0,-5,,,,,,,,,,,,1
25,BMU,Bermuda,-3,EPI_OTHER,63918.0,251.0,39.26906348759348,9.0,1.4080540692762602,96.3,2020-03-20,2020-04-07,2020-04-15,,,,,,3.0,3.0,2.0,4.0,2.0,2.0,2.0,4.0,1.0,2.0,96.3,,,,,,,,,,,,-18,-3,-3,-3,-19.0,-3,-3,-18,32.0,-69.0,-3,,,,,,,,,,,,0
26,BOL,Bolivia,-17,EPI_FIRST_WAVE,11513100.0,144622.0,125.615168807706,8952.0,7.775490528180942,84.26,2020-03-27,2020-03-30,2020-03-31,2020-04-04,138,,3881.0,,3.0,2.0,2.0,4.0,2.0,2.0,2.0,1.0,0.0,0.0,84.26,3.0,2.0,2.0,4.0,2.0,2.0,2.0,1.0,1.0,1.0,84.26,-18,,-89,-89,-89.0,-89,-89,,,,-89,139.0,0.0,139.0,139.0,139.0,139.0,139.0,0.0,0.0,0.0,139,2
27,BRA,Brazil,48,EPI_FIRST_WAVE,211049527.0,6314740.0,299.20654595923355,172833.0,8.189215226244027,81.02,2020-03-22,2020-03-18,2020-03-20,2020-03-21,,,,,3.0,3.0,2.0,3.0,0.0,1.0,2.0,2.0,1.0,0.0,60.65,,,,,,,,,,,,-6,-1,-6,39,3.0,48,-1,9,,14.0,0,,,,,,,,,,,,1
28,BRB,Barbados,2,EPI_OTHER,287025.0,275.0,9.58104694713004,7.0,0.2438811950178556,88.89,2020-03-20,2020-04-06,2020-04-15,,,,,,3.0,3.0,2.0,4.0,0.0,3.0,2.0,2.0,1.0,2.0,83.33,,,,,,,,,,,,-18,-9,-20,-3,,-3,-9,,,-17.0,-9,,,,,,,,,,,,0
29,BRN,Brunei,13,EPI_OTHER,433285.0,150.0,3.4619245992822276,3.0,0.06923849198564455,58.33,2020-03-11,2020-03-29,,,,,,,3.0,0.0,2.0,3.0,0.0,0.0,0.0,4.0,2.0,1.0,52.78,,,,,,,,,,,,-18,,-16,,,,,-5,138.0,204.0,,,,,,,,,,,,,0
30,BTN,Bhutan,,EPI_OTHER,763092.0,396.0,5.1894135962636225,0.0,0.0,97.22,2020-03-29,,,,,,,,,,,,,,,,,,,,,,,,,,,,,,,,,,,,,,,,,,,,,,,,,,,,0
31,BWA,Botswana,0,EPI_OTHER,2303697.0,9992.0,43.37375965676041,31.0,0.13456630798234318,86.11,2020-04-10,2020-04-02,2020-08-27,2020-09-11,,,,,3.0,3.0,2.0,4.0,1.0,2.0,2.0,4.0,1.0,1.0,86.11,,,,,,,,,,,,-14,0,-17,0,,0,0,-14,,165.0,-8,,,,,,,,,,,,0
32,CAF,Central African Republic,-16,EPI_FIRST_WAVE,4745185.0,4913.0,10.353653229536889,63.0,0.13276616190938814,75.93,2020-04-28,2020-05-24,2020-06-07,2020-06-16,180,,62.0,,3.0,2.0,2.0,3.0,0.0,2.0,2.0,4.0,1.0,1.0,75.93,3.0,2.0,2.0,3.0,0.0,2.0,2.0,4.0,1.0,1.0,75.93,-59,,-59,,,-16,-59,-59,,93.0,-59,85.0,0.0,158.0,0.0,0.0,34.0,84.0,84.0,0.0,55.0,84,2
33,CAN,Canada,22,EPI_SECOND_WAVE,37589262.0,370278.0,98.50632342821734,12032.0,3.2009141334033107,74.54,2020-03-15,2020-03-10,2020-03-18,2020-03-20,136,154.0,8522.0,,0.0,0.0,0.0,0.0,0.0,0.0,0.0,1.0,2.0,1.0,2.78,3.0,3.0,2.0,4.0,0.0,1.0,2.0,4.0,3.0,1.0,72.69,6,8,2,13,,,10,8,9.0,143.0,8,106.0,96.0,110.0,99.0,0.0,0.0,102.0,104.0,103.0,0.0,104,3
34,CHE,Switzerland,11,EPI_SECOND_WAVE,8574832.0,317017.0,369.7063685912447,4236.0,4.940038475389372,73.15,2020-03-05,2020-03-06,2020-03-14,2020-03-15,105,174.0,1660.0,,0.0,0.0,2.0,1.0,0.0,0.0,0.0,0.0,2.0,1.0,25.0,3.0,3.0,2.0,4.0,0.0,1.0,1.0,3.0,1.0,1.0,73.15,10,11,-10,11,,,,,97.0,66.0,11,56.0,41.0,106.0,74.0,0.0,0.0,0.0,0.0,0.0,30.0,55,3
35,CHL,Chile,102,EPI_FIRST_WAVE,18952038.0,550430.0,290.4331449736435,15356.0,8.102558679968878,87.5,2020-03-17,2020-03-23,2020-03-28,2020-04-01,165,,10723.0,,3.0,2.0,2.0,2.0,0.0,0.0,0.0,3.0,0.0,0.0,51.85,3.0,3.0,2.0,4.0,0.0,3.0,2.0,3.0,2.0,2.0,78.24,-8,-7,-7,53,102.0,2,2,131,239.0,7.0,2,161.0,105.0,160.0,87.0,51.0,151.0,151.0,22.0,0.0,146.0,151,2
36,CHN,China,75,EPI_FIRST_WAVE,1397715000.0,91814.0,0.6568864181896882,4739.0,0.03390533835581646,81.94,2020-01-30,2020-01-11,2020-01-21,2020-01-22,119,,4636.0,,0.0,0.0,0.0,0.0,0.0,0.0,0.0,0.0,1.0,2.0,2.78,3.0,3.0,2.0,4.0,2.0,3.0,2.0,0.0,1.0,2.0,75.46,15,15,11,11,12.0,21,12,,80.0,-6.0,15,105.0,68.0,109.0,109.0,65.0,67.0,76.0,0.0,40.0,120.0,73,2
37,CIV,Côte d'Ivoire,-6,EPI_FIRST_WAVE,25716544.0,21310.0,8.286494483862217,131.0,0.050939970783010345,80.56,2020-03-29,2020-03-30,2020-04-13,2020-04-21,238,,127.0,,3.0,2.0,2.0,3.0,1.0,1.0,2.0,4.0,2.0,1.0,80.56,2.0,2.0,2.0,2.0,1.0,1.0,2.0,4.0,2.0,1.0,62.96,-14,,-11,,,,-6,-8,,108.0,-8,58.0,0.0,134.0,0.0,0.0,0.0,114.0,101.0,0.0,120.0,127,2
38,CMR,Cameroon,24,EPI_OTHER,25876380.0,24117.0,9.320082639070844,437.0,0.16887988196185091,71.3,2020-03-31,2020-03-25,2020-04-01,2020-04-09,,,,,3.0,2.0,2.0,3.0,1.0,0.0,1.0,3.0,0.0,1.0,57.41,,,,,,,,,,,,-7,,-7,,,,,24,,,10,,,,,,,,,,,,0
39,COD,Democratic Republic of the Congo,15,EPI_FIRST_WAVE,86790567.0,12701.0,1.4634078839466507,332.0,0.03825300507600094,80.56,2020-04-26,2020-03-22,2020-03-29,2020-04-02,,,,,3.0,2.0,2.0,0.0,1.0,0.0,2.0,3.0,1.0,1.0,58.33,,,,,,,,,,,,-3,,-3,,2.0,15,-4,2,,,2,,,,,,,,,,,,1
40,COG,Republic of Congo,-1,EPI_OTHER,5380508.0,5774.0,10.73132871468642,94.0,0.17470469331148658,97.22,2020-04-03,2020-04-01,2020-04-05,2020-05-02,,,,,3.0,3.0,2.0,3.0,2.0,3.0,2.0,4.0,1.0,1.0,97.22,,,,,,,,,,,,-4,-4,-4,,-1.0,-4,-4,-11,,,-4,,,,,,,,,,,,0
41,COL,Colombia,36,EPI_FIRST_WAVE,50339443.0,1308376.0,259.9107026273612,36584.0,7.267462216457183,90.74,2020-03-24,2020-03-22,2020-03-27,2020-03-30,,,,,3.0,1.0,2.0,3.0,0.0,0.0,0.0,2.0,2.0,0.0,50.93,,,,,,,,,,,,-6,3,-10,33,,3,3,3,,12.0,3,,,,,,,,,,,,1
42,COM,Comoros,,EPI_OTHER,850886.0,611.0,7.180750417799799,7.0,0.08226718972929394,,2020-05-07,2020-05-05,2020-06-19,,,,,,,,,,,,,,,,,,,,,,,,,,,,,,,,,,,,,,,,,,,,,,,,,,0
43,CPV,Cape Verde,38,EPI_FIRST_WAVE,549935.0,10526.0,191.40443870639257,104.0,1.8911325883968106,87.96,2020-03-22,2020-03-25,2020-06-03,2020-06-27,,,,,2.0,0.0,2.0,0.0,0.0,1.0,2.0,4.0,1.0,0.0,50.93,,,,,,,,,,,,3,3,-9,54,,7,-5,-6,48.0,54.0,3,,,,,,,,,,,,1
44,CRI,Costa Rica,39,EPI_FIRST_WAVE,5047561.0,137093.0,271.6024630509666,1690.0,3.3481517112918495,81.48,2020-03-14,2020-03-19,2020-04-21,2020-05-17,,,,,3.0,2.0,2.0,0.0,0.0,0.0,2.0,4.0,1.0,2.0,62.96,,,,,,,,,,,,-2,25,-9,,2.0,,-2,-2,,-57.0,-2,,,,,,,,,,,,1
45,CUB,Cuba,53,EPI_FIRST_WAVE,11333483.0,8233.0,7.264315833005617,134.0,0.11823373273688238,100.0,2020-03-26,2020-03-19,2020-04-01,2020-04-08,,,,,0.0,0.0,0.0,0.0,0.0,0.0,0.0,1.0,2.0,1.0,13.89,,,,,,,,,,,,5,29,1,53,5.0,5,4,29,140.0,47.0,5,,,,,,,,,,,,1
46,CUW,Curaçao,,EPI_FIRST_WAVE,157538.0,2364.0,150.05903337607435,4.0,0.2539069938681461,,2020-03-13,2020-03-26,,,,,,,,,,,,,,,,,,,,,,,,,,,,,,,,,,,,,,,,,,,,,,,,,,,1
47,CYM,Cayman Islands,26,EPI_OTHER,64948.0,274.0,42.18759623083082,2.0,0.30793865861920305,94.44,2020-03-20,2020-03-21,,,,,,,3.0,0.0,2.0,3.0,0.0,0.0,0.0,4.0,1.0,2.0,47.22,,,,,,,,,,,,-5,7,-8,7,7.0,3,4,-5,48.0,0.0,3,,,,,,,,,,,,0
48,CYP,Cyprus,22,EPI_FIRST_WAVE,1198575.0,10383.0,86.62787059633314,48.0,0.40047556473312057,94.44,2020-03-12,2020-03-25,2020-03-28,2020-04-10,,,,,3.0,2.0,2.0,4.0,2.0,2.0,2.0,4.0,1.0,1.0,92.59,,,,,,,,,,,,-12,22,-15,-2,-1.0,-1,-1,-10,17.0,22.0,-2,,,,,,,,,,,,1
49,CZE,Czech Republic,0,EPI_SECOND_WAVE,10669709.0,519723.0,487.10138205268765,8138.0,7.627199579669886,82.41,2020-03-11,2020-03-23,2020-03-26,2020-03-29,74,200.0,290.0,,3.0,3.0,2.0,4.0,0.0,2.0,2.0,4.0,1.0,2.0,82.41,3.0,3.0,2.0,4.0,0.0,2.0,0.0,4.0,2.0,2.0,74.07,-12,-9,-12,0,,-8,-7,-7,,-22.0,-9,40.0,37.0,65.0,35.0,0.0,37.0,17.0,29.0,0.0,75.0,44,3
50,DEU,Germany,12,EPI_SECOND_WAVE,83132799.0,1053869.0,126.76933925922548,16248.0,1.9544632438034475,76.85,2020-03-07,2020-03-10,2020-03-13,2020-03-16,111,168.0,8791.0,,2.0,0.0,2.0,1.0,0.0,1.0,0.0,1.0,1.0,2.0,32.87,3.0,2.0,2.0,4.0,0.0,2.0,2.0,4.0,1.0,1.0,76.85,6,,0,11,,11,9,8,50.0,-48.0,11,49.0,0.0,98.0,87.0,0.0,46.0,89.0,59.0,48.0,23.0,59,3
51,DJI,Djibouti,-18,EPI_SECOND_WAVE,973560.0,5677.0,58.311763014092605,61.0,0.6265664160401002,94.44,2020-03-26,2020-04-10,2020-05-19,2020-05-22,45,205.0,3.0,57.0,3.0,3.0,2.0,4.0,1.0,3.0,2.0,4.0,2.0,2.0,94.44,3.0,3.0,2.0,4.0,1.0,3.0,2.0,4.0,2.0,2.0,94.44,-22,-18,-18,-18,,-18,-18,-23,21.0,-23.0,-18,46.0,46.0,46.0,46.0,0.0,46.0,46.0,46.0,9.0,46.0,46,4
52,DMA,Dominica,,EPI_OTHER,71808.0,85.0,11.837121212121213,0.0,0.0,79.63,2020-03-23,,,,,,,,,,,,,,,,,,,,,,,,,,,,,,,,,,,,,,,,,,,,,,,,,,,,0
53,DNK,Denmark,2,EPI_SECOND_WAVE,5818553.0,79352.0,136.37754953851928,829.0,1.4247528552201896,72.22,2020-03-08,2020-03-16,2020-03-20,2020-03-22,116,143.0,608.0,,3.0,1.0,1.0,3.0,1.0,1.0,1.0,4.0,1.0,1.0,65.74,3.0,2.0,1.0,4.0,1.0,1.0,1.0,4.0,1.0,1.0,72.22,-3,,,2,,,,-2,57.0,38.0,-3,30.0,0.0,0.0,51.0,0.0,0.0,0.0,70.0,60.0,79.0,70,3
54,DOM,Dominican Republic,38,EPI_FIRST_WAVE,10738958.0,143473.0,133.600485261233,2330.0,2.1696704652350816,100.0,2020-03-22,2020-03-21,2020-03-25,2020-03-26,165,,1736.0,,3.0,3.0,2.0,4.0,2.0,1.0,2.0,4.0,0.0,1.0,92.59,3.0,2.0,2.0,4.0,1.0,2.0,2.0,1.0,2.0,1.0,78.7,-2,-2,-2,-4,-2.0,28,-1,-2,,,-2,166.0,60.0,166.0,166.0,60.0,116.0,166.0,102.0,0.0,0.0,166,2
55,DZA,Algeria,32,EPI_SECOND_WAVE,43053054.0,82221.0,19.097599905456185,2410.0,0.5597744587410687,92.13,2020-03-24,2020-03-13,2020-03-18,2020-03-21,230,49.0,1801.0,,3.0,0.0,2.0,0.0,0.0,0.0,0.0,1.0,0.0,0.0,30.56,3.0,2.0,2.0,4.0,0.0,2.0,2.0,4.0,1.0,2.0,79.63,-1,17,-3,17,10.0,10,10,4,,107.0,10,173.0,25.0,158.0,100.0,149.0,204.0,129.0,210.0,0.0,107.0,204,3
56,ECU,Ecuador,3,EPI_SECOND_WAVE,17373662.0,192117.0,110.57945066503538,13423.0,7.7260625883017635,93.52,2020-03-18,2020-03-14,2020-03-21,2020-03-23,92,183.0,3334.0,,3.0,0.0,2.0,0.0,0.0,0.0,0.0,1.0,0.0,0.0,36.11,3.0,3.0,2.0,3.0,2.0,2.0,2.0,4.0,2.0,1.0,93.52,-1,3,-1,131,1.0,3,3,1,,,3,80.0,76.0,80.0,0.0,78.0,76.0,76.0,78.0,0.0,0.0,76,3
57,EGY,Egypt,16,EPI_FIRST_WAVE,100388073.0,115541.0,11.509434990349899,6636.0,0.6610347027978114,84.26,2020-03-29,2020-03-09,2020-03-19,2020-03-23,225,,6040.0,,0.0,0.0,0.0,0.0,0.0,0.0,0.0,0.0,1.0,2.0,0.0,2.0,2.0,2.0,1.0,1.0,1.0,2.0,4.0,2.0,2.0,71.3,6,,12,,16.0,16,16,10,,-24.0,16,84.0,0.0,206.0,0.0,74.0,74.0,202.0,104.0,0.0,226.0,202,2
58,ERI,Eritrea,,EPI_OTHER,3213972.0,577.0,1.7952863310570222,0.0,0.0,93.52,2020-04-02,,,,,,,,,,,,,,,,,,,,,,,,,,,,,,,,,,,,,,,,,,,,,,,,,,,,0
59,ESH,Western Sahara,,EPI_OTHER,,766.0,,1.0,,,,2020-05-30,,,,,,,,,,,,,,,,,,,,,,,,,,,,,,,,,,,,,,,,,,,,,,,,,,,0
60,ESP,Spain,25,EPI_SECOND_WAVE,47076781.0,1648187.0,350.1061383105187,45069.0,9.573509284757597,85.19,2020-03-04,2020-03-05,2020-03-07,2020-03-10,75,205.0,26478.0,,0.0,0.0,0.0,0.0,0.0,0.0,0.0,0.0,1.0,1.0,11.11,3.0,3.0,2.0,4.0,1.0,2.0,1.0,4.0,1.0,1.0,85.19,4,25,5,25,,9,121,12,,-34.0,9,62.0,41.0,61.0,41.0,0.0,57.0,0.0,54.0,0.0,0.0,57,3
61,EST,Estonia,3,EPI_SECOND_WAVE,1326590.0,12052.0,90.84947120059702,112.0,0.8442698949939318,77.78,2020-03-07,2020-03-26,2020-04-02,2020-04-03,122,155.0,63.0,,3.0,0.0,2.0,4.0,0.0,0.0,2.0,3.0,1.0,0.0,61.11,3.0,3.0,2.0,4.0,0.0,2.0,2.0,3.0,1.0,0.0,77.78,-10,1,-14,-1,,3,-12,,,,-1,60.0,45.0,81.0,68.0,0.0,50.0,55.0,0.0,0.0,0.0,51,3
62,ETH,Ethiopia,2,EPI_FIRST_WAVE,112078730.0,109534.0,9.772951567170685,1700.0,0.15167909200969712,80.56,2020-05-25,2020-04-06,2020-05-10,2020-06-01,226,,1537.0,,3.0,2.0,2.0,1.0,2.0,0.0,2.0,3.0,1.0,1.0,68.52,3.0,2.0,2.0,4.0,2.0,1.0,2.0,3.0,1.0,1.0,80.56,-12,,-21,2,-7.0,,-11,,,218.0,-11,203.0,0.0,203.0,180.0,211.0,0.0,227.0,0.0,0.0,2.0,203,2
63,FIN,Finland,5,EPI_SECOND_WAVE,5520314.0,24629.0,44.615215728670506,393.0,0.71191602506669,67.59,2020-03-09,2020-03-22,2020-03-28,2020-03-30,142,136.0,328.0,,2.0,1.0,2.0,4.0,0.0,1.0,1.0,4.0,1.0,1.0,64.81,2.0,1.0,2.0,4.0,0.0,1.0,2.0,4.0,1.0,1.0,67.59,,,-10,-6,,,5,-6,,,-4,0.0,0.0,103.0,29.0,0.0,0.0,24.0,59.0,0.0,0.0,57,3
64,FJI,Fiji,-124,EPI_OTHER,889953.0,42.0,0.4719350347714992,2.0,0.02247309689388091,88.89,2020-03-25,2020-08-01,,,,,,,1.0,2.0,1.0,3.0,0.0,2.0,0.0,4.0,3.0,2.0,54.63,,,,,,,,,,,,-135,-135,-138,,-135.0,-135,-135,-125,-106.0,-135.0,-135,,,,,,,,,,,,0
65,FLK,Falkland Islands,,EPI_OTHER,,17.0,,0.0,,79.63,,,,,,,,,,,,,,,,,,,,,,,,,,,,,,,,,,,,,,,,,,,,,,,,,,,,,0
66,FRA,France,31,EPI_SECOND_WAVE,67059887.0,2218483.0,330.8211658632828,52325.0,7.802727135522909,87.96,2020-03-06,2020-02-15,2020-03-06,2020-03-08,103,186.0,28595.0,20170.0,0.0,0.0,0.0,0.0,0.0,0.0,0.0,1.0,2.0,1.0,11.11,3.0,3.0,2.0,4.0,1.0,2.0,2.0,3.0,1.0,1.0,87.96,16,31,14,14,,31,31,,161.0,86.0,31,70.0,55.0,90.0,90.0,0.0,55.0,73.0,0.0,0.0,18.0,73,4
67,FRO,Faroe Islands,,EPI_OTHER,48678.0,502.0,103.12666913184601,0.0,0.0,57.41,2020-03-06,,,,,,,,,,,,,,,,,,,,,,,,,,,,,,,,,,,,,,,,,,,,,,,,,,,,0
68,GAB,Gabon,24,EPI_FIRST_WAVE,2172579.0,9191.0,42.30456061666803,59.0,0.2715666495901875,81.48,2020-04-01,2020-03-21,2020-05-03,2020-05-15,118,,45.0,,3.0,2.0,2.0,4.0,1.0,1.0,0.0,4.0,2.0,0.0,66.67,2.0,2.0,2.0,4.0,1.0,1.0,2.0,4.0,3.0,2.0,76.85,-5,22,-8,-1,,20,20,-1,34.0,9.0,-1,86.0,15.0,119.0,119.0,0.0,31.0,99.0,102.0,85.0,110.0,119,2
69,GBR,United Kingdom,16,EPI_SECOND_WAVE,66834405.0,1617327.0,241.99018454641737,58245.0,8.714822852092421,79.63,2020-03-08,2020-03-07,2020-03-11,2020-03-14,158,124.0,41135.0,,0.0,0.0,0.0,0.0,0.0,0.0,0.0,0.0,1.0,1.0,11.11,3.0,3.0,2.0,4.0,1.0,2.0,2.0,0.0,1.0,1.0,79.63,13,14,14,16,,16,16,,,86.0,16,101.0,51.0,131.0,129.0,0.0,71.0,105.0,0.0,0.0,59.0,129,3
70,GEO,Georgia,-6,EPI_FIRST_WAVE,3720382.0,135584.0,364.43569504421856,1267.0,3.405564267325237,100.0,2020-03-11,2020-04-06,2020-04-23,2020-05-09,,,,,3.0,3.0,2.0,4.0,2.0,3.0,2.0,4.0,2.0,2.0,100.0,,,,,,,,,,,,-35,-18,-36,-16,-14.0,-14,-15,-19,,-40.0,-16,,,,,,,,,,,,1
71,GGY,Guernsey,,EPI_OTHER,,286.0,,13.0,,,,2020-04-04,2020-04-09,2020-04-21,,,,,,,,,,,,,,,,,,,,,,,,,,,,,,,,,,,,,,,,,,,,,,,,,0
72,GHA,Ghana,8,EPI_FIRST_WAVE,30417856.0,51569.0,16.953528874618907,323.0,0.10618762874017157,86.11,2020-04-02,2020-03-22,2020-03-29,2020-04-25,200,,302.0,,3.0,0.0,2.0,3.0,0.0,0.0,0.0,4.0,3.0,2.0,52.78,2.0,1.0,2.0,3.0,0.0,0.0,0.0,4.0,3.0,2.0,52.78,-6,8,-6,,8.0,8,8,0,-1.0,-10.0,8,92.0,21.0,201.0,0.0,21.0,20.0,20.0,163.0,201.0,201.0,57,2
73,GIB,Gibraltar,-233,EPI_OTHER,33701.0,1014.0,300.8812794872556,5.0,1.4836355004302544,79.63,2020-03-20,2020-11-12,2020-11-24,,,,,,2.0,1.0,2.0,3.0,0.0,0.0,0.0,1.0,3.0,2.0,,,,,,,,,,,,,-239,-233,-240,-233,-244.0,-240,,,-129.0,-254.0,-240,,,,,,,,,,,,0
74,GIN,Guinea,-17,EPI_FIRST_WAVE,12771246.0,13039.0,10.209653780061867,76.0,0.05950868067219126,78.7,2020-04-05,2020-04-16,2020-04-20,2020-05-06,220,,71.0,,3.0,2.0,2.0,3.0,1.0,2.0,2.0,4.0,2.0,1.0,78.7,3.0,2.0,2.0,3.0,1.0,2.0,2.0,3.0,2.0,1.0,70.83,-20,,-20,,,-17,-20,-20,,222.0,-20,139.0,0.0,188.0,0.0,0.0,211.0,202.0,112.0,0.0,0.0,179,2
75,GMB,Gambia,3,EPI_FIRST_WAVE,2347706.0,3734.0,15.904887579620276,123.0,0.5239156862060241,78.7,2020-05-01,2020-03-24,2020-07-23,2020-08-05,232,,120.0,,3.0,0.0,1.0,3.0,0.0,1.0,1.0,4.0,2.0,1.0,56.48,2.0,2.0,2.0,4.0,1.0,2.0,1.0,4.0,2.0,2.0,77.78,-6,3,3,55,,135,,-1,,77.0,3,128.0,60.0,215.0,178.0,0.0,67.0,0.0,206.0,0.0,156.0,200,2
76,GNB,Guinea-Bissau,,EPI_FIRST_WAVE,1920922.0,2422.0,12.608528612822385,43.0,0.22385083829536026,,2020-04-04,2020-04-27,2020-05-20,2020-06-06,94,,26.0,,,,,,,,,,,,,,,,,,,,,,,,,,,,,,,,,,,,,,,,,,,,,,2
77,GNQ,Equatorial Guinea,,EPI_OTHER,1355986.0,5153.0,38.00186727591583,85.0,0.6268501297211033,,2020-03-24,2020-04-24,2020-05-14,2020-05-22,,,,,,,,,,,,,,,,,,,,,,,,,,,,,,,,,,,,,,,,,,,,,,,,,0
78,GRC,Greece,11,EPI_SECOND_WAVE,10716322.0,104227.0,97.26004873687073,2321.0,2.1658550386970457,84.26,2020-03-08,2020-03-12,2020-03-18,2020-03-22,99,179.0,179.0,,3.0,2.0,2.0,0.0,0.0,0.0,0.0,0.0,0.0,0.0,40.74,3.0,2.0,2.0,4.0,1.0,2.0,2.0,3.0,0.0,0.0,84.26,-7,,-12,6,,11,9,,103.0,79.0,6,67.0,0.0,97.0,48.0,0.0,68.0,70.0,0.0,0.0,6.0,75,3
79,GRD,Grenada,,EPI_OTHER,112003.0,41.0,3.6606162334937458,0.0,0.0,,2020-03-23,,,,,,,,,,,,,,,,,,,,,,,,,,,,,,,,,,,,,,,,,,,,,,,,,,,,0
80,GRL,Greenland,,EPI_OTHER,56225.0,18.0,3.2014228546020456,0.0,0.0,77.78,2020-03-20,,,,,,,,,,,,,,,,,,,,,,,,,,,,,,,,,,,,,,,,,,,,,,,,,,,,0
81,GTM,Guatemala,33,EPI_FIRST_WAVE,16604026.0,121971.0,73.45869007914105,4166.0,2.50903003885925,96.3,2020-04-09,2020-03-16,2020-04-13,2020-04-23,146,,2196.0,,3.0,0.0,1.0,3.0,0.0,0.0,2.0,3.0,1.0,0.0,52.78,3.0,3.0,2.0,4.0,2.0,2.0,2.0,4.0,2.0,0.0,96.3,0,1,1,6,1.0,6,-10,33,,,1,147.0,132.0,146.0,141.0,132.0,141.0,147.0,114.0,0.0,0.0,146,2
82,GUM,Guam,151,EPI_FIRST_WAVE,167294.0,6818.0,407.54599686778965,112.0,6.694800769902089,79.63,2020-03-19,2020-03-22,2020-04-12,2020-08-28,252,,111.0,,3.0,3.0,2.0,4.0,0.0,1.0,0.0,3.0,1.0,0.0,67.59,2.0,2.0,2.0,4.0,0.0,1.0,1.0,2.0,3.0,2.0,62.96,-6,-2,-2,-2,20.0,146,,,46.0,72.0,-2,221.0,85.0,253.0,174.0,17.0,41.0,0.0,0.0,207.0,181.0,253,2
83,GUY,Guyana,27,EPI_FIRST_WAVE,782766.0,5376.0,68.67952874805498,150.0,1.9162814940863553,87.04,2020-03-16,2020-03-13,2020-04-07,2020-05-06,233,,123.0,,0.0,0.0,1.0,0.0,0.0,0.0,1.0,1.0,1.0,2.0,25.0,3.0,1.0,2.0,4.0,1.0,2.0,2.0,4.0,2.0,2.0,79.17,3,15,21,21,,21,21,14,,-1.0,21,138.0,12.0,213.0,200.0,0.0,197.0,200.0,199.0,0.0,234.0,213,2
84,HND,Honduras,-6,EPI_FIRST_WAVE,9746117.0,107888.0,110.69844533982098,2909.0,2.9847784507409463,100.0,2020-03-26,2020-03-27,2020-03-31,2020-04-01,169,,2057.0,,3.0,3.0,2.0,4.0,2.0,3.0,2.0,4.0,1.0,1.0,100.0,3.0,2.0,2.0,4.0,2.0,2.0,2.0,1.0,1.0,1.0,82.41,-14,-7,-14,-11,-11.0,-11,-11,-6,,,-11,170.0,73.0,170.0,170.0,170.0,170.0,170.0,143.0,0.0,0.0,170,2
85,HRV,Croatia,-2,EPI_SECOND_WAVE,4067500.0,126612.0,311.27719729563614,1712.0,4.208973570989551,96.3,2020-03-13,2020-03-25,2020-03-29,2020-04-05,103,176.0,104.0,,3.0,3.0,2.0,4.0,2.0,2.0,2.0,4.0,1.0,2.0,96.3,3.0,3.0,2.0,4.0,2.0,2.0,2.0,4.0,2.0,2.0,96.3,-12,-5,-15,-5,-4.0,-2,-2,-6,40.0,-51.0,-5,59.0,38.0,77.0,52.0,51.0,49.0,63.0,70.0,35.0,104.0,67,3
86,HTI,Haiti,12,EPI_FIRST_WAVE,11263077.0,9264.0,8.225105803680469,232.0,0.20598278782964904,93.52,2020-04-21,2020-04-07,2020-04-24,2020-05-05,210,,232.0,,3.0,3.0,2.0,4.0,2.0,2.0,2.0,3.0,1.0,0.0,90.74,3.0,1.0,2.0,3.0,1.0,2.0,2.0,4.0,1.0,1.0,80.56,-19,-19,-19,-19,-1.0,-19,-19,12,,,-19,126.0,14.0,148.0,88.0,57.0,148.0,105.0,72.0,0.0,0.0,105,2
87,HUN,Hungary,12,EPI_SECOND_WAVE,9769949.0,217122.0,222.23452752926346,4823.0,4.936566199066136,76.85,2020-03-17,2020-03-16,2020-03-23,2020-03-25,102,161.0,572.0,,3.0,2.0,2.0,1.0,1.0,1.0,1.0,4.0,1.0,2.0,67.59,3.0,2.0,2.0,1.0,1.0,2.0,2.0,4.0,1.0,2.0,76.85,0,,-5,239,,11,12,0,,-48.0,0,78.0,0.0,99.0,0.0,0.0,52.0,37.0,49.0,0.0,103.0,95,3
88,IDN,Indonesia,43,EPI_FIRST_WAVE,270625568.0,534266.0,19.741889280764486,16815.0,0.6213381878241453,80.09,2020-03-31,2020-03-12,2020-03-16,2020-03-20,,,,,3.0,0.0,2.0,0.0,0.0,0.0,0.0,3.0,1.0,0.0,37.04,,,,,,,,,,,,-38,29,-9,26,,29,43,7,,,26,,,,,,,,,,,,1
89,IMN,Isle of Man,,EPI_OTHER,84584.0,369.0,43.625271919039065,25.0,2.9556417289321857,,2020-03-21,2020-04-03,2020-04-19,2020-04-22,,,,,,,,,,,,,,,,,,,,,,,,,,,,,,,,,,,,,,,,,,,,,,,,,0
90,IND,India,9,EPI_FIRST_WAVE,1366417754.0,9431691.0,69.02494476809909,137139.0,1.0036388915362409,100.0,2020-04-11,2020-03-13,2020-03-23,2020-03-26,,,,,3.0,0.0,1.0,0.0,0.0,1.0,0.0,2.0,1.0,2.0,33.33,,,,,,,,,,,,0,8,1,6,7.0,9,7,9,27.0,-42.0,7,,,,,,,,,,,,1
91,IRL,Ireland,25,EPI_SECOND_WAVE,4941444.0,72241.0,146.19410844279525,2052.0,4.152632307479352,90.74,2020-03-10,2020-03-12,2020-03-24,2020-03-27,119,156.0,1730.0,322.0,0.0,1.0,2.0,2.0,0.0,0.0,0.0,0.0,2.0,1.0,31.48,3.0,3.0,2.0,4.0,2.0,2.0,2.0,2.0,1.0,1.0,90.74,1,15,0,3,15.0,16,16,,,85.0,15,105.0,52.0,106.0,103.0,70.0,51.0,90.0,0.0,0.0,23.0,91,4
92,IRN,Iran,249,EPI_FIRST_WAVE,82913906.0,948749.0,114.42579969637421,47875.0,5.774061591067728,70.83,2020-03-01,2020-02-20,2020-02-23,2020-02-25,,,,,0.0,0.0,1.0,0.0,0.0,0.0,0.0,0.0,0.0,0.0,2.78,,,,,,,,,,,,14,31,2,229,249.0,229,14,,,87.0,162,,,,,,,,,,,,1
93,IRQ,Iraq,20,EPI_FIRST_WAVE,39309783.0,550435.0,140.024939847671,12224.0,3.109658478654029,96.3,2020-03-22,2020-03-06,2020-03-09,2020-03-18,,,,,3.0,0.0,2.0,4.0,0.0,0.0,0.0,3.0,1.0,1.0,52.78,,,,,,,,,,,,-10,11,-10,-10,7.0,7,5,11,,,5,,,,,,,,,,,,1
94,ISL,Iceland,0,EPI_SECOND_WAVE,361313.0,5381.0,148.92904490012813,26.0,0.71959768953788,53.7,2020-03-02,2020-03-20,2020-04-07,2020-04-21,100,176.0,10.0,15.0,2.0,2.0,2.0,3.0,0.0,0.0,0.0,3.0,3.0,2.0,53.7,2.0,2.0,2.0,3.0,0.0,0.0,0.0,3.0,3.0,2.0,53.7,,,-4,225,,,,,-7.0,-11.0,,0.0,0.0,84.0,0.0,0.0,0.0,0.0,0.0,87.0,91.0,0,4
95,ISR,Israel,18,EPI_SECOND_WAVE,9053300.0,335980.0,371.11329570432883,2864.0,3.163487347155181,94.44,2020-03-10,2020-03-21,2020-03-26,2020-03-28,93,190.0,279.0,1707.0,3.0,2.0,2.0,4.0,1.0,2.0,1.0,4.0,1.0,2.0,81.48,3.0,3.0,2.0,4.0,1.0,2.0,2.0,4.0,1.0,2.0,90.74,-8,11,-17,-6,,-1,13,-9,228.0,-4.0,-6,51.0,25.0,82.0,51.0,0.0,66.0,52.0,74.0,0.0,69.0,71,4
96,ITA,Italy,49,EPI_SECOND_WAVE,60297396.0,1585178.0,262.89327651893956,54904.0,9.105534175970053,93.52,2020-02-26,2020-02-23,2020-02-25,2020-02-26,134,149.0,34833.0,,3.0,3.0,2.0,4.0,0.0,2.0,2.0,3.0,1.0,2.0,69.91,3.0,3.0,2.0,4.0,1.0,3.0,2.0,3.0,2.0,2.0,91.67,0,-1,0,0,49.0,0,-2,,,-23.0,0,133.0,72.0,133.0,85.0,22.0,71.0,88.0,0.0,0.0,135.0,100,3
97,JAM,Jamaica,28,EPI_FIRST_WAVE,2948279.0,10709.0,36.322885317163,256.0,0.8683031694083226,87.04,2020-03-19,2020-03-25,2020-04-15,2020-06-05,232,,224.0,,3.0,2.0,2.0,4.0,0.0,1.0,2.0,4.0,1.0,1.0,75.0,2.0,2.0,2.0,3.0,1.0,2.0,2.0,2.0,1.0,2.0,75.0,-12,,-14,0,,-12,-12,-4,,153.0,-7,141.0,0.0,233.0,67.0,0.0,226.0,233.0,82.0,0.0,80.0,233,2
98,JEY,Jersey,,EPI_OTHER,,928.0,,32.0,,,,2020-03-27,2020-04-16,2020-04-17,,,,,,,,,,,,,,,,,,,,,,,,,,,,,,,,,,,,,,,,,,,,,,,,,0
99,JOR,Jordan,-11,EPI_FIRST_WAVE,10101694.0,214307.0,212.14956620147078,2694.0,2.6668794362608885,100.0,2020-03-19,2020-03-29,2020-03-31,2020-07-04,,,,,3.0,3.0,2.0,4.0,2.0,3.0,2.0,4.0,2.0,1.0,100.0,,,,,,,,,,,,-14,-11,-11,-11,-11.0,-11,-11,-14,,109.0,-11,,,,,,,,,,,,1
100,JPN,Japan,63,EPI_THIRD_WAVE,126264931.0,146760.0,11.6231798360544,2119.0,0.16782173666257338,47.22,2020-03-13,2020-02-13,2020-03-01,2020-03-11,107,185.0,874.0,690.0,0.0,0.0,0.0,0.0,0.0,0.0,0.0,3.0,1.0,1.0,19.44,3.0,1.0,1.0,0.0,0.0,1.0,1.0,3.0,1.0,1.0,45.37,18,,,,,,,,278.0,278.0,,89.0,0.0,0.0,0.0,0.0,0.0,0.0,0.0,0.0,0.0,0,5
101,KAZ,Kazakhstan,0,EPI_SECOND_WAVE,18513930.0,173806.0,93.87850121503106,2433.0,1.3141456190014762,92.13,2020-03-27,2020-03-30,2020-04-06,2020-04-11,100,145.0,263.0,,3.0,3.0,2.0,4.0,2.0,3.0,2.0,4.0,1.0,2.0,92.13,3.0,2.0,2.0,4.0,1.0,1.0,2.0,4.0,3.0,2.0,83.33,-14,0,-18,-11,-11.0,-11,-12,-14,32.0,-6.0,-11,101.0,42.0,101.0,101.0,97.0,97.0,67.0,101.0,69.0,101.0,101,3
102,KEN,Kenya,10,EPI_SECOND_WAVE,52573973.0,83316.0,15.84738516908357,1452.0,0.2761822851014132,88.89,2020-04-20,2020-03-27,2020-04-08,2020-04-16,183,70.0,648.0,,3.0,2.0,2.0,4.0,1.0,2.0,2.0,4.0,1.0,1.0,87.04,3.0,2.0,2.0,3.0,1.0,2.0,1.0,2.0,3.0,1.0,73.15,-12,,-14,-14,,0,0,-10,38.0,139.0,-7,184.0,0.0,184.0,124.0,0.0,158.0,123.0,132.0,141.0,40.0,184,3
103,KGZ,Kyrgyzstan,-8,EPI_SECOND_WAVE,6456900.0,72807.0,112.75844445476932,1271.0,1.9684368659883225,92.13,2020-03-25,2020-04-02,2020-04-10,2020-05-03,172,76.0,1063.0,,3.0,3.0,2.0,4.0,2.0,3.0,2.0,4.0,1.0,1.0,92.13,3.0,2.0,2.0,4.0,2.0,2.0,2.0,4.0,2.0,1.0,76.39,-17,-8,-21,-8,-8.0,-8,-8,-16,,184.0,-16,158.0,34.0,173.0,173.0,173.0,173.0,173.0,114.0,0.0,0.0,173,3
104,KHM,Cambodia,,EPI_OTHER,16486542.0,323.0,0.19591737309133717,0.0,0.0,68.52,2020-03-23,,,,,,,,,,,,,,,,,,,,,,,,,,,,,,,,,,,,,,,,,,,,,,,,,,,,0
105,KNA,Saint Kitts and Nevis,,EPI_OTHER,52823.0,22.0,4.164852431705886,0.0,0.0,,2020-03-26,,,,,,,,,,,,,,,,,,,,,,,,,,,,,,,,,,,,,,,,,,,,,,,,,,,,0
106,KOR,South Korea,45,EPI_THIRD_WAVE,51709098.0,34201.0,6.614116533225933,526.0,0.10172291150775827,82.41,2020-02-22,2020-02-21,2020-02-23,2020-02-26,108,208.0,255.0,157.0,3.0,0.0,2.0,2.0,0.0,0.0,0.0,3.0,3.0,2.0,45.37,3.0,1.0,2.0,2.0,0.0,1.0,1.0,3.0,3.0,2.0,55.56,-15,45,0,43,,29,29,,-14.0,-10.0,29,91.0,14.0,59.0,16.0,0.0,28.0,28.0,0.0,90.0,86.0,30,5
107,KWT,Kuwait,35,EPI_FIRST_WAVE,4207083.0,142426.0,338.5386026375044,878.0,2.086956687091745,100.0,2020-02-27,2020-04-05,2020-04-18,2020-04-22,,,,,3.0,2.0,2.0,4.0,2.0,2.0,0.0,4.0,2.0,2.0,81.48,,,,,,,,,,,,-35,1,-26,-25,-24.0,-14,1,-23,181.0,-29.0,-25,,,,,,,,,,,,1
108,LAO,Laos,,EPI_OTHER,7169455.0,39.0,0.05439744025173462,0.0,0.0,96.3,2020-11-24,,,,,,,,,,,,,,,,,,,,,,,,,,,,,,,,,,,,,,,,,,,,,,,,,,,,0
109,LBN,Lebanon,248,EPI_FIRST_WAVE,6855713.0,126944.0,185.16527748463216,1004.0,1.4644720395967568,87.04,2020-03-10,2020-03-11,2020-03-27,2020-03-30,,,,,3.0,2.0,0.0,0.0,0.0,0.0,0.0,3.0,1.0,1.0,37.96,,,,,,,,,,,,-11,7,7,7,248.0,7,163,5,,,7,,,,,,,,,,,,1
110,LBR,Liberia,7,EPI_OTHER,4937374.0,1595.0,3.230462184959049,83.0,0.16810555570633295,87.96,2020-04-09,2020-04-05,2020-04-12,2020-04-26,,,,,3.0,2.0,2.0,4.0,1.0,2.0,2.0,3.0,1.0,1.0,79.63,,,,,,,,,,,,-19,7,-14,-14,,-15,-15,60,148.0,,-14,,,,,,,,,,,,0
111,LBY,Libya,14,EPI_FIRST_WAVE,6777452.0,82430.0,121.62387870839956,1166.0,1.7204105613732121,100.0,2020-04-15,2020-04-03,2020-05-29,2020-06-16,,,,,3.0,1.0,2.0,4.0,2.0,3.0,2.0,4.0,1.0,1.0,90.74,,,,,,,,,,,,-19,13,-20,-12,-12.0,-12,-12,-18,,,-12,,,,,,,,,,,,1
112,LCA,Saint Lucia,,EPI_OTHER,182790.0,257.0,14.059850101209038,2.0,0.10941517588489523,,2020-03-15,2020-11-11,,,,,,,,,,,,,,,,,,,,,,,,,,,,,,,,,,,,,,,,,,,,,,,,,,,0
113,LIE,Liechtenstein,,EPI_OTHER,38019.0,1273.0,334.83258370814593,15.0,3.945395723191036,,2020-03-05,2020-04-05,2020-11-17,2020-11-25,,,,,,,,,,,,,,,,,,,,,,,,,,,,,,,,,,,,,,,,,,,,,,,,,0
114,LKA,Sri Lanka,-2,EPI_FIRST_WAVE,21803000.0,23484.0,10.770994817226986,116.0,0.053203687565931294,100.0,2020-03-29,2020-03-29,2020-04-05,2020-05-26,,,,,3.0,3.0,2.0,4.0,2.0,3.0,2.0,4.0,1.0,2.0,100.0,,,,,,,,,,,,-11,-13,-15,-15,-6.0,-11,-11,-10,,-52.0,-13,,,,,,,,,,,,1
115,LSO,Lesotho,-103,EPI_OTHER,2125268.0,2109.0,9.923454359638407,44.0,0.20703271305077758,90.74,2020-06-24,2020-07-10,2020-07-19,2020-07-27,,,,,0.0,1.0,1.0,3.0,1.0,1.0,1.0,4.0,1.0,1.0,54.63,,,,,,,,,,,,-114,-103,-114,-114,,-114,-114,-103,,,-114,,,,,,,,,,,,0
116,LTU,Lithuania,20,EPI_SECOND_WAVE,2786844.0,61325.0,220.05178617820013,506.0,1.8156739307977052,87.04,2020-03-16,2020-03-21,2020-03-28,2020-04-06,125,152.0,78.0,,3.0,3.0,2.0,4.0,1.0,1.0,1.0,4.0,1.0,0.0,81.48,3.0,3.0,2.0,4.0,1.0,1.0,1.0,4.0,2.0,0.0,81.48,-5,-5,-9,-5,,,20,-5,,17.0,-5,63.0,42.0,81.0,77.0,0.0,0.0,4.0,56.0,0.0,86.0,77,3
117,LUX,Luxembourg,3,EPI_THIRD_WAVE,619896.0,33973.0,548.0435427878225,306.0,4.936311897479578,79.63,2020-03-08,2020-03-14,2020-03-21,2020-03-28,96,179.0,110.0,14.0,0.0,1.0,2.0,4.0,1.0,0.0,0.0,0.0,1.0,2.0,42.59,3.0,3.0,2.0,4.0,1.0,2.0,2.0,0.0,1.0,2.0,79.63,2,2,-1,-1,,3,1,,58.0,-13.0,2,49.0,56.0,73.0,59.0,0.0,34.0,36.0,0.0,25.0,96.0,56,5
118,LVA,Latvia,-8,EPI_FIRST_WAVE,1912789.0,16975.0,88.74475961540975,197.0,1.0299097286736802,69.44,2020-03-12,2020-04-04,2020-04-13,2020-04-23,,,,,3.0,2.0,2.0,3.0,1.0,1.0,0.0,4.0,1.0,1.0,69.44,,,,,,,,,,,,-22,,-22,203,,,,-18,67.0,53.0,-18,,,,,,,,,,,,1
119,MAR,Morocco,13,EPI_FIRST_WAVE,36471769.0,353803.0,97.00735930851064,5789.0,1.5872550629501958,93.52,2020-03-26,2020-03-12,2020-03-25,2020-03-27,,,,,0.0,0.0,0.0,0.0,0.0,0.0,0.0,0.0,2.0,0.0,5.56,,,,,,,,,,,,4,8,2,228,8.0,8,1,8,91.0,,8,,,,,,,,,,,,1
120,MCO,Monaco,-25,EPI_OTHER,38964.0,608.0,156.04147418129554,2.0,0.513294322964788,87.96,2020-02-29,2020-04-11,,,,,,,3.0,3.0,2.0,4.0,1.0,2.0,2.0,3.0,1.0,1.0,87.96,,,,,,,,,,,,-29,-27,-27,-25,,-27,-31,,33.0,,-31,,,,,,,,,,,,0
121,MDA,Moldova,5,EPI_FIRST_WAVE,2657637.0,107017.0,402.6772655558302,2290.0,8.616677145900663,87.04,2020-03-15,2020-03-19,2020-04-02,2020-04-05,,,,,3.0,2.0,2.0,3.0,0.0,0.0,0.0,4.0,1.0,1.0,54.63,,,,,,,,,,,,-8,,-9,2,4.0,5,5,-2,,42.0,4,,,,,,,,,,,,1
122,MDG,Madagascar,-43,EPI_FIRST_WAVE,26969307.0,17341.0,6.429901962256576,251.0,0.09306876146279917,95.37,2020-05-02,2020-05-18,2020-05-30,2020-06-11,188,,244.0,,3.0,2.0,2.0,3.0,1.0,2.0,2.0,4.0,1.0,1.0,70.37,3.0,2.0,2.0,3.0,1.0,2.0,2.0,4.0,1.0,1.0,68.98,-58,-43,-58,,-58.0,-56,-58,-59,,,-58,116.0,0.0,161.0,0.0,6.0,94.0,189.0,157.0,0.0,0.0,137,2
123,MDV,Maldives,,EPI_FIRST_WAVE,530953.0,12994.0,244.7297595079037,46.0,0.8663667028908397,,2020-03-09,2020-05-01,2020-05-27,2020-07-03,216,,41.0,,,,,,,,,,,,,,,,,,,,,,,,,,,,,,,,,,,,,,,,,,,,,,2
124,MEX,Mexico,9,EPI_FIRST_WAVE,127575529.0,1107071.0,86.77769229551852,105655.0,8.281760681548889,82.41,2020-03-20,2020-03-21,2020-03-25,2020-03-28,,,,,0.0,0.0,0.0,0.0,0.0,0.0,0.0,3.0,0.0,1.0,8.33,,,,,,,,,,,,2,5,3,,,9,9,,,,5,,,,,,,,,,,,1
125,MHL,Marshall Islands,,EPI_OTHER,58791.0,4.0,0.68037624806518,0.0,0.0,,2020-10-29,,,,,,,,,,,,,,,,,,,,,,,,,,,,,,,,,,,,,,,,,,,,,,,,,,,,0
126,MKD,Macedonia,,EPI_FIRST_WAVE,2083459.0,61543.0,295.38858216072407,1731.0,8.308298843413766,,2020-03-14,2020-03-23,2020-03-30,2020-04-02,,,,,,,,,,,,,,,,,,,,,,,,,,,,,,,,,,,,,,,,,,,,,,,,,1
127,MLI,Mali,-7,EPI_FIRST_WAVE,19658031.0,4659.0,2.3700237322852935,149.0,0.07579599401384604,72.22,2020-04-12,2020-04-01,2020-04-06,2020-04-14,,,,,3.0,2.0,2.0,3.0,0.0,1.0,2.0,3.0,0.0,0.0,72.22,,,,,,,,,,,,-13,,-7,,,,-7,30,,13.0,-7,,,,,,,,,,,,1
128,MLT,Malta,-6,EPI_FIRST_WAVE,502653.0,9752.0,194.01057986324562,133.0,2.645960533409728,87.04,2020-03-08,2020-04-09,2020-05-06,2020-08-22,,,,,3.0,2.0,2.0,4.0,1.0,2.0,2.0,4.0,3.0,2.0,87.04,,,,,,,,,,,,-27,,-28,-12,,-12,-6,-19,-15.0,-75.0,-22,,,,,,,,,,,,1
129,MMR,Myanmar,16,EPI_FIRST_WAVE,54045420.0,89486.0,16.557554738218336,1918.0,0.35488668605036283,86.11,2020-06-19,2020-04-01,2020-04-18,2020-09-09,,,,,3.0,2.0,2.0,3.0,0.0,0.0,2.0,3.0,2.0,1.0,65.74,,,,,,,,,,,,-8,9,-19,16,6.0,13,0,178,212.0,212.0,0,,,,,,,,,,,,1
130,MNE,Montenegro,,EPI_SECOND_WAVE,622137.0,34881.0,560.6642909841402,487.0,7.827857851244983,,2020-03-19,2020-03-27,2020-04-19,2020-06-29,151,97.0,83.0,,,,,,,,,,,,,,,,,,,,,,,,,,,,,,,,,,,,,,,,,,,,,,3
131,MNG,Mongolia,,EPI_OTHER,3225167.0,791.0,2.4525861761576997,0.0,0.0,90.74,2020-04-15,,,,,,,,,,,,,,,,,,,,,,,,,,,,,,,,,,,,,,,,,,,,,,,,,,,,0
132,MNP,Northern Mariana Islands,,EPI_OTHER,57216.0,106.0,18.52628635346756,2.0,0.3495525727069351,,2020-03-31,2020-04-02,,,,,,,,,,,,,,,,,,,,,,,,,,,,,,,,,,,,,,,,,,,,,,,,,,,0
133,MOZ,Mozambique,22,EPI_FIRST_WAVE,30366036.0,15613.0,5.141599647711674,130.0,0.042810987907674215,80.56,2020-05-21,2020-05-26,2020-06-22,2020-07-19,,,,,3.0,0.0,2.0,3.0,1.0,1.0,0.0,2.0,1.0,2.0,56.48,,,,,,,,,,,,-64,,-64,,,,22,3,,-65.0,3,,,,,,,,,,,,1
134,MRT,Mauritania,-5,EPI_SECOND_WAVE,4525696.0,8549.0,18.88991218146336,175.0,0.38668085527618296,77.78,2020-05-16,2020-04-03,2020-05-22,2020-05-28,101,140.0,143.0,,3.0,1.0,2.0,4.0,0.0,2.0,2.0,4.0,0.0,2.0,77.78,3.0,1.0,2.0,4.0,0.0,2.0,2.0,4.0,1.0,2.0,77.78,-18,,-15,-15,,-15,-5,-11,,-21.0,-11,89.0,0.0,95.0,96.0,0.0,98.0,98.0,102.0,0.0,102.0,95,3
135,MSR,Montserrat,-15,EPI_OTHER,,13.0,,1.0,,72.22,,2020-04-26,,,,,,,3.0,3.0,2.0,4.0,0.0,3.0,0.0,4.0,2.0,2.0,72.22,,,,,,,,,,,,-41,-31,-31,-31,,-39,,-31,,-40.0,-31,,,,,,,,,,,,0
136,MUS,Mauritius,4,EPI_OTHER,1265711.0,501.0,3.958249553018027,10.0,0.07900697710614825,82.41,2020-03-21,2020-03-22,2020-04-02,2020-04-28,,,,,3.0,3.0,2.0,0.0,1.0,0.0,0.0,4.0,1.0,1.0,50.0,,,,,,,,,,,,-3,-2,-2,,,1,,-3,71.0,46.0,1,,,,,,,,,,,,0
137,MWI,Malawi,122,EPI_FIRST_WAVE,18628747.0,6025.0,3.234248658806736,185.0,0.09930887997995785,64.81,2020-05-26,2020-04-08,2020-06-14,2020-06-22,222,,184.0,,3.0,1.0,2.0,3.0,0.0,0.0,0.0,4.0,1.0,2.0,56.48,3.0,1.0,2.0,3.0,0.0,1.0,0.0,4.0,1.0,2.0,60.19,-16,,-19,122,,,,-19,,-5.0,10,152.0,0.0,223.0,41.0,0.0,0.0,0.0,146.0,0.0,223.0,136,2
138,MYS,Malaysia,237,EPI_SECOND_WAVE,31949777.0,64485.0,20.183239463611905,357.0,0.1117378690937342,80.09,2020-03-14,2020-03-18,2020-03-23,2020-03-23,130,147.0,121.0,,3.0,3.0,2.0,2.0,0.0,1.0,2.0,3.0,1.0,2.0,73.15,3.0,3.0,2.0,2.0,0.0,1.0,2.0,3.0,3.0,2.0,73.15,-4,0,0,230,,210,0,66,21.0,-54.0,0,102.0,47.0,111.0,0.0,0.0,0.0,84.0,27.0,90.0,131.0,84,3
139,NAM,Namibia,-85,EPI_FIRST_WAVE,2494530.0,14345.0,57.50582274015546,151.0,0.6053244498963732,73.15,2020-04-02,2020-07-11,2020-07-22,2020-07-31,172,,134.0,,2.0,2.0,1.0,2.0,0.0,1.0,0.0,4.0,1.0,2.0,51.85,3.0,2.0,2.0,2.0,0.0,1.0,2.0,1.0,1.0,2.0,61.11,-116,,-116,-67,,-106,-106,-109,,-119.0,-106,47.0,0.0,66.0,22.0,0.0,32.0,104.0,66.0,0.0,173.0,98,2
140,NCL,New Caledonia,,EPI_OTHER,287800.0,32.0,1.111883252258513,0.0,0.0,,2020-03-21,,,,,,,,,,,,,,,,,,,,,,,,,,,,,,,,,,,,,,,,,,,,,,,,,,,,0
141,NER,Niger,3,EPI_OTHER,23310715.0,1516.0,0.6503447019964853,70.0,0.03002910893123613,61.11,2020-04-05,2020-03-25,2020-04-02,2020-04-06,,,,,3.0,0.0,2.0,3.0,0.0,0.0,0.0,4.0,1.0,0.0,52.78,,,,,,,,,,,,-5,,-12,,,,3,-6,202.0,,3,,,,,,,,,,,,0
142,NGA,Nigeria,30,EPI_FIRST_WAVE,200963599.0,67412.0,3.354438332884355,1173.0,0.058368779512154335,85.65,2020-04-25,2020-03-24,2020-04-06,2020-04-12,223,,1130.0,,2.0,1.0,2.0,3.0,0.0,1.0,0.0,4.0,1.0,2.0,48.61,3.0,2.0,2.0,3.0,0.0,2.0,1.0,4.0,2.0,2.0,71.76,2,5,-4,4,5.0,5,5,-1,,-25.0,5,131.0,36.0,147.0,37.0,36.0,212.0,122.0,144.0,0.0,224.0,180,2
143,NIC,Nicaragua,18,EPI_FIRST_WAVE,6545502.0,5784.0,8.836602601297807,160.0,0.24444267223507074,24.07,2020-05-23,2020-03-28,2020-05-04,2020-05-23,221,,155.0,,2.0,0.0,0.0,0.0,0.0,0.0,0.0,1.0,1.0,0.0,15.74,2.0,0.0,0.0,0.0,0.0,0.0,0.0,0.0,1.0,0.0,18.52,100,,,,,,,,,,,8.0,0.0,0.0,0.0,0.0,0.0,0.0,0.0,0.0,0.0,0,2
144,NLD,Netherlands,24,EPI_SECOND_WAVE,17332850.0,518273.0,299.0119916805372,9336.0,5.386304041170379,79.63,2020-03-07,2020-03-07,2020-03-12,2020-03-15,135,142.0,6135.0,,0.0,0.0,0.0,0.0,0.0,1.0,0.0,0.0,1.0,2.0,1.85,3.0,3.0,2.0,3.0,1.0,2.0,1.0,3.0,1.0,1.0,79.63,9,8,3,164,,16,,,,-9.0,9,56.0,57.0,113.0,0.0,0.0,49.0,0.0,0.0,0.0,55.0,91,3
145,NOR,Norway,11,EPI_SECOND_WAVE,5347896.0,34747.0,64.97321563470942,328.0,0.6133253152267732,79.63,2020-03-04,2020-03-13,2020-03-20,2020-03-25,146,132.0,255.0,,3.0,2.0,0.0,2.0,1.0,0.0,0.0,0.0,1.0,0.0,40.74,3.0,2.0,2.0,4.0,1.0,0.0,2.0,4.0,1.0,0.0,79.63,-1,,11,11,,,3,2,,81.0,3,46.0,0.0,70.0,28.0,0.0,0.0,35.0,92.0,0.0,50.0,59,3
146,NPL,Nepal,-54,EPI_SECOND_WAVE,28608710.0,231978.0,81.0864942879284,1479.0,0.5169754246171883,96.3,2020-05-13,2020-05-17,2020-05-29,2020-06-05,115,137.0,39.0,,3.0,2.0,2.0,4.0,2.0,2.0,2.0,4.0,1.0,2.0,92.59,3.0,2.0,2.0,4.0,2.0,2.0,2.0,4.0,1.0,2.0,92.59,-59,-56,-60,-56,-54.0,-55,-56,-55,,-114.0,-56,116.0,45.0,116.0,116.0,115.0,116.0,116.0,116.0,0.0,116.0,116,3
147,NZL,New Zealand,-3,EPI_FIRST_WAVE,4917000.0,1700.0,3.4573927191376854,25.0,0.0508440105755542,96.3,2020-03-19,2020-03-29,2020-04-13,2020-04-17,92,,22.0,,3.0,3.0,2.0,4.0,2.0,2.0,2.0,4.0,1.0,2.0,96.3,3.0,3.0,2.0,4.0,2.0,2.0,2.0,4.0,1.0,2.0,96.3,-5,-4,-13,-6,-3.0,-6,-6,-9,,-30.0,-6,36.0,34.0,59.0,52.0,33.0,52.0,52.0,71.0,0.0,92.0,52,2
148,OMN,Oman,115,EPI_SECOND_WAVE,4974986.0,123484.0,248.20974370581143,1418.0,2.8502592771115336,100.0,2020-03-19,2020-04-01,2020-04-18,2020-04-25,126,117.0,420.0,782.0,3.0,2.0,2.0,4.0,2.0,0.0,2.0,4.0,2.0,2.0,85.19,3.0,2.0,2.0,4.0,2.0,2.0,2.0,4.0,2.0,1.0,87.96,-17,115,-15,-15,-13.0,9,-14,-14,195.0,-15.0,-14,127.0,12.0,127.0,127.0,127.0,95.0,127.0,117.0,0.0,25.0,127,4
149,PAK,Pakistan,6,EPI_SECOND_WAVE,216565318.0,398024.0,18.378935448934627,8025.0,0.3705579487108827,96.3,2020-03-27,2020-03-20,2020-03-23,2020-03-29,190,88.0,6328.0,,3.0,0.0,2.0,4.0,0.0,0.0,0.0,3.0,1.0,1.0,52.78,3.0,2.0,2.0,4.0,0.0,1.0,0.0,3.0,2.0,1.0,61.11,-22,3,-7,-7,3.0,3,4,1,,42.0,3,190.0,23.0,150.0,150.0,76.0,122.0,110.0,61.0,0.0,42.0,138,3
150,PAN,Panama,38,EPI_FIRST_WAVE,4246439.0,164729.0,387.9226806272267,3060.0,7.206037811917232,93.52,2020-03-13,2020-03-11,2020-03-24,2020-03-28,,,,,0.0,0.0,0.0,0.0,0.0,0.0,0.0,1.0,2.0,1.0,8.33,,,,,,,,,,,,1,9,2,223,23.0,21,12,38,,171.0,12,,,,,,,,,,,,1
151,PER,Peru,42,EPI_FIRST_WAVE,32510453.0,962530.0,296.0678523919676,35923.0,11.049676853164735,96.3,2020-03-20,2020-03-20,2020-03-22,2020-03-28,173,,30121.0,,3.0,3.0,2.0,4.0,1.0,3.0,2.0,4.0,1.0,1.0,94.44,3.0,2.0,2.0,4.0,2.0,2.0,2.0,4.0,2.0,2.0,85.19,-8,-4,-8,-5,42.0,-5,-5,-4,242.0,81.0,-5,174.0,42.0,174.0,174.0,109.0,174.0,174.0,174.0,0.0,93.0,174,2
152,PHL,Philippines,49,EPI_FIRST_WAVE,108116615.0,429864.0,39.75929139105955,8373.0,0.7744415601616829,100.0,2020-03-25,2020-02-02,2020-03-14,2020-03-16,,,,,0.0,0.0,0.0,0.0,0.0,0.0,0.0,3.0,1.0,0.0,19.44,,,,,,,,,,,,37,45,42,45,42.0,42,42,49,152.0,3.0,42,,,,,,,,,,,,1
153,PNG,Papua New Guinea,-104,EPI_OTHER,8776109.0,655.0,0.7463444221123507,7.0,0.007976199930971687,83.8,2020-07-27,2020-07-29,2020-08-29,,,,,,1.0,1.0,2.0,3.0,1.0,0.0,0.0,2.0,2.0,1.0,49.07,,,,,,,,,,,,-128,9,-127,-104,-127.0,-112,-127,-130,,-180.0,-127,,,,,,,,,,,,0
154,POL,Poland,27,EPI_FIRST_WAVE,37970874.0,985075.0,259.4291087426642,17029.0,4.484753234808343,83.33,2020-03-18,2020-03-13,2020-03-18,2020-03-25,,,,,3.0,0.0,2.0,0.0,0.0,0.0,1.0,1.0,0.0,0.0,41.67,,,,,,,,,,,,-1,,-3,18,,18,18,2,,81.0,18,,,,,,,,,,,,1
155,PRI,Puerto Rico,-12,EPI_FIRST_WAVE,3193694.0,90595.0,283.66837899936564,1094.0,3.4255003766797945,93.52,2020-03-28,2020-03-28,2020-03-30,2020-04-02,,,,,3.0,3.0,2.0,4.0,2.0,2.0,2.0,3.0,1.0,1.0,93.52,,,,,,,,,,,,-12,-13,-15,-13,-13.0,-13,-16,,216.0,10.0,-13,,,,,,,,,,,,1
156,PRT,Portugal,22,EPI_SECOND_WAVE,10269417.0,294799.0,287.0649813908618,4427.0,4.310858152901961,87.96,2020-03-12,2020-03-18,2020-03-21,2020-03-22,46,220.0,820.0,,3.0,2.0,0.0,0.0,0.0,0.0,0.0,3.0,1.0,2.0,37.96,3.0,3.0,2.0,4.0,1.0,2.0,1.0,3.0,2.0,0.0,82.41,-2,1,1,1,,1,22,,23.0,-52.0,1,40.0,37.0,37.0,37.0,0.0,37.0,5.0,0.0,15.0,16.0,37,3
157,PRY,Paraguay,19,EPI_FIRST_WAVE,7044636.0,81906.0,116.26718541596755,1743.0,2.47422294068849,94.44,2020-03-25,2020-03-21,2020-04-06,2020-05-01,,,,,3.0,3.0,2.0,4.0,2.0,2.0,2.0,3.0,2.0,1.0,85.19,,,,,,,,,,,,-11,-8,-11,0,0.0,-4,-5,3,,-14.0,-5,,,,,,,,,,,,1
158,PSE,Palestina,-5,EPI_FIRST_WAVE,4685306.0,96788.0,206.5777560739896,807.0,1.7224061779529447,96.3,2020-03-11,2020-03-27,2020-05-24,2020-07-02,,,,,3.0,3.0,2.0,4.0,2.0,2.0,2.0,4.0,1.0,1.0,96.3,,,,,,,,,,,,-21,-5,-22,-5,-5.0,-5,-22,-22,,,-21,,,,,,,,,,,,1
159,PYF,French Polynesia,,EPI_SECOND_WAVE,279287.0,14096.0,504.7137890413804,73.0,2.613798708855049,,2020-03-19,2020-09-12,2020-09-23,2020-10-10,48,63.0,5.0,,,,,,,,,,,,,,,,,,,,,,,,,,,,,,,,,,,,,,,,,,,,,,3
160,QAT,Qatar,-1,EPI_FIRST_WAVE,2832067.0,138648.0,489.5646889709883,237.0,0.8368446085491621,86.11,2020-03-09,2020-03-29,2020-04-08,2020-04-23,131,,177.0,,3.0,2.0,2.0,4.0,2.0,1.0,2.0,4.0,1.0,2.0,86.11,3.0,2.0,2.0,4.0,2.0,1.0,1.0,4.0,3.0,2.0,83.33,-19,,-7,-7,-14.0,,-12,-11,45.0,-21.0,-12,132.0,0.0,132.0,121.0,132.0,0.0,24.0,78.0,87.0,132.0,132,2
161,ROU,Romania,8,EPI_FIRST_WAVE,19356544.0,471536.0,243.60547006738392,11193.0,5.782540519629951,87.04,2020-03-15,2020-03-23,2020-03-24,2020-03-25,,,,,3.0,2.0,2.0,4.0,1.0,1.0,1.0,4.0,1.0,0.0,75.0,,,,,,,,,,,,-12,,-15,-1,8.0,2,7,-2,,217.0,-4,,,,,,,,,,,,1
162,RUS,Russia,3,EPI_FIRST_WAVE,144373535.0,2269316.0,157.18365557787305,39527.0,2.7378286470577864,87.04,2020-03-27,2020-03-27,2020-03-29,2020-03-31,,,,,3.0,2.0,2.0,3.0,0.0,2.0,2.0,3.0,1.0,2.0,69.91,,,,,,,,,,,,-6,3,-17,3,,-22,-22,3,10.0,-22.0,-10,,,,,,,,,,,,1
163,RWA,Rwanda,-71,EPI_FIRST_WAVE,12626950.0,5919.0,4.687592807447563,48.0,0.038013930521622406,90.74,2020-03-30,2020-05-31,2020-07-19,2020-08-19,147,,31.0,,3.0,2.0,2.0,3.0,0.0,2.0,1.0,4.0,3.0,2.0,73.15,3.0,2.0,2.0,3.0,0.0,2.0,2.0,2.0,3.0,2.0,70.37,-76,-71,-84,,-71.0,-71,-71,-71,-71.0,-84.0,-71,147.0,0.0,148.0,0.0,38.0,148.0,107.0,100.0,148.0,148.0,148,2
164,SAU,Saudi Arabia,32,EPI_FIRST_WAVE,34268528.0,357128.0,104.21457262477104,5884.0,1.7170273552456061,94.44,2020-03-20,2020-03-25,2020-03-30,2020-04-01,245,,5810.0,,3.0,2.0,2.0,3.0,2.0,2.0,2.0,4.0,2.0,2.0,89.81,3.0,1.0,2.0,3.0,1.0,1.0,1.0,4.0,3.0,2.0,71.3,-16,,-12,32,-4.0,-2,-17,-10,63.0,-53.0,-9,246.0,0.0,246.0,43.0,88.0,67.0,88.0,159.0,183.0,246.0,174,2
165,SDN,Sudan,75,EPI_SECOND_WAVE,42813238.0,17627.0,4.117184502606413,1241.0,0.28986361648236,91.67,2020-04-27,2020-03-15,2020-04-15,2020-04-19,175,85.0,822.0,,3.0,1.0,2.0,3.0,0.0,0.0,0.0,0.0,2.0,0.0,45.37,3.0,3.0,2.0,3.0,2.0,2.0,2.0,4.0,2.0,1.0,84.26,-1,34,-1,,11.0,34,29,1,,,8,176.0,81.0,176.0,0.0,117.0,81.0,141.0,119.0,0.0,0.0,168,3
166,SEN,Senegal,-8,EPI_FIRST_WAVE,16296364.0,16075.0,9.864163564338646,333.0,0.204340060150841,77.78,2020-03-25,2020-04-02,2020-04-21,2020-05-05,238,,326.0,,3.0,0.0,2.0,4.0,0.0,3.0,2.0,4.0,1.0,2.0,77.78,2.0,0.0,0.0,2.0,0.0,0.0,0.0,3.0,2.0,2.0,32.41,-17,,-19,-10,,-8,-10,-13,106.0,-27.0,-10,101.0,0.0,125.0,49.0,0.0,97.0,76.0,119.0,21.0,239.0,94,2
167,SGP,Singapore,23,EPI_FIRST_WAVE,5703569.0,58213.0,102.0641636841774,29.0,0.05084535665300095,85.19,2020-02-07,2020-03-22,2020-04-03,2020-04-15,169,,26.0,,0.0,0.0,2.0,2.0,0.0,0.0,0.0,3.0,2.0,2.0,36.11,3.0,3.0,2.0,4.0,1.0,2.0,2.0,2.0,2.0,2.0,85.19,17,16,-9,17,,17,17,,,-62.0,17,55.0,35.0,120.0,94.0,0.0,72.0,72.0,0.0,0.0,170.0,72,2
168,SLB,Solomon Islands,,EPI_OTHER,669823.0,17.0,0.2537983915153705,0.0,0.0,69.44,2020-10-25,,,,,,,,,,,,,,,,,,,,,,,,,,,,,,,,,,,,,,,,,,,,,,,,,,,,0
169,SLE,Sierra Leone,-19,EPI_OTHER,7813215.0,2411.0,3.0857975878047643,74.0,0.09471133201889363,88.89,2020-04-21,2020-04-24,2020-05-01,2020-05-06,,,,,3.0,2.0,2.0,2.0,1.0,2.0,2.0,4.0,2.0,2.0,81.48,,,,,,,,,,,,-24,-19,-33,-19,,-19,-19,-27,,-24.0,-19,,,,,,,,,,,,0
170,SLV,El Salvador,36,EPI_SECOND_WAVE,6453553.0,38405.0,59.5098544941058,1114.0,1.7261809115071962,100.0,2020-04-02,2020-04-01,2020-04-09,2020-05-01,178,72.0,808.0,,3.0,3.0,2.0,2.0,1.0,3.0,2.0,4.0,2.0,0.0,88.89,3.0,2.0,2.0,3.0,2.0,2.0,2.0,4.0,3.0,1.0,89.81,-21,-11,-11,20,36.0,-11,-14,-20,23.0,,-14,179.0,69.0,178.0,70.0,109.0,179.0,178.0,178.0,149.0,0.0,179,3
171,SMR,San Marino,46,EPI_OTHER,33860.0,1586.0,468.3992911990549,45.0,13.290017720023627,92.59,2020-02-28,2020-03-02,2020-03-13,2020-03-18,,,,,3.0,0.0,0.0,0.0,0.0,0.0,0.0,4.0,1.0,2.0,33.33,,,,,,,,,,,,-2,,6,6,13.0,39,46,-1,80.0,-4.0,6,,,,,,,,,,,,0
172,SOM,Somalia,1,EPI_FIRST_WAVE,15442905.0,4445.0,2.8783444565643577,113.0,0.07317276121299716,60.19,2020-04-16,2020-04-10,2020-04-16,2020-04-23,,,,,3.0,0.0,2.0,3.0,0.0,0.0,0.0,4.0,1.0,0.0,52.78,,,,,,,,,,,,-20,,-22,168,,154,142,-23,,,1,,,,,,,,,,,,1
173,SRB,Serbia,0,EPI_THIRD_WAVE,6944975.0,169214.0,243.64954517474865,1549.0,2.230389598234695,100.0,2020-03-14,2020-03-21,2020-03-28,2020-03-29,82,180.0,245.0,486.0,3.0,3.0,2.0,4.0,2.0,3.0,2.0,4.0,1.0,2.0,100.0,3.0,3.0,2.0,4.0,2.0,3.0,2.0,4.0,1.0,2.0,100.0,-5,0,-6,-6,0.0,-6,-3,-5,62.0,-15.0,-5,62.0,31.0,81.0,63.0,57.0,53.0,60.0,62.0,13.0,83.0,62,5
174,SSD,South Sudan,-27,EPI_FIRST_WAVE,11062113.0,3109.0,2.810493799873496,61.0,0.05514317201424357,86.11,2020-05-07,2020-05-15,2020-05-20,2020-05-30,121,,47.0,,3.0,2.0,2.0,3.0,0.0,2.0,2.0,2.0,2.0,2.0,73.15,3.0,2.0,2.0,3.0,2.0,2.0,2.0,4.0,2.0,2.0,85.19,-56,-48,-60,,14.0,-27,-33,-52,,-8.0,-51,122.0,14.0,122.0,0.0,87.0,93.0,75.0,87.0,0.0,109.0,122,2
175,STP,São Tomé and Príncipe,,EPI_OTHER,215056.0,989.0,45.98802172457406,17.0,0.7904917788854996,,2020-04-09,2020-05-01,2020-05-09,2020-05-26,,,,,,,,,,,,,,,,,,,,,,,,,,,,,,,,,,,,,,,,,,,,,,,,,0
176,SUR,Suriname,160,EPI_FIRST_WAVE,581372.0,5312.0,91.37006942198799,117.0,2.0124808212297807,100.0,2020-03-22,2020-04-04,2020-06-16,2020-06-25,240,,116.0,,3.0,0.0,2.0,4.0,0.0,2.0,2.0,4.0,1.0,1.0,71.3,3.0,2.0,2.0,4.0,2.0,2.0,2.0,4.0,2.0,1.0,85.19,-19,61,-22,-7,2.0,-7,-19,-21,,,-7,180.0,21.0,226.0,198.0,162.0,224.0,150.0,171.0,0.0,0.0,194,2
177,SVK,Slovakia,1,EPI_SECOND_WAVE,5454073.0,105733.0,193.86062489445962,816.0,1.4961295897579663,87.04,2020-03-14,2020-04-07,2020-04-16,2020-04-19,84,178.0,28.0,,3.0,2.0,2.0,3.0,1.0,1.0,1.0,4.0,1.0,2.0,75.0,3.0,2.0,2.0,3.0,1.0,1.0,1.0,4.0,1.0,2.0,75.0,-22,198,-28,1,,1,1,-25,150.0,-97.0,-24,77.0,0.0,82.0,6.0,0.0,6.0,6.0,84.0,0.0,85.0,81,3
178,SVN,Slovenia,12,EPI_FIRST_WAVE,2087946.0,75381.0,361.02945191111263,927.0,4.43976999405157,89.81,2020-03-08,2020-03-18,2020-03-27,2020-03-30,,,,,3.0,0.0,0.0,2.0,2.0,1.0,0.0,3.0,2.0,2.0,50.93,,,,,,,,,,,,-2,2,1,1,-2.0,,12,,,-14.0,1,,,,,,,,,,,,1
179,SWE,Sweden,23,EPI_SECOND_WAVE,10285453.0,257562.0,250.41386120766873,7140.0,6.941843008761986,64.81,2020-03-05,2020-03-12,2020-03-12,2020-03-12,138,125.0,5720.0,,0.0,0.0,2.0,2.0,0.0,0.0,0.0,0.0,1.0,2.0,27.78,2.0,1.0,2.0,3.0,1.0,1.0,0.0,3.0,2.0,1.0,59.26,,,0,257,,,,,,-41.0,23,0.0,0.0,139.0,0.0,0.0,0.0,0.0,0.0,0.0,11.0,70,3
180,SWZ,Swaziland,-15,EPI_FIRST_WAVE,1148130.0,6410.0,55.82991473091026,121.0,1.0538876259657008,89.81,2020-03-27,2020-04-18,2020-06-21,2020-06-29,211,,117.0,,3.0,2.0,2.0,3.0,1.0,2.0,2.0,4.0,1.0,2.0,84.26,2.0,2.0,2.0,3.0,1.0,2.0,2.0,4.0,2.0,1.0,80.56,-32,,-32,,-22.0,-22,-22,-22,,-36.0,-22,93.0,0.0,197.0,0.0,10.0,134.0,134.0,179.0,0.0,17.0,179,2
181,SXM,Sint Maarten,,EPI_OTHER,40733.0,1066.0,261.70426926570593,25.0,6.1375297670193705,,2020-03-03,2020-04-02,2020-04-08,2020-04-20,,,,,,,,,,,,,,,,,,,,,,,,,,,,,,,,,,,,,,,,,,,,,,,,,0
182,SYC,Seychelles,,EPI_OTHER,97625.0,173.0,17.720870678617157,0.0,0.0,93.52,2020-03-15,,,,,,,,,,,,,,,,,,,,,,,,,,,,,,,,,,,,,,,,,,,,,,,,,,,,0
183,SYR,Syria,2,EPI_FIRST_WAVE,17070135.0,7797.0,4.567626442321633,413.0,0.24194301919697764,87.04,2020-05-25,2020-03-30,2020-06-02,2020-07-04,,,,,3.0,2.0,2.0,3.0,2.0,2.0,2.0,3.0,0.0,0.0,84.26,,,,,,,,,,,,-16,,-14,,-7.0,-5,-5,,,,-14,,,,,,,,,,,,1
184,TCA,Turks and Caicos Islands,-11,EPI_OTHER,38191.0,748.0,195.85766280013615,6.0,1.5710507711240869,79.63,2020-03-25,2020-04-06,2020-09-05,,,,,,3.0,3.0,2.0,4.0,0.0,2.0,2.0,4.0,1.0,2.0,79.63,,,,,,,,,,,,-17,-11,-11,-11,,-11,-11,-13,12.0,-14.0,-11,,,,,,,,,,,,0
185,TCD,Chad,-16,EPI_OTHER,15946876.0,1682.0,1.0547520404623452,101.0,0.06333528899327993,88.89,2020-05-03,2020-04-29,2020-05-01,2020-05-03,,,,,3.0,3.0,2.0,3.0,2.0,2.0,2.0,4.0,1.0,1.0,88.89,,,,,,,,,,,,-16,-16,-16,142,-16.0,-27,-16,-16,,84.0,-16,,,,,,,,,,,,0
186,TGO,Togo,5,EPI_OTHER,8082366.0,2962.0,3.664768460126651,64.0,0.07918473377721326,73.15,2020-04-05,2020-03-28,2020-04-17,2020-05-09,,,,,3.0,2.0,2.0,2.0,0.0,1.0,2.0,4.0,1.0,0.0,69.44,,,,,,,,,,,,-8,,-12,,,5,-7,-8,,59.0,-8,,,,,,,,,,,,0
187,THA,Thailand,33,EPI_FIRST_WAVE,69625582.0,3977.0,0.5711980978485752,60.0,0.008617522220496483,76.85,2020-03-21,2020-03-01,2020-03-27,2020-03-31,,,,,0.0,0.0,0.0,0.0,0.0,0.0,0.0,0.0,0.0,0.0,0.0,,,,,,,,,,,,17,33,9,,,,25,24,,44.0,25,,,,,,,,,,,,1
188,TJK,Tajikistan,47,EPI_FIRST_WAVE,9321018.0,12155.0,13.040421121383952,86.0,0.09226460028293047,65.74,2020-05-04,2020-05-04,2020-05-06,2020-05-08,118,,66.0,,0.0,2.0,2.0,0.0,0.0,0.0,0.0,4.0,1.0,1.0,40.74,0.0,2.0,2.0,0.0,0.0,1.0,0.0,4.0,1.0,1.0,44.44,,,-16,,30.0,5,42,-24,,,47,0.0,0.0,119.0,0.0,86.0,3.0,31.0,58.0,0.0,0.0,26,2
189,TLS,Timor-Leste,,EPI_OTHER,1293119.0,30.0,0.23199720984688957,0.0,0.0,77.78,2020-04-17,,,,,,,,,,,,,,,,,,,,,,,,,,,,,,,,,,,,,,,,,,,,,,,,,,,,0
190,TTO,Trinidad and Tobago,32,EPI_FIRST_WAVE,1394973.0,6660.0,47.74285953921689,120.0,0.8602317034093133,90.74,2020-03-18,2020-03-26,2020-04-02,2020-08-16,230,,110.0,,3.0,2.0,2.0,3.0,0.0,0.0,0.0,4.0,2.0,2.0,60.19,3.0,2.0,2.0,4.0,1.0,1.0,2.0,4.0,1.0,2.0,80.56,-12,4,-5,5,,4,32,-3,,-13.0,-3,231.0,52.0,231.0,137.0,0.0,70.0,99.0,231.0,0.0,231.0,231,2
191,TUN,Tunisia,1,EPI_FIRST_WAVE,11694719.0,96251.0,82.3029608492517,3219.0,2.7525244514211926,90.74,2020-03-22,2020-03-21,2020-03-26,2020-04-02,,,,,3.0,1.0,2.0,4.0,0.0,2.0,2.0,4.0,1.0,1.0,77.78,,,,,,,,,,,,-9,1,-8,-1,,-1,-1,-5,,47.0,-1,,,,,,,,,,,,1
192,TUR,Turkey,23,EPI_SECOND_WAVE,83429615.0,586091.0,70.24975483825497,13558.0,1.625082412282497,77.78,2020-03-21,2020-03-19,2020-03-21,2020-03-22,81,176.0,4669.0,,3.0,2.0,2.0,0.0,0.0,1.0,1.0,3.0,2.0,1.0,58.33,3.0,2.0,2.0,0.0,1.0,2.0,2.0,4.0,2.0,1.0,75.93,-3,,-3,177,,2,9,8,,31.0,2,82.0,0.0,82.0,0.0,0.0,79.0,65.0,66.0,0.0,50.0,79,3
193,TWN,Taiwan,31,EPI_OTHER,,675.0,,7.0,,31.48,,2020-02-17,2020-03-30,,,,,,3.0,0.0,0.0,0.0,0.0,0.0,0.0,3.0,2.0,2.0,30.56,,,,,,,,,,,,-15,,,,,,,31,96.0,-27.0,,,,,,,,,,,,,0
194,TZA,Tanzania,14,EPI_OTHER,58005463.0,509.0,0.08775035551392805,21.0,0.003620348655780922,50.0,2020-04-25,2020-03-29,2020-04-18,2020-04-23,,,,,3.0,0.0,2.0,3.0,0.0,0.0,0.0,3.0,0.0,1.0,47.22,,,,,,,,,,,,-11,,-12,,,,,14,,,,,,,,,,,,,,,0
195,UGA,Uganda,-117,EPI_FIRST_WAVE,44269594.0,20145.0,4.550527389069798,201.0,0.04540362398625115,93.52,2020-05-17,2020-07-25,2020-08-04,2020-08-14,,,,,3.0,2.0,2.0,4.0,2.0,2.0,2.0,2.0,1.0,1.0,79.63,,,,,,,,,,,,-127,-122,-129,-117,-122.0,-117,-117,-33,,16.0,-122,,,,,,,,,,,,1
196,UKR,Ukraine,-1,EPI_FIRST_WAVE,44385155.0,722679.0,162.8199788870851,12213.0,2.7515956630094003,88.89,2020-03-29,2020-03-19,2020-03-27,2020-03-31,,,,,3.0,2.0,2.0,4.0,2.0,1.0,2.0,4.0,1.0,1.0,88.89,,,,,,,,,,,,-7,,-7,-2,-1.0,,-7,-3,182.0,49.0,-3,,,,,,,,,,,,1
197,URY,Uruguay,3,EPI_FIRST_WAVE,3461734.0,5716.0,16.511956146832773,76.0,0.21954315380673384,72.22,2020-03-17,2020-03-30,2020-04-05,2020-04-20,,,,,3.0,1.0,2.0,0.0,1.0,1.0,1.0,4.0,1.0,1.0,62.96,,,,,,,,,,,,-16,,-17,,,3,2,-6,87.0,,-3,,,,,,,,,,,,1
198,USA,United States,41,EPI_FIRST_WAVE,328239523.0,13383321.0,407.730332949576,266873.0,8.130434676509081,77.78,2020-03-13,2020-03-01,2020-03-03,2020-03-05,,,,,0.0,0.0,0.0,0.0,0.0,0.0,0.0,2.0,1.0,1.0,11.11,,,,,,,,,,,,18,,18,26,41.0,,,,227.0,143.0,18,,,,,,,,,,,,1
199,UZB,Uzbekistan,30,EPI_FIRST_WAVE,33580650.0,72870.0,21.699996873199296,608.0,0.1810566501839601,96.3,2020-04-01,2020-03-29,2020-04-19,2020-05-04,167,,338.0,,3.0,3.0,2.0,3.0,2.0,2.0,2.0,4.0,1.0,2.0,90.74,3.0,2.0,2.0,3.0,1.0,2.0,1.0,3.0,1.0,2.0,73.15,-13,-8,-13,30,-13.0,-2,-5,-13,,-14.0,-13,146.0,47.0,146.0,34.0,75.0,141.0,83.0,89.0,0.0,168.0,146,2
200,VAT,Vatican City,,EPI_OTHER,,26.0,,0.0,,,,,,,,,,,,,,,,,,,,,,,,,,,,,,,,,,,,,,,,,,,,,,,,,,,,,,,0
201,VCT,Saint Vincent and the Grenadines,,EPI_OTHER,110589.0,85.0,7.686117064084131,0.0,0.0,,2020-03-13,,,,,,,,,,,,,,,,,,,,,,,,,,,,,,,,,,,,,,,,,,,,,,,,,,,,0
202,VEN,Venezuela,185,EPI_FIRST_WAVE,28515829.0,102040.0,35.78363441581867,894.0,0.3135100859245579,87.96,2020-04-02,2020-03-27,2020-04-05,2020-04-22,153,,342.0,,3.0,3.0,2.0,3.0,0.0,2.0,2.0,4.0,1.0,0.0,82.41,3.0,3.0,2.0,4.0,1.0,2.0,2.0,4.0,3.0,0.0,86.11,-11,-11,-15,47,87.0,-14,-14,-9,42.0,,-11,154.0,129.0,154.0,107.0,30.0,147.0,134.0,154.0,112.0,0.0,154,2
203,VGB,British Virgin Islands,128,EPI_OTHER,30030.0,73.0,24.30902430902431,1.0,0.333000333000333,79.63,2020-03-27,2020-04-20,,,,,,,3.0,3.0,2.0,4.0,0.0,3.0,0.0,4.0,2.0,2.0,72.22,,,,,,,,,,,,-32,-24,-35,-24,,-26,123,-28,74.0,-52.0,-24,,,,,,,,,,,,0
204,VIR,"Virgin Islands, U.S.",,EPI_OTHER,106631.0,1544.0,144.79841697067457,23.0,2.156971237257458,,2020-03-24,2020-04-06,2020-05-12,2020-08-21,,,,,,,,,,,,,,,,,,,,,,,,,,,,,,,,,,,,,,,,,,,,,,,,,0
205,VNM,Vietnam,-122,EPI_OTHER,96462106.0,1343.0,0.13922565613485569,35.0,0.0036283678069396496,96.3,2020-07-31,2020-08-01,2020-08-02,2020-08-07,,,,,3.0,3.0,2.0,3.0,2.0,2.0,2.0,3.0,3.0,2.0,75.46,,,,,,,,,,,,-185,-127,-175,-122,-126.0,-122,-170,-132,-114.0,-147.0,-128,,,,,,,,,,,,0
206,XKO,Kosovo,,EPI_SECOND_WAVE,,39057.0,,1005.0,,,,2020-03-23,2020-04-08,2020-04-17,197,55.0,629.0,,,,,,,,,,,,,,,,,,,,,,,,,,,,,,,,,,,,,,,,,,,,,,3
207,YEM,Yemen,0,EPI_OTHER,29161922.0,2077.0,0.712230147244753,605.0,0.20746232021332475,58.33,2020-05-20,2020-05-01,2020-05-07,2020-05-13,,,,,3.0,2.0,2.0,0.0,0.0,2.0,2.0,4.0,0.0,0.0,58.33,,,,,,,,,,,,-47,,-45,,,0,-1,-44,,,,,,,,,,,,,,,0
208,ZAF,South Africa,-1,EPI_FIRST_WAVE,58558270.0,787702.0,134.51592746848567,21477.0,3.6676288421772023,87.96,2020-03-24,2020-03-27,2020-04-01,2020-04-06,204,,16866.0,,3.0,3.0,2.0,3.0,1.0,2.0,2.0,4.0,1.0,2.0,87.96,2.0,2.0,2.0,3.0,1.0,2.0,2.0,4.0,3.0,2.0,80.56,-9,-1,-11,144,,-1,-1,-1,35.0,-20.0,-1,82.0,36.0,188.0,33.0,0.0,150.0,145.0,189.0,155.0,205.0,178,2
209,ZMB,Zambia,29,EPI_FIRST_WAVE,17861030.0,17608.0,9.858334037846642,357.0,0.19987649088546405,70.83,2020-04-29,2020-04-03,2020-05-10,2020-06-09,227,,352.0,,3.0,0.0,0.0,3.0,0.0,0.0,1.0,4.0,1.0,2.0,47.22,2.0,2.0,1.0,3.0,0.0,0.0,1.0,2.0,1.0,2.0,50.93,-14,29,12,12,,12,11,-7,227.0,-8.0,12,59.0,6.0,23.0,75.0,0.0,23.0,24.0,29.0,1.0,228.0,23,2
210,ZWE,Zimbabwe,6,EPI_SECOND_WAVE,14645468.0,9950.0,6.793910580392515,276.0,0.18845420303400343,87.96,2020-05-28,2020-03-24,2020-06-21,2020-07-10,193,58.0,227.0,,3.0,0.0,2.0,3.0,0.0,1.0,1.0,4.0,0.0,1.0,56.48,3.0,1.0,2.0,3.0,1.0,2.0,2.0,4.0,1.0,1.0,80.56,0,6,-7,,,6,6,-1,,,3,141.0,67.0,194.0,0.0,0.0,141.0,188.0,191.0,0.0,0.0,191,3
