,class,country,countrycode,dead_during_wave,population,si_integral_during_wave,t0_10_dead,tests_during_wave,wave,wave_end,wave_start,class_coarse,si_integral,last_dead_per_10k,last_tests_per_10k,si_response_time,c1_response_time,c2_response_time,c3_response_time,c4_response_time,c5_response_time,c6_response_time,c7_response_time,c8_response_time,h2_response_time,h3_response_time,testing_response_time_1,testing_response_time_10,testing_response_time_100,testing_response_time_1000
0,3.0,Aruba,ABW,41.0,106314.0,6702.844999999998,2020-09-01,,1.0,2020-11-19,2020-07-15,EPI_SECOND_WAVE,23916.425,7.995184077355757,,-156.0,-169.0,-156.0,-156.0,-156.0,,-156.0,-156.0,-168.0,,189.0,,,,
1,3.0,Aruba,ABW,41.0,106314.0,5927.31,2021-01-26,,2.0,2021-04-01,2020-11-19,EPI_SECOND_WAVE,23916.425,7.995184077355757,,-156.0,-169.0,-156.0,-156.0,-156.0,,-156.0,-156.0,-168.0,,189.0,,,,
2,4.0,Afghanistan,AFG,1462.0,38041754.0,13669.86,2020-04-07,,1.0,2020-10-02,2020-01-09,EPI_SECOND_WAVE,17338.695,0.654281082833352,,-10.0,-24.0,-14.0,-37.0,-2.0,-10.0,-13.0,5.0,,133.0,133.0,,,,
3,4.0,Afghanistan,AFG,984.0,38041754.0,1950.4199999999996,2020-10-07,,2.0,2021-03-04,2020-10-02,EPI_SECOND_WAVE,17338.695,0.654281082833352,,-10.0,-24.0,-14.0,-37.0,-2.0,-10.0,-13.0,5.0,,133.0,133.0,,,,
4,2.0,Angola,AGO,497.0,31825295.0,22073.005,2020-06-24,,1.0,2021-02-22,2020-04-19,EPI_FIRST_WAVE,29814.41,0.16873370694600004,,-89.0,-92.0,-89.0,-89.0,-89.0,-89.0,-89.0,-89.0,-96.0,119.0,,,,,
5,1.0,Albania,ALB,2225.0,2854191.0,23819.754999999997,2020-03-30,538077.0,1.0,2021-04-01,2020-03-30,EPI_FIRST_WAVE,28968.07,7.830590174238514,1879.989811473724,-17.0,-21.0,,-21.0,19.0,-17.0,-17.0,-17.0,-7.0,424.0,57.0,-18.0,9.0,105.0,290.0
6,2.0,Andorra,AND,98.0,77142.0,16647.755000000005,2020-03-31,,1.0,2021-03-01,2020-03-31,EPI_FIRST_WAVE,22138.229999999996,14.907573047107931,,393.0,-15.0,-17.0,98.0,174.0,,393.0,,,18.0,120.0,,,,
7,3.0,United Arab Emirates,ARE,357.0,9770529.0,10416.230000000003,2020-04-05,5559636.692307692,1.0,2020-08-10,2020-01-09,EPI_SECOND_WAVE,25597.95,1.5321585965304438,38482.10061092905,-13.0,-28.0,,-20.0,-9.0,-1.0,-13.0,-13.0,-11.0,8.0,-64.0,-56.0,-43.0,-19.0,19.0
8,3.0,United Arab Emirates,ARE,1140.0,9770529.0,11838.79,2020-08-20,,2.0,2021-04-01,2020-08-10,EPI_SECOND_WAVE,25597.95,1.5321585965304438,38482.10061092905,-13.0,-28.0,,-20.0,-9.0,-1.0,-13.0,-13.0,-11.0,8.0,-64.0,-56.0,-43.0,-19.0,19.0
9,1.0,Argentina,ARG,55724.0,44938712.0,31373.84,2020-03-28,7617602.0,1.0,2021-04-01,2020-03-28,EPI_FIRST_WAVE,37827.14,12.402669662628515,1686.3594132381897,-9.0,-12.0,-9.0,-17.0,-9.0,-5.0,-9.0,-8.0,-12.0,,-24.0,-1.0,24.0,94.0,282.0
10,5.0,Armenia,ARM,876.0,2957731.0,,2020-04-10,206871.95890410958,1.0,2020-09-01,2020-01-09,EPI_THIRD_WAVE,,11.944967273900161,2886.770297907416,,,,,,,,,,,,-25.0,-10.0,29.0,175.0
11,5.0,Armenia,ARM,2231.0,2957731.0,,2020-09-04,449394.0,2.0,2021-02-04,2020-09-01,EPI_THIRD_WAVE,,11.944967273900161,2886.770297907416,,,,,,,,,,,,-25.0,-10.0,29.0,175.0
12,5.0,Armenia,ARM,426.0,2957731.0,,2021-02-07,,3.0,2021-04-01,2021-02-04,EPI_THIRD_WAVE,,11.944967273900161,2886.770297907416,,,,,,,,,,,,-25.0,-10.0,29.0,175.0
13,4.0,Australia,AUS,102.0,25364307.0,6306.344999999998,2020-03-27,,1.0,2020-06-11,2020-02-17,EPI_SECOND_WAVE,28213.16,0.3583776209616135,6155.587061771488,-3.0,-3.0,128.0,-9.0,2.0,,6.0,-8.0,-7.0,31.0,-62.0,2.0,2.0,6.0,97.0
14,4.0,Australia,AUS,807.0,25364307.0,16873.625,2020-07-17,12529321.0,2.0,2021-02-25,2020-06-11,EPI_SECOND_WAVE,28213.16,0.3583776209616135,6155.587061771488,-3.0,-3.0,128.0,-9.0,2.0,,6.0,-8.0,-7.0,31.0,-62.0,2.0,2.0,6.0,97.0
15,4.0,Austria,AUT,677.0,8877067.0,6645.720000000002,2020-03-23,,1.0,2020-06-15,2020-01-09,EPI_SECOND_WAVE,28509.190000000002,10.235362648496402,26418.09620227041,-7.0,239.0,-7.0,-12.0,-7.0,,-7.0,-10.0,,67.0,7.0,10.0,10.0,10.0,130.0
16,4.0,Austria,AUT,7336.0,8877067.0,13785.204999999998,2020-06-18,10677781.0,2.0,2021-02-11,2020-06-15,EPI_SECOND_WAVE,28509.190000000002,10.235362648496402,26418.09620227041,-7.0,239.0,-7.0,-12.0,-7.0,,-7.0,-10.0,,67.0,7.0,10.0,10.0,10.0,130.0
17,5.0,Azerbaijan,AZE,593.0,10023318.0,17671.119999999995,2020-04-12,,1.0,2020-10-03,2020-01-09,EPI_THIRD_WAVE,35112.8,3.5587018190982267,,-24.0,-40.0,-12.0,-29.0,-29.0,70.0,-12.0,-24.0,4.0,224.0,-44.0,382.0,382.0,382.0,382.0
18,5.0,Azerbaijan,AZE,2577.0,10023318.0,9795.954999999998,2020-10-10,,2.0,2021-02-13,2020-10-03,EPI_THIRD_WAVE,35112.8,3.5587018190982267,,-24.0,-40.0,-12.0,-29.0,-29.0,70.0,-12.0,-24.0,4.0,224.0,-44.0,382.0,382.0,382.0,382.0
19,5.0,Azerbaijan,AZE,397.0,10023318.0,3234.65,2021-02-16,,3.0,2021-04-01,2021-02-13,EPI_THIRD_WAVE,35112.8,3.5587018190982267,,-24.0,-40.0,-12.0,-29.0,-29.0,70.0,-12.0,-24.0,4.0,224.0,-44.0,382.0,382.0,382.0,382.0
20,6.0,Belgium,BEL,9646.0,11484055.0,8185.985000000002,2020-03-15,1289367.1379310344,1.0,2020-07-01,2020-02-20,EPI_THIRD_WAVE,28026.535000000003,20.08523992614107,9787.587224199118,3.0,379.0,3.0,-1.0,3.0,,3.0,-1.0,5.0,406.0,-18.0,-11.0,-1.0,24.0,98.0
21,6.0,Belgium,BEL,254.0,11484055.0,3211.49,2020-07-05,972790.0,2.0,2020-08-28,2020-07-01,EPI_THIRD_WAVE,28026.535000000003,20.08523992614107,9787.587224199118,3.0,379.0,3.0,-1.0,3.0,,3.0,-1.0,5.0,406.0,-18.0,-11.0,-1.0,24.0,98.0
22,6.0,Belgium,BEL,9934.0,11484055.0,7261.325000000001,2020-08-30,4750544.0,3.0,2021-01-03,2020-08-28,EPI_THIRD_WAVE,28026.535000000003,20.08523992614107,9787.587224199118,3.0,379.0,3.0,-1.0,3.0,,3.0,-1.0,5.0,406.0,-18.0,-11.0,-1.0,24.0,98.0
23,4.0,Benin,BEN,21.0,11801151.0,6092.189999999999,2020-06-19,,1.0,2020-07-07,2020-03-16,EPI_SECOND_WAVE,19241.295,0.07880587241024202,,-81.0,-81.0,,-94.0,-81.0,-81.0,,-81.0,-33.0,,-104.0,,,,
24,4.0,Benin,BEN,69.0,11801151.0,10404.635000000002,2020-07-18,,2.0,2021-03-31,2020-07-07,EPI_SECOND_WAVE,19241.295,0.07880587241024202,,-81.0,-81.0,,-94.0,-81.0,-81.0,,-81.0,-33.0,,-104.0,,,,
25,2.0,Burkina Faso,BFA,146.0,20321378.0,14813.49,2020-03-30,,1.0,2021-04-01,2020-01-09,EPI_FIRST_WAVE,16449.71,0.07184552149957547,,-9.0,-14.0,,-18.0,,-7.0,-9.0,-9.0,-9.0,164.0,-21.0,,,,
26,3.0,Bangladesh,BGD,8266.0,163046161.0,27661.410000000003,2020-04-06,3832276.2,1.0,2021-02-13,2020-01-09,EPI_SECOND_WAVE,36358.31,0.5584308115049701,286.4306630316797,-18.0,-21.0,-18.0,-16.0,-18.0,-18.0,-18.0,-18.0,385.0,295.0,345.0,9.0,40.0,153.0,
27,3.0,Bangladesh,BGD,839.0,163046161.0,3813.7149999999997,2021-02-15,,2.0,2021-04-01,2021-02-13,EPI_SECOND_WAVE,36358.31,0.5584308115049701,286.4306630316797,-18.0,-21.0,-18.0,-16.0,-18.0,-18.0,-18.0,-18.0,385.0,295.0,345.0,9.0,40.0,153.0,
28,3.0,Bulgaria,BGR,8741.0,6975761.0,15923.32,2020-04-02,,1.0,2021-01-22,2020-01-09,EPI_SECOND_WAVE,22755.595,18.918366039203466,3008.167854374598,-15.0,-20.0,257.0,-20.0,-20.0,,-15.0,-15.0,42.0,,27.0,17.0,17.0,49.0,211.0
29,3.0,Bulgaria,BGR,4456.0,6975761.0,3762.7900000000004,2021-01-23,,2.0,2021-04-01,2021-01-22,EPI_SECOND_WAVE,22755.595,18.918366039203466,3008.167854374598,-15.0,-20.0,257.0,-20.0,-20.0,,-15.0,-15.0,42.0,,27.0,17.0,17.0,49.0,211.0
30,3.0,Bahrain,BHR,338.0,1641172.0,18163.525,2020-05-14,,1.0,2020-11-23,2020-01-09,EPI_SECOND_WAVE,28507.510000000002,3.174560618874804,21715.463095885134,-57.0,-78.0,-49.0,-57.0,-53.0,,126.0,,,-44.0,-81.0,-65.0,-65.0,-56.0,-7.0
31,3.0,Bahrain,BHR,183.0,1641172.0,7017.765000000001,2020-12-13,,2.0,2021-04-01,2020-11-23,EPI_SECOND_WAVE,28507.510000000002,3.174560618874804,21715.463095885134,-57.0,-78.0,-49.0,-57.0,-53.0,,126.0,,,-44.0,-81.0,-65.0,-65.0,-56.0,-7.0
32,2.0,Bahamas,BHS,164.0,389482.0,20495.48,2020-04-25,,1.0,2021-01-18,2020-04-25,EPI_FIRST_WAVE,33168.765,4.82692396567749,,-36.0,-40.0,-36.0,-36.0,-36.0,-36.0,-36.0,-32.0,-32.0,380.0,-42.0,,,,
33,3.0,Bosnia and Herzegovina,BIH,4791.0,3301000.0,19311.615000000005,2020-03-31,,1.0,2021-02-07,2020-01-09,EPI_SECOND_WAVE,24196.61,19.990911844895486,2396.4768252044837,-14.0,-20.0,-14.0,-14.0,-13.0,-14.0,-11.0,-11.0,41.0,,,2.0,2.0,33.0,219.0
34,3.0,Bosnia and Herzegovina,BIH,1808.0,3301000.0,2257.270000000001,2021-02-09,,2.0,2021-04-01,2021-02-07,EPI_SECOND_WAVE,24196.61,19.990911844895486,2396.4768252044837,-14.0,-20.0,-14.0,-14.0,-13.0,-14.0,-11.0,-11.0,41.0,,,2.0,2.0,33.0,219.0
35,3.0,Belarus,BLR,613.0,9466856.0,2466.095000000001,2020-04-07,,1.0,2020-08-18,2020-01-09,EPI_SECOND_WAVE,9584.835000000001,2.3735440784142066,5651.067260344934,,,,,376.0,,,,205.0,13.0,2.0,-26.0,-26.0,12.0,81.0
36,3.0,Belarus,BLR,1634.0,9466856.0,5172.555,2020-08-21,,2.0,2021-04-01,2020-08-18,EPI_SECOND_WAVE,9584.835000000001,2.3735440784142066,5651.067260344934,,,,,376.0,,,,205.0,13.0,2.0,-26.0,-26.0,12.0,81.0
37,2.0,Belize,BLZ,315.0,390353.0,17192.675000000003,2020-08-26,,1.0,2021-03-31,2020-08-02,EPI_FIRST_WAVE,31223.85,8.120854713554142,,-147.0,-159.0,-147.0,-163.0,-103.0,,-121.0,-147.0,-159.0,,-154.0,273.0,273.0,273.0,273.0
38,4.0,Bolivia,BOL,8939.0,11513100.0,22881.76,2020-04-05,358588.25,1.0,2020-11-28,2020-01-09,EPI_SECOND_WAVE,28497.96,10.630499170510115,787.9337450382608,-19.0,-24.0,-14.0,-24.0,-19.0,-20.0,-19.0,-15.0,-5.0,,,-1.0,35.0,104.0,389.0
39,4.0,Bolivia,BOL,3300.0,11513100.0,3959.1299999999997,2020-11-30,,2.0,2021-04-01,2020-11-28,EPI_SECOND_WAVE,28497.96,10.630499170510115,787.9337450382608,-19.0,-24.0,-14.0,-24.0,-19.0,-20.0,-19.0,-15.0,-5.0,,,-1.0,35.0,104.0,389.0
40,1.0,Brazil,BRA,317635.0,211049527.0,26512.744999999995,2020-03-21,,1.0,2021-04-01,2020-03-21,EPI_FIRST_WAVE,31101.46,15.050780000089741,,-3.0,-9.0,-4.0,-9.0,36.0,0.0,45.0,-4.0,6.0,,11.0,,,,
41,2.0,Barbados,BRB,34.0,287025.0,13338.98,2021-01-26,,1.0,2021-03-29,2020-07-06,EPI_FIRST_WAVE,26915.895,1.4632871701071335,,-304.0,-313.0,-304.0,-315.0,-298.0,,-298.0,-304.0,,62.0,-312.0,,,,
42,2.0,Central African Republic,CAF,62.0,4745185.0,13224.199999999999,2020-06-17,,1.0,2020-11-06,2020-03-22,EPI_FIRST_WAVE,17028.585,0.15173275646787218,,-83.0,-83.0,,-83.0,,,-40.0,-83.0,-83.0,,69.0,,,,
43,4.0,Canada,CAN,8522.0,37589262.0,7726.29,2020-03-21,2894463.75,1.0,2020-06-30,2020-02-15,EPI_SECOND_WAVE,31140.675,6.099082232580145,7354.366254916098,-3.0,-5.0,-3.0,-9.0,2.0,,294.0,-1.0,-3.0,,132.0,-11.0,-2.0,27.0,121.0
44,4.0,Canada,CAN,12789.0,37589262.0,15648.819999999998,2020-07-01,20383176.0,2.0,2021-02-17,2020-06-30,EPI_SECOND_WAVE,31140.675,6.099082232580145,7354.366254916098,-3.0,-5.0,-3.0,-9.0,2.0,,294.0,-1.0,-3.0,,132.0,-11.0,-2.0,27.0,121.0
45,4.0,Switzerland,CHE,1723.0,8574832.0,5994.390000000002,2020-03-13,,1.0,2020-06-06,2020-01-09,EPI_SECOND_WAVE,24140.045,11.473111076695147,6628.09370492623,4.0,3.0,4.0,-17.0,4.0,,,,,90.0,59.0,71.0,74.0,92.0,187.0
46,4.0,Switzerland,CHE,7757.0,8574832.0,12581.785,2020-07-02,4469430.0,2.0,2021-02-21,2020-06-06,EPI_SECOND_WAVE,24140.045,11.473111076695147,6628.09370492623,4.0,3.0,4.0,-17.0,4.0,,,,,90.0,59.0,71.0,74.0,92.0,187.0
47,3.0,Chile,CHL,15069.0,18952038.0,20007.214999999997,2020-04-01,,1.0,2020-11-23,2020-01-09,EPI_SECOND_WAVE,34978.71000000001,12.20713044159156,5914.606650746479,-7.0,-17.0,-16.0,-16.0,44.0,93.0,-7.0,-7.0,122.0,230.0,-2.0,9.0,9.0,31.0,133.0
48,3.0,Chile,CHL,8066.0,18952038.0,10094.779999999999,2020-11-24,,2.0,2021-04-01,2020-11-23,EPI_SECOND_WAVE,34978.71000000001,12.20713044159156,5914.606650746479,-7.0,-17.0,-16.0,-16.0,44.0,93.0,-7.0,-7.0,122.0,230.0,-2.0,9.0,9.0,31.0,133.0
49,2.0,China,CHN,4645.0,1397715000.0,9271.749999999996,2020-01-22,,1.0,2020-05-29,2020-01-09,EPI_FIRST_WAVE,35684.899999999994,0.034706646204698384,,4.0,4.0,4.0,0.0,0.0,1.0,10.0,1.0,,69.0,-17.0,,,,
50,3.0,Côte d'Ivoire,CIV,127.0,25716544.0,12957.95,2020-04-21,,1.0,2020-11-12,2020-03-11,EPI_SECOND_WAVE,17553.625,0.09488055626759179,202.01859161168778,-30.0,-36.0,,-33.0,,,,-28.0,-30.0,404.0,86.0,-7.0,37.0,254.0,
51,3.0,Côte d'Ivoire,CIV,117.0,25716544.0,3052.3850000000007,2020-12-29,,2.0,2021-04-01,2020-11-12,EPI_SECOND_WAVE,17553.625,0.09488055626759179,202.01859161168778,-30.0,-36.0,,-33.0,,,,-28.0,-30.0,404.0,86.0,-7.0,37.0,254.0,
52,1.0,Democratic Republic of the Congo,COD,732.0,86790567.0,18133.41,2020-04-02,,1.0,2021-04-01,2020-04-02,EPI_FIRST_WAVE,21352.885000000002,0.08560838184177319,,-9.0,-14.0,,-14.0,,-9.0,4.0,-15.0,-9.0,,,,,,
53,2.0,Colombia,COL,60676.0,50339443.0,28635.17,2020-03-31,,1.0,2021-03-11,2020-01-09,EPI_FIRST_WAVE,35131.145,12.565693267603299,2521.878122489357,-6.0,-15.0,-6.0,-19.0,24.0,282.0,-6.0,-6.0,-6.0,,3.0,64.0,64.0,76.0,215.0
54,2.0,Comoros,COM,139.0,850886.0,0.0,2021-01-03,,1.0,2021-03-17,2020-09-25,EPI_FIRST_WAVE,,1.7158585286395593,,,,,,,,,,,,,,,,
55,3.0,Cape Verde,CPV,104.0,549935.0,18184.754999999997,2020-06-27,,1.0,2020-12-10,2020-04-05,EPI_SECOND_WAVE,28576.699999999997,3.054906488948694,,-91.0,-91.0,-91.0,-103.0,-40.0,,-87.0,-99.0,-100.0,-46.0,-40.0,,,,
56,3.0,Cape Verde,CPV,63.0,549935.0,6673.48,2021-01-12,,2.0,2021-04-01,2020-12-10,EPI_SECOND_WAVE,28576.699999999997,3.054906488948694,,-91.0,-91.0,-91.0,-103.0,-40.0,,-87.0,-99.0,-100.0,-46.0,-40.0,,,,
57,2.0,Costa Rica,CRI,2833.0,5047561.0,23886.53,2020-05-18,600021.8095238095,1.0,2021-03-07,2020-01-09,EPI_FIRST_WAVE,28961.135000000002,5.858274917331361,1350.0817523552464,-62.0,-62.0,-35.0,-69.0,,-58.0,,-62.0,-62.0,366.0,-117.0,-63.0,-42.0,57.0,260.0
58,1.0,Cuba,CUB,413.0,11333483.0,27328.57,2020-04-08,3015202.0,1.0,2021-04-01,2020-04-08,EPI_FIRST_WAVE,33934.42,0.37411270657043383,2651.592630438498,-15.0,-15.0,9.0,-19.0,33.0,-15.0,-15.0,-16.0,9.0,120.0,27.0,-12.0,1.0,57.0,237.0
59,3.0,Cyprus,CYP,220.0,1198575.0,23043.420000000002,2020-04-10,,1.0,2021-02-14,2020-01-09,EPI_SECOND_WAVE,30615.64,2.135869678576643,30296.343574661576,-18.0,-28.0,6.0,-31.0,-18.0,-17.0,-17.0,-17.0,-26.0,1.0,6.0,-12.0,-12.0,-3.0,53.0
60,3.0,Cyprus,CYP,36.0,1198575.0,3469.5700000000015,2021-02-23,,2.0,2021-04-01,2021-02-14,EPI_SECOND_WAVE,30615.64,2.135869678576643,30296.343574661576,-18.0,-28.0,6.0,-31.0,-18.0,-17.0,-17.0,-17.0,-26.0,1.0,6.0,-12.0,-12.0,-3.0,53.0
61,5.0,Czech Republic,CZE,290.0,10669709.0,5184.394999999999,2020-03-29,,1.0,2020-05-14,2020-01-09,EPI_THIRD_WAVE,27236.284999999996,24.917268127931138,,-15.0,-18.0,-15.0,-18.0,-6.0,,-14.0,-13.0,-13.0,411.0,-28.0,,,,
62,5.0,Czech Republic,CZE,8525.0,10669709.0,9715.794999999998,2020-05-20,,2.0,2020-12-06,2020-05-14,EPI_THIRD_WAVE,27236.284999999996,24.917268127931138,,-15.0,-18.0,-15.0,-18.0,-6.0,,-14.0,-13.0,-13.0,411.0,-28.0,,,,
63,5.0,Czech Republic,CZE,17771.0,10669709.0,8745.809999999998,2020-12-07,,3.0,2021-04-01,2020-12-06,EPI_THIRD_WAVE,27236.284999999996,24.917268127931138,,-15.0,-18.0,-15.0,-18.0,-6.0,,-14.0,-13.0,-13.0,411.0,-28.0,,,,
64,4.0,Germany,DEU,9071.0,83132799.0,8601.95,2020-03-16,,1.0,2020-07-15,2020-02-22,EPI_SECOND_WAVE,30833.15,9.207316597147175,,5.0,0.0,275.0,-6.0,5.0,,5.0,3.0,2.0,44.0,-54.0,,,,
65,4.0,Germany,DEU,58135.0,83132799.0,14317.68,2020-07-17,,2.0,2021-02-19,2020-07-15,EPI_SECOND_WAVE,30833.15,9.207316597147175,,5.0,0.0,275.0,-6.0,5.0,,5.0,3.0,2.0,44.0,-54.0,,,,
66,5.0,Djibouti,DJI,3.0,973560.0,4654.409999999998,2020-05-22,,1.0,2020-05-09,2020-03-17,EPI_THIRD_WAVE,22595.475,0.719010641357492,,-60.0,-64.0,-60.0,-60.0,-60.0,360.0,-60.0,-60.0,-65.0,-21.0,-65.0,,,,
67,5.0,Djibouti,DJI,57.0,973560.0,6538.614999999998,2020-05-26,,2.0,2020-08-29,2020-05-09,EPI_THIRD_WAVE,22595.475,0.719010641357492,,-60.0,-64.0,-60.0,-60.0,-60.0,360.0,-60.0,-60.0,-65.0,-21.0,-65.0,,,,
68,5.0,Djibouti,DJI,10.0,973560.0,8899.785,2021-04-01,,3.0,2021-04-01,2020-08-29,EPI_THIRD_WAVE,22595.475,0.719010641357492,,-60.0,-64.0,-60.0,-60.0,-60.0,360.0,-60.0,-60.0,-65.0,-21.0,-65.0,,,,
69,4.0,Denmark,DNK,609.0,5818553.0,7906.104999999999,2020-03-22,1181544.8,1.0,2020-07-08,2020-01-09,EPI_SECOND_WAVE,26098.309999999998,4.1573910214446785,37762.106833090635,-9.0,-9.0,288.0,262.0,-4.0,,,,-8.0,51.0,,-17.0,-7.0,15.0,66.0
70,4.0,Denmark,DNK,1692.0,5818553.0,11813.67,2020-08-11,14153792.0,2.0,2021-02-16,2020-07-08,EPI_SECOND_WAVE,26098.309999999998,4.1573910214446785,37762.106833090635,-9.0,-9.0,288.0,262.0,-4.0,,,,-8.0,51.0,,-17.0,-7.0,15.0,66.0
71,6.0,Dominican Republic,DOM,2212.0,10738958.0,18596.48,2020-03-26,567501.4615384615,1.0,2020-10-24,2020-03-05,EPI_THIRD_WAVE,33555.91500000001,3.09620356090414,1212.195820115881,-7.0,-7.0,-7.0,-7.0,-9.0,-7.0,23.0,-6.0,-7.0,419.0,,-2.0,19.0,79.0,314.0
72,6.0,Dominican Republic,DOM,2212.0,10738958.0,18552.04,2020-03-26,,2.0,2020-10-24,2020-03-09,EPI_THIRD_WAVE,33555.91500000001,3.09620356090414,1212.195820115881,-7.0,-7.0,-7.0,-7.0,-9.0,-7.0,23.0,-6.0,-7.0,419.0,,-2.0,19.0,79.0,314.0
73,6.0,Dominican Republic,DOM,1113.0,10738958.0,10879.84,2020-10-26,,3.0,2021-04-01,2020-10-24,EPI_THIRD_WAVE,33555.91500000001,3.09620356090414,1212.195820115881,-7.0,-7.0,-7.0,-7.0,-9.0,-7.0,23.0,-6.0,-7.0,419.0,,-2.0,19.0,79.0,314.0
74,6.0,Algeria,DZA,1818.0,43053054.0,16375.475000000002,2020-03-20,,1.0,2020-10-15,2020-01-09,EPI_THIRD_WAVE,32981.025,0.7184159339776454,,3.0,-8.0,10.0,-10.0,10.0,3.0,3.0,3.0,-3.0,,100.0,,,,
75,6.0,Algeria,DZA,1035.0,43053054.0,8519.695,2020-08-05,,2.0,2020-11-22,2020-08-02,EPI_THIRD_WAVE,32981.025,0.7184159339776454,,3.0,-8.0,10.0,-10.0,10.0,3.0,3.0,3.0,-3.0,,100.0,,,,
76,6.0,Algeria,DZA,1275.0,43053054.0,12238.695,2020-10-16,,3.0,2021-04-01,2020-10-15,EPI_THIRD_WAVE,32981.025,0.7184159339776454,,3.0,-8.0,10.0,-10.0,10.0,3.0,3.0,3.0,-3.0,,100.0,,,,
77,7.0,Ecuador,ECU,3358.0,17373662.0,7500.165,2020-04-02,72715.94736842105,1.0,2020-06-02,2020-01-09,EPI_FOURTH_WAVE,31403.374999999996,9.69686183603664,626.8586323366944,-16.0,-20.0,-16.0,-20.0,112.0,-18.0,-16.0,-16.0,-18.0,299.0,404.0,-10.0,16.0,117.0,
78,7.0,Ecuador,ECU,3261.0,17373662.0,7310.839999999998,2020-06-03,192871.0,2.0,2020-09-03,2020-06-02,EPI_FOURTH_WAVE,31403.374999999996,9.69686183603664,626.8586323366944,-16.0,-20.0,-16.0,-20.0,112.0,-18.0,-16.0,-16.0,-18.0,299.0,404.0,-10.0,16.0,117.0,
79,7.0,Ecuador,ECU,7373.0,17373662.0,6494.439999999997,2020-09-04,424773.0,3.0,2020-12-28,2020-09-03,EPI_FOURTH_WAVE,31403.374999999996,9.69686183603664,626.8586323366944,-16.0,-20.0,-16.0,-20.0,112.0,-18.0,-16.0,-16.0,-18.0,299.0,404.0,-10.0,16.0,117.0,
80,3.0,Egypt,EGY,6029.0,100388073.0,14545.470000000001,2020-03-22,,1.0,2020-10-10,2020-01-09,EPI_SECOND_WAVE,28378.800000000003,1.1948630590807336,,3.0,-7.0,,-1.0,275.0,3.0,3.0,3.0,-3.0,,-37.0,,,,
81,3.0,Egypt,EGY,5966.0,100388073.0,10399.875,2020-10-11,,2.0,2021-04-01,2020-10-10,EPI_SECOND_WAVE,28378.800000000003,1.1948630590807336,,3.0,-7.0,,-1.0,275.0,3.0,3.0,3.0,-3.0,,-37.0,,,,
82,1.0,Eritrea,ERI,-25.0,3213972.0,681.52,2021-03-24,,1.0,2021-04-01,2021-03-24,EPI_FIRST_WAVE,37002.30499999999,0.03111414785194146,,-362.0,-362.0,-357.0,-366.0,-366.0,-362.0,-357.0,-357.0,-198.0,-187.0,-29.0,,,,
83,6.0,Spain,ESP,29645.0,47076781.0,7923.554999999999,2020-03-09,,1.0,2020-06-21,2020-02-21,EPI_THIRD_WAVE,30930.924999999996,16.340539511399474,,5.0,0.0,21.0,1.0,21.0,,5.0,117.0,8.0,,-38.0,,,,
84,6.0,Spain,ESP,20737.0,47076781.0,10904.939999999999,2020-06-22,,2.0,2020-12-11,2020-06-21,EPI_THIRD_WAVE,30930.924999999996,16.340539511399474,,5.0,0.0,21.0,1.0,21.0,,5.0,117.0,8.0,,-38.0,,,,
85,6.0,Spain,ESP,25090.0,47076781.0,6607.125,2020-12-12,,3.0,2021-03-13,2020-12-11,EPI_THIRD_WAVE,30930.924999999996,16.340539511399474,,5.0,0.0,21.0,1.0,21.0,,5.0,117.0,8.0,,-38.0,,,,
86,3.0,Estonia,EST,63.0,1326590.0,6946.344999999998,2020-04-03,133792.64705882352,1.0,2020-07-17,2020-01-09,EPI_SECOND_WAVE,20884.464999999997,6.844616648700804,8709.82745234021,-9.0,-18.0,-7.0,-22.0,-9.0,,-5.0,-20.0,,,339.0,-30.0,-19.0,-3.0,103.0
87,3.0,Estonia,EST,845.0,1326590.0,10821.04,2020-10-24,,2.0,2021-04-01,2020-07-17,EPI_SECOND_WAVE,20884.464999999997,6.844616648700804,8709.82745234021,-9.0,-18.0,-7.0,-22.0,-9.0,,-5.0,-20.0,,,339.0,-30.0,-19.0,-3.0,103.0
88,3.0,Ethiopia,ETH,1923.0,112078730.0,20769.335000000003,2020-06-01,1811548.2278481012,1.0,2021-01-02,2020-01-09,EPI_SECOND_WAVE,27253.229999999996,0.25562388153398957,210.28905306118298,-67.0,-68.0,,-77.0,-54.0,-63.0,,-67.0,,295.0,162.0,-38.0,0.0,102.0,
89,3.0,Ethiopia,ETH,942.0,112078730.0,3872.6949999999997,2021-01-03,,2.0,2021-04-01,2021-01-02,EPI_SECOND_WAVE,27253.229999999996,0.25562388153398957,210.28905306118298,-67.0,-68.0,,-77.0,-54.0,-63.0,,-67.0,,295.0,162.0,-38.0,0.0,102.0,
90,5.0,Finland,FIN,328.0,5520314.0,7077.290000000001,2020-03-30,320568.1964285714,1.0,2020-07-17,2020-02-15,EPI_THIRD_WAVE,21640.845,1.5288985372933497,7290.943957173451,-12.0,,,-18.0,-14.0,,,-3.0,-14.0,,,-26.0,-12.0,17.0,142.0
91,5.0,Finland,FIN,248.0,5520314.0,6757.69,2020-09-15,2240206.0,2.0,2021-01-06,2020-07-17,EPI_THIRD_WAVE,21640.845,1.5288985372933497,7290.943957173451,-12.0,,,-18.0,-14.0,,,-3.0,-14.0,,,-26.0,-12.0,17.0,142.0
92,5.0,Finland,FIN,268.0,5520314.0,4479.710000000003,2021-01-09,,3.0,2021-04-01,2021-01-06,EPI_THIRD_WAVE,21640.845,1.5288985372933497,7290.943957173451,-12.0,,,-18.0,-14.0,,,-3.0,-14.0,,,-26.0,-12.0,17.0,142.0
93,5.0,France,FRA,29674.0,67059887.0,9004.835000000001,2020-03-08,,1.0,2020-06-26,2020-02-24,EPI_THIRD_WAVE,29801.515,14.175687471707192,,9.0,-6.0,9.0,-8.0,-8.0,,9.0,9.0,,139.0,64.0,,,,
94,5.0,France,FRA,23471.0,67059887.0,8662.115000000002,2020-06-27,,2.0,2020-12-02,2020-06-26,EPI_THIRD_WAVE,29801.515,14.175687471707192,,9.0,-6.0,9.0,-8.0,-8.0,,9.0,9.0,,139.0,64.0,,,,
95,5.0,France,FRA,41916.0,67059887.0,7801.63,2020-12-03,,3.0,2021-04-01,2020-12-02,EPI_THIRD_WAVE,29801.515,14.175687471707192,,9.0,-6.0,9.0,-8.0,-8.0,,9.0,9.0,,139.0,64.0,,,,
96,5.0,Gabon,GAB,46.0,2172579.0,10346.349999999999,2020-05-15,,1.0,2020-07-16,2020-01-09,EPI_THIRD_WAVE,32739.405,0.543133299180375,,-56.0,-60.0,-33.0,-63.0,-56.0,,-55.0,-35.0,-56.0,-21.0,-46.0,,,,
97,5.0,Gabon,GAB,12.0,2172579.0,9545.0,2020-11-10,,2.0,2020-11-19,2020-07-16,EPI_THIRD_WAVE,32739.405,0.543133299180375,,-56.0,-60.0,-33.0,-63.0,-56.0,,-55.0,-35.0,-56.0,-21.0,-46.0,,,,
98,5.0,Gabon,GAB,60.0,2172579.0,8736.530000000002,2021-01-28,,3.0,2021-04-01,2020-11-19,EPI_THIRD_WAVE,32739.405,0.543133299180375,,-56.0,-60.0,-33.0,-63.0,-56.0,,-55.0,-35.0,-56.0,-21.0,-46.0,,,,
99,4.0,United Kingdom,GBR,40632.0,66834405.0,8676.005,2020-03-14,,1.0,2020-07-06,2020-02-21,EPI_SECOND_WAVE,32147.590000000004,18.959247112321865,18575.342744504123,9.0,6.0,7.0,7.0,9.0,,9.0,9.0,,431.0,79.0,17.0,17.0,43.0,112.0
100,4.0,United Kingdom,GBR,86081.0,66834405.0,19736.77,2020-07-07,,2.0,2021-04-01,2020-07-06,EPI_SECOND_WAVE,32147.590000000004,18.959247112321865,18575.342744504123,9.0,6.0,7.0,7.0,9.0,,9.0,9.0,,431.0,79.0,17.0,17.0,43.0,112.0
101,2.0,Georgia,GEO,3601.0,3720382.0,27170.335,2020-05-09,,1.0,2021-03-09,2020-01-09,EPI_FIRST_WAVE,32549.565000000002,10.173686465529615,,-49.0,-68.0,-51.0,-69.0,-49.0,-47.0,-47.0,-48.0,-52.0,,-73.0,333.0,333.0,333.0,333.0
102,4.0,Ghana,GHA,303.0,30417856.0,11857.55,2020-04-25,498850.925,1.0,2020-10-08,2020-01-09,EPI_SECOND_WAVE,21855.735,0.24426442152924913,331.22419936500455,-26.0,-40.0,-26.0,-40.0,,-26.0,-26.0,-26.0,-34.0,-35.0,-44.0,-27.0,-14.0,67.0,
103,4.0,Ghana,GHA,440.0,30417856.0,7252.419999999998,2020-10-24,,2.0,2021-04-01,2020-10-08,EPI_SECOND_WAVE,21855.735,0.24426442152924913,331.22419936500455,-26.0,-40.0,-26.0,-40.0,,-26.0,-26.0,-26.0,-34.0,-35.0,-44.0,-27.0,-14.0,67.0,
104,2.0,Gibraltar,GIB,94.0,33701.0,1718.0449999999998,2021-01-07,,1.0,2021-03-26,2020-07-23,EPI_FIRST_WAVE,10537.119999999997,27.89234740808878,,-296.0,-295.0,-289.0,-296.0,-289.0,-300.0,-296.0,,,-185.0,-310.0,,,,
105,3.0,Guinea,GIN,81.0,12771246.0,18524.239999999998,2020-05-06,,1.0,2021-01-02,2020-01-09,EPI_SECOND_WAVE,26773.825,0.09787611952663038,,-40.0,-40.0,70.0,-40.0,300.0,,-37.0,-40.0,-40.0,321.0,202.0,,,,
106,3.0,Guinea,GIN,44.0,12771246.0,4701.025,2021-03-03,,2.0,2021-04-01,2021-01-02,EPI_SECOND_WAVE,26773.825,0.09787611952663038,,-40.0,-40.0,70.0,-40.0,300.0,,-37.0,-40.0,-40.0,321.0,202.0,,,,
107,2.0,Gambia,GMB,122.0,2347706.0,11971.84,2020-08-05,27765.0,1.0,2020-12-27,2020-06-16,EPI_FIRST_WAVE,25841.324999999997,0.6985542482746988,244.28101303996326,-131.0,-140.0,-131.0,-131.0,-79.0,,1.0,,-135.0,160.0,-57.0,-117.0,-48.0,105.0,
108,2.0,Guinea-Bissau,GNB,26.0,1920922.0,,2020-06-06,,1.0,2020-07-28,2020-01-09,EPI_FIRST_WAVE,,0.3279675072699464,,,,,,,,,,,,,,,,
109,5.0,Greece,GRC,179.0,10716322.0,6670.825,2020-03-22,,1.0,2020-06-04,2020-01-09,EPI_THIRD_WAVE,31553.879999999997,7.552031377929853,6098.870489333934,-4.0,-17.0,343.0,-22.0,-4.0,343.0,1.0,-1.0,,93.0,69.0,-10.0,4.0,52.0,172.0
110,5.0,Greece,GRC,5419.0,10716322.0,14686.704999999998,2020-06-20,3767698.0,2.0,2021-01-23,2020-06-04,EPI_THIRD_WAVE,31553.879999999997,7.552031377929853,6098.870489333934,-4.0,-17.0,343.0,-22.0,-4.0,343.0,1.0,-1.0,,93.0,69.0,-10.0,4.0,52.0,172.0
111,5.0,Greece,GRC,2495.0,10716322.0,5740.75,2021-01-24,,3.0,2021-04-01,2021-01-23,EPI_THIRD_WAVE,31553.879999999997,7.552031377929853,6098.870489333934,-4.0,-17.0,343.0,-22.0,-4.0,343.0,1.0,-1.0,,93.0,69.0,-10.0,4.0,52.0,172.0
112,2.0,Guatemala,GTM,4768.0,16604026.0,23257.424999999996,2020-04-24,598979.8666666667,1.0,2020-12-28,2020-01-09,EPI_FIRST_WAVE,31288.684999999998,4.119482829043992,634.5424898756482,-38.0,-39.0,-38.0,-38.0,-33.0,-38.0,-33.0,-49.0,-6.0,382.0,,-13.0,28.0,104.0,
113,2.0,Guam,GUM,131.0,167294.0,22969.065000000002,2020-08-28,,1.0,2021-03-02,2020-03-16,EPI_FIRST_WAVE,27385.58,8.009850921132855,,-161.0,-165.0,-161.0,-161.0,-161.0,-139.0,-13.0,,,-113.0,-87.0,,,,
114,3.0,Guyana,GUY,163.0,782766.0,21571.97,2020-05-07,,1.0,2021-01-05,2020-03-30,EPI_SECOND_WAVE,31588.385000000002,2.951073500892987,,-34.0,-52.0,-40.0,-34.0,-34.0,,-34.0,-34.0,-41.0,334.0,-56.0,,,,
115,3.0,Guyana,GUY,67.0,782766.0,5023.439999999998,2021-01-29,,2.0,2021-04-01,2021-01-05,EPI_SECOND_WAVE,31588.385000000002,2.951073500892987,,-34.0,-52.0,-40.0,-34.0,-34.0,,-34.0,-34.0,-41.0,334.0,-56.0,,,,
116,3.0,Honduras,HND,2859.0,9746117.0,23187.04,2020-04-02,,1.0,2020-11-24,2020-01-09,EPI_SECOND_WAVE,38745.325,4.718802370215749,,-17.0,-20.0,-13.0,-20.0,-17.0,-17.0,-17.0,-17.0,-12.0,397.0,,,,,
117,3.0,Honduras,HND,1740.0,9746117.0,10715.71,2020-11-25,,2.0,2021-04-01,2020-11-24,EPI_SECOND_WAVE,38745.325,4.718802370215749,,-17.0,-20.0,-13.0,-20.0,-17.0,-17.0,-17.0,-17.0,-12.0,397.0,,,,,
118,5.0,Croatia,HRV,104.0,4067500.0,7493.205000000003,2020-04-05,68840.91803278688,1.0,2020-06-08,2020-01-09,EPI_THIRD_WAVE,22745.64,14.669944683466502,3810.335586969883,-16.0,-23.0,-16.0,-26.0,-16.0,-15.0,-13.0,-13.0,-17.0,29.0,-62.0,-25.0,-10.0,31.0,199.0
119,5.0,Croatia,HRV,5295.0,4067500.0,10420.465,2020-07-09,1219563.0,2.0,2021-02-18,2020-06-08,EPI_THIRD_WAVE,22745.64,14.669944683466502,3810.335586969883,-16.0,-23.0,-16.0,-26.0,-16.0,-15.0,-13.0,-13.0,-17.0,29.0,-62.0,-25.0,-10.0,31.0,199.0
120,5.0,Croatia,HRV,568.0,4067500.0,1866.69,2021-02-20,,3.0,2021-04-01,2021-02-18,EPI_THIRD_WAVE,22745.64,14.669944683466502,3810.335586969883,-16.0,-23.0,-16.0,-26.0,-16.0,-15.0,-13.0,-13.0,-17.0,29.0,-62.0,-25.0,-10.0,31.0,199.0
121,4.0,Haiti,HTI,232.0,11263077.0,14129.029999999999,2020-05-06,,1.0,2020-11-03,2020-01-09,EPI_SECOND_WAVE,21715.605,0.222852067867422,,-48.0,-48.0,-48.0,-48.0,-48.0,-30.0,-48.0,-48.0,-17.0,279.0,279.0,,,,
122,4.0,Haiti,HTI,19.0,11263077.0,5501.77,2021-01-23,,2.0,2021-04-01,2020-11-03,EPI_SECOND_WAVE,21715.605,0.222852067867422,,-48.0,-48.0,-48.0,-48.0,-48.0,-30.0,-48.0,-48.0,-17.0,279.0,279.0,,,,
123,5.0,Hungary,HUN,572.0,9769949.0,7206.924999999999,2020-03-25,257881.2857142857,1.0,2020-06-22,2020-01-09,EPI_THIRD_WAVE,27643.245000000003,21.48936499054396,4256.231020243811,-9.0,-9.0,348.0,-14.0,230.0,,2.0,3.0,-9.0,,-57.0,-10.0,3.0,44.0,214.0
124,5.0,Hungary,HUN,11541.0,9769949.0,12377.975000000002,2020-06-30,2358942.0,2.0,2021-01-26,2020-06-22,EPI_THIRD_WAVE,27643.245000000003,21.48936499054396,4256.231020243811,-9.0,-9.0,348.0,-14.0,230.0,,2.0,3.0,-9.0,,-57.0,-10.0,3.0,44.0,214.0
125,5.0,Hungary,HUN,8882.0,9769949.0,4875.845,2021-01-27,,3.0,2021-04-01,2021-01-26,EPI_THIRD_WAVE,27643.245000000003,21.48936499054396,4256.231020243811,-9.0,-9.0,348.0,-14.0,230.0,,2.0,3.0,-9.0,,-57.0,-10.0,3.0,44.0,214.0
126,1.0,Indonesia,IDN,41035.0,270625568.0,24088.664999999997,2020-03-18,8544177.0,1.0,2021-04-01,2020-03-18,EPI_FIRST_WAVE,29887.620000000003,1.5170037444503397,313.74951238901417,20.0,-44.0,23.0,-15.0,20.0,,23.0,37.0,1.0,327.0,342.0,25.0,82.0,221.0,
127,2.0,Isle of Man,IMN,19.0,84584.0,,2020-04-22,,1.0,2021-04-01,2020-04-22,EPI_FIRST_WAVE,,3.4285444055613357,,,,,,,,,,,,,,,,
128,3.0,India,IND,155447.0,1366417754.0,25780.559999999998,2020-03-25,,1.0,2021-02-12,2020-02-20,EPI_SECOND_WAVE,33460.7,1.1923659475519373,1783.2975258604552,-5.0,-12.0,-4.0,-11.0,-6.0,-5.0,-3.0,-5.0,-3.0,15.0,-54.0,15.0,44.0,116.0,247.0
129,3.0,India,IND,7480.0,1366417754.0,2892.59,2021-02-13,,2.0,2021-04-01,2021-02-12,EPI_SECOND_WAVE,33460.7,1.1923659475519373,1783.2975258604552,-5.0,-12.0,-4.0,-11.0,-6.0,-5.0,-3.0,-5.0,-3.0,15.0,-54.0,15.0,44.0,116.0,247.0
130,6.0,Ireland,IRL,1730.0,4941444.0,8704.655000000002,2020-03-27,,1.0,2020-06-27,2020-01-09,EPI_THIRD_WAVE,33090.525,9.48508168867238,8107.21319517129,0.0,-14.0,0.0,-15.0,-12.0,0.0,1.0,1.0,,,70.0,-8.0,-8.0,12.0,106.0
131,6.0,Ireland,IRL,350.0,4941444.0,9826.605,2020-07-04,1591377.0,2.0,2020-12-04,2020-06-27,EPI_THIRD_WAVE,33090.525,9.48508168867238,8107.21319517129,0.0,-14.0,0.0,-15.0,-12.0,0.0,1.0,1.0,,,70.0,-8.0,-8.0,12.0,106.0
132,6.0,Ireland,IRL,2372.0,4941444.0,7972.630000000001,2020-12-06,1663147.0,3.0,2021-03-10,2020-12-04,EPI_THIRD_WAVE,33090.525,9.48508168867238,8107.21319517129,0.0,-14.0,0.0,-15.0,-12.0,0.0,1.0,1.0,,,70.0,-8.0,-8.0,12.0,106.0
133,1.0,Iran,IRN,62653.0,82913906.0,24676.765000000007,2020-02-25,,1.0,2021-04-01,2020-02-25,EPI_FIRST_WAVE,29432.005000000005,7.557839573979304,1546.4048937701716,157.0,9.0,26.0,-3.0,224.0,244.0,224.0,9.0,,,82.0,44.0,44.0,91.0,323.0
134,3.0,Iraq,IRQ,12984.0,39309783.0,24861.850000000002,2020-03-17,,1.0,2021-01-23,2020-01-09,EPI_SECOND_WAVE,33882.215000000004,3.6436222504713394,2022.4672825082753,-6.0,-21.0,0.0,-21.0,-21.0,-4.0,-4.0,-6.0,0.0,343.0,,22.0,28.0,92.0,272.0
135,3.0,Iraq,IRQ,1339.0,39309783.0,4497.574999999999,2021-01-26,,2.0,2021-04-01,2021-01-23,EPI_SECOND_WAVE,33882.215000000004,3.6436222504713394,2022.4672825082753,-6.0,-21.0,0.0,-21.0,-21.0,-4.0,-4.0,-6.0,0.0,343.0,,22.0,28.0,92.0,272.0
136,4.0,Iceland,ISL,10.0,361313.0,4491.040000000001,2020-04-21,62725.0,1.0,2020-06-07,2020-02-28,EPI_SECOND_WAVE,21300.1,0.8026281921768661,8575.50101989134,338.0,338.0,,-36.0,193.0,,,,,-39.0,-43.0,-52.0,-46.0,-36.0,-8.0
137,4.0,Iceland,ISL,19.0,361313.0,11913.205000000002,2020-11-09,215091.0,2.0,2021-02-27,2020-06-07,EPI_SECOND_WAVE,21300.1,0.8026281921768661,8575.50101989134,338.0,338.0,,-36.0,193.0,,,,,-39.0,-43.0,-52.0,-46.0,-36.0,-8.0
138,6.0,Israel,ISR,282.0,9053300.0,6363.82,2020-03-27,536819.0,1.0,2020-05-22,2020-02-20,EPI_THIRD_WAVE,30514.620000000003,6.8693183700970915,16552.047319761856,-12.0,-14.0,5.0,-23.0,-12.0,,-7.0,7.0,-15.0,222.0,-10.0,-26.0,-10.0,6.0,90.0
139,6.0,Israel,ISR,2431.0,9053300.0,11126.019999999999,2020-06-03,4718115.0,2.0,2020-11-12,2020-05-22,EPI_THIRD_WAVE,30514.620000000003,6.8693183700970915,16552.047319761856,-12.0,-14.0,5.0,-23.0,-12.0,,-7.0,7.0,-15.0,222.0,-10.0,-26.0,-10.0,6.0,90.0
140,6.0,Israel,ISR,3490.0,9053300.0,9605.735,2020-11-13,9730102.0,3.0,2021-03-31,2020-11-12,EPI_THIRD_WAVE,30514.620000000003,6.8693183700970915,16552.047319761856,-12.0,-14.0,5.0,-23.0,-12.0,,-7.0,7.0,-15.0,222.0,-10.0,-26.0,-10.0,6.0,90.0
141,3.0,Italy,ITA,34833.0,60297396.0,10015.855,2020-02-26,,1.0,2020-07-04,2020-02-14,EPI_SECOND_WAVE,33696.85,18.13444812774336,8276.061705881959,-3.0,-3.0,-4.0,-3.0,-3.0,46.0,-3.0,-5.0,,441.0,-26.0,-1.0,13.0,37.0,140.0
142,3.0,Italy,ITA,74513.0,60297396.0,18718.485,2020-07-05,,2.0,2021-04-01,2020-07-04,EPI_SECOND_WAVE,33696.85,18.13444812774336,8276.061705881959,-3.0,-3.0,-4.0,-3.0,-3.0,46.0,-3.0,-5.0,,441.0,-26.0,-1.0,13.0,37.0,140.0
143,3.0,Jamaica,JAM,303.0,2948279.0,22783.079999999998,2020-06-06,140497.97674418605,1.0,2021-01-03,2020-01-09,EPI_SECOND_WAVE,33548.755000000005,2.021518316278751,961.8899703861134,-80.0,-85.0,,-87.0,-73.0,,-85.0,-85.0,-77.0,245.0,80.0,-68.0,-41.0,41.0,304.0
144,3.0,Jamaica,JAM,293.0,2948279.0,6301.949999999999,2021-01-12,,2.0,2021-04-01,2021-01-03,EPI_SECOND_WAVE,33548.755000000005,2.021518316278751,961.8899703861134,-80.0,-85.0,,-87.0,-73.0,,-85.0,-85.0,-77.0,245.0,80.0,-68.0,-41.0,41.0,304.0
145,3.0,Jordan,JOR,4262.0,10101694.0,23219.425,2020-07-04,,1.0,2021-01-28,2020-01-09,EPI_SECOND_WAVE,31410.614999999998,6.78896034665077,5858.579758998837,-108.0,-111.0,-108.0,-108.0,-108.0,-108.0,-108.0,-108.0,-111.0,248.0,12.0,119.0,119.0,119.0,119.0
146,3.0,Jordan,JOR,2596.0,10101694.0,4301.88,2021-01-30,,2.0,2021-04-01,2021-01-28,EPI_SECOND_WAVE,31410.614999999998,6.78896034665077,5858.579758998837,-108.0,-111.0,-108.0,-108.0,-108.0,-108.0,-108.0,-108.0,-111.0,248.0,12.0,119.0,119.0,119.0,119.0
147,6.0,Japan,JPN,874.0,126264931.0,4556.380000000001,2020-03-09,264914.2727272727,1.0,2020-05-29,2020-01-09,EPI_THIRD_WAVE,19079.025,0.7256171549327501,735.4155208780813,,-7.0,,274.0,,,,,288.0,,397.0,7.0,49.0,172.0,436.0
148,6.0,Japan,JPN,666.0,126264931.0,3659.0349999999994,2020-05-30,1477080.0,2.0,2020-09-26,2020-05-29,EPI_THIRD_WAVE,19079.025,0.7256171549327501,735.4155208780813,,-7.0,,274.0,,,,,288.0,,397.0,7.0,49.0,172.0,436.0
149,6.0,Japan,JPN,6444.0,126264931.0,6751.79,2020-09-29,6165110.0,3.0,2021-03-03,2020-09-26,EPI_THIRD_WAVE,19079.025,0.7256171549327501,735.4155208780813,,-7.0,,274.0,,,,,288.0,,397.0,7.0,49.0,172.0,436.0
150,3.0,Kazakhstan,KAZ,2106.0,18513930.0,17354.019999999997,2020-04-10,3045401.3943661973,1.0,2020-10-06,2020-01-09,EPI_SECOND_WAVE,33193.34,3.1932712287450586,4682.920914144107,-22.0,-25.0,-11.0,-29.0,-22.0,-22.0,-22.0,-23.0,-25.0,21.0,-17.0,-24.0,-12.0,16.0,104.0
151,3.0,Kazakhstan,KAZ,3806.0,18513930.0,11973.705,2020-10-11,,2.0,2021-04-01,2020-10-06,EPI_SECOND_WAVE,33193.34,3.1932712287450586,4682.920914144107,-22.0,-25.0,-11.0,-29.0,-22.0,-22.0,-22.0,-23.0,-25.0,21.0,-17.0,-24.0,-12.0,16.0,104.0
152,5.0,Kenya,KEN,648.0,52573973.0,15853.509999999998,2020-04-16,518341.0,1.0,2020-09-21,2020-01-09,EPI_THIRD_WAVE,31321.160000000003,0.409518223018831,231.05196938416657,-27.0,-32.0,,-34.0,-34.0,,-20.0,-20.0,-30.0,18.0,119.0,-8.0,36.0,161.0,
153,5.0,Kenya,KEN,1107.0,52573973.0,8381.335,2020-09-23,661223.388888889,2.0,2021-01-31,2020-09-21,EPI_THIRD_WAVE,31321.160000000003,0.409518223018831,231.05196938416657,-27.0,-32.0,,-34.0,-34.0,,-20.0,-20.0,-30.0,18.0,119.0,-8.0,36.0,161.0,
154,5.0,Kenya,KEN,398.0,52573973.0,3112.2599999999998,2021-02-02,,3.0,2021-04-01,2021-01-31,EPI_THIRD_WAVE,31321.160000000003,0.409518223018831,231.05196938416657,-27.0,-32.0,,-34.0,-34.0,,-20.0,-20.0,-30.0,18.0,119.0,-8.0,36.0,161.0,
155,4.0,Kyrgyzstan,KGZ,1063.0,6456900.0,15557.835000000001,2020-05-03,,1.0,2020-09-16,2020-01-09,EPI_SECOND_WAVE,28510.595,2.323096222645542,,-47.0,-48.0,-39.0,-52.0,-39.0,-39.0,-39.0,-39.0,-47.0,328.0,153.0,,,,
156,4.0,Kyrgyzstan,KGZ,413.0,6456900.0,8764.220000000001,2020-10-08,,2.0,2021-03-11,2020-09-16,EPI_SECOND_WAVE,28510.595,2.323096222645542,,-47.0,-48.0,-39.0,-52.0,-39.0,-39.0,-39.0,-39.0,-47.0,328.0,153.0,,,,
157,1.0,Cambodia,KHM,4.0,16486542.0,256.485,2021-03-28,,1.0,2021-04-01,2021-03-28,EPI_FIRST_WAVE,22750.894999999997,0.008491774685073438,,-355.0,-386.0,32.0,-386.0,-376.0,,-118.0,-353.0,,44.0,-47.0,59.0,59.0,59.0,
158,6.0,South Korea,KOR,255.0,51709098.0,5230.290000000003,2020-02-26,635080.947368421,1.0,2020-05-06,2020-01-09,EPI_THIRD_WAVE,26301.93,0.335530896323119,1476.8190309566025,24.0,-20.0,40.0,-5.0,38.0,,24.0,24.0,,-19.0,-15.0,-13.0,1.0,49.0,332.0
159,6.0,South Korea,KOR,166.0,51709098.0,7573.855,2020-05-23,1689143.0,2.0,2020-10-04,2020-05-06,EPI_THIRD_WAVE,26301.93,0.335530896323119,1476.8190309566025,24.0,-20.0,40.0,-5.0,38.0,,24.0,24.0,,-19.0,-15.0,-13.0,1.0,49.0,332.0
160,6.0,South Korea,KOR,1065.0,51709098.0,7207.689999999999,2020-10-11,3619151.666666667,3.0,2021-02-10,2020-10-04,EPI_THIRD_WAVE,26301.93,0.335530896323119,1476.8190309566025,24.0,-20.0,40.0,-5.0,38.0,,24.0,24.0,,-19.0,-15.0,-13.0,1.0,49.0,332.0
161,5.0,Kuwait,KWT,746.0,4207083.0,18559.37,2020-04-22,,1.0,2020-10-26,2020-01-09,EPI_THIRD_WAVE,32860.565,3.120927255297792,4888.108934385178,-42.0,-52.0,-16.0,-43.0,-42.0,-41.0,-31.0,-16.0,-40.0,164.0,-46.0,22.0,22.0,22.0,78.0
162,5.0,Kuwait,KWT,608.0,4207083.0,11477.759999999998,2020-05-24,613527.0,2.0,2020-10-26,2020-05-23,EPI_THIRD_WAVE,32860.565,3.120927255297792,4888.108934385178,-42.0,-52.0,-16.0,-43.0,-42.0,-41.0,-31.0,-16.0,-40.0,164.0,-46.0,22.0,22.0,22.0,78.0
163,5.0,Kuwait,KWT,567.0,4207083.0,10358.115,2020-10-28,,3.0,2021-04-01,2020-10-26,EPI_THIRD_WAVE,32860.565,3.120927255297792,4888.108934385178,-42.0,-52.0,-16.0,-43.0,-42.0,-41.0,-31.0,-16.0,-40.0,164.0,-46.0,22.0,22.0,22.0,78.0
164,1.0,Lebanon,LBN,6224.0,6855713.0,27563.004999999997,2020-03-29,,1.0,2021-04-01,2020-03-29,EPI_FIRST_WAVE,33677.8,9.093146110404563,,-11.0,-29.0,-11.0,-11.0,-11.0,230.0,-11.0,145.0,-13.0,,,405.0,405.0,405.0,405.0
165,1.0,Libya,LBY,2657.0,6777452.0,23960.155,2020-06-16,,1.0,2021-04-01,2020-06-16,EPI_FIRST_WAVE,37519.635,3.935107175971147,,-86.0,-93.0,-61.0,-94.0,-86.0,-86.0,-86.0,-86.0,-92.0,,,,,,
166,2.0,Saint Lucia,LCA,60.0,182790.0,,2021-01-24,,1.0,2021-04-01,2020-09-27,EPI_FIRST_WAVE,,3.282455276546857,,,,,,,,,,,,,,,,
167,2.0,Sri Lanka,LKA,571.0,21803000.0,24172.905,2020-05-25,2454706.3333333335,1.0,2021-04-01,2020-02-22,EPI_FIRST_WAVE,28238.645,0.26189056551850665,1120.9200568729075,-70.0,-68.0,-70.0,-72.0,-72.0,-63.0,-68.0,-68.0,-67.0,223.0,-109.0,-57.0,-25.0,94.0,285.0
168,2.0,Lesotho,LSO,304.0,2125268.0,15164.875000000002,2020-07-26,,1.0,2021-04-01,2020-07-26,EPI_FIRST_WAVE,27469.725,1.4821660138862487,,-130.0,-130.0,-119.0,-130.0,-130.0,,-130.0,-130.0,-119.0,303.0,,,,,
169,2.0,Lithuania,LTU,3321.0,2786844.0,19715.19,2020-04-06,2177419.7662337665,1.0,2021-03-06,2020-03-08,EPI_FIRST_WAVE,24444.060000000005,12.856837340016162,8580.150162692997,-21.0,-21.0,-21.0,-25.0,-21.0,,254.0,4.0,-21.0,412.0,1.0,-16.0,-10.0,3.0,52.0
170,6.0,Luxembourg,LUX,110.0,619896.0,5941.160000000002,2020-03-28,87976.98113207547,1.0,2020-06-07,2020-01-09,EPI_THIRD_WAVE,24230.095,12.034276717384852,38912.8821608786,-12.0,-12.0,-12.0,-15.0,-15.0,,-11.0,-13.0,,44.0,-27.0,-18.0,-12.0,-4.0,52.0
171,6.0,Luxembourg,LUX,14.0,619896.0,3045.48,2020-08-11,591817.0,2.0,2020-09-04,2020-06-07,EPI_THIRD_WAVE,24230.095,12.034276717384852,38912.8821608786,-12.0,-12.0,-12.0,-15.0,-15.0,,-11.0,-13.0,,44.0,-27.0,-18.0,-12.0,-4.0,52.0
172,6.0,Luxembourg,LUX,436.0,619896.0,8170.6849999999995,2020-10-21,1113800.0,3.0,2021-01-20,2020-09-04,EPI_THIRD_WAVE,24230.095,12.034276717384852,38912.8821608786,-12.0,-12.0,-12.0,-15.0,-15.0,,-11.0,-13.0,,44.0,-27.0,-18.0,-12.0,-4.0,52.0
173,2.0,Latvia,LVA,1899.0,1912789.0,20732.67,2020-04-23,1857753.7894736843,1.0,2021-04-01,2020-01-09,EPI_FIRST_WAVE,24117.769999999997,9.927911546961008,9617.32841416382,-37.0,-41.0,240.0,-41.0,184.0,,,,-37.0,48.0,34.0,-51.0,-37.0,-19.0,95.0
174,4.0,Morocco,MAR,4932.0,36471769.0,18764.609999999997,2020-03-27,3710992.0,1.0,2020-11-18,2020-03-06,EPI_SECOND_WAVE,33089.66,2.4177604327336026,1500.7177195051877,-7.0,-11.0,-7.0,-13.0,213.0,-7.0,-7.0,-14.0,-7.0,76.0,340.0,7.0,35.0,76.0,234.0
175,4.0,Morocco,MAR,8645.0,36471769.0,26466.435,2020-03-27,5197544.0,2.0,2021-03-03,2020-03-06,EPI_SECOND_WAVE,33089.66,2.4177604327336026,1500.7177195051877,-7.0,-11.0,-7.0,-13.0,213.0,-7.0,-7.0,-14.0,-7.0,76.0,340.0,7.0,35.0,76.0,234.0
176,3.0,Moldova,MDA,3332.0,2657637.0,20573.884999999995,2020-04-05,,1.0,2021-01-23,2020-01-09,EPI_SECOND_WAVE,28466.229999999996,18.66319591426519,,-13.0,-25.0,334.0,-26.0,-15.0,-13.0,-12.0,-12.0,-19.0,381.0,25.0,411.0,411.0,411.0,411.0
177,3.0,Moldova,MDA,1628.0,2657637.0,4156.9349999999995,2021-01-24,,2.0,2021-04-01,2021-01-23,EPI_SECOND_WAVE,28466.229999999996,18.66319591426519,,-13.0,-25.0,334.0,-26.0,-15.0,-13.0,-12.0,-12.0,-19.0,381.0,25.0,411.0,411.0,411.0,411.0
178,3.0,Madagascar,MDG,259.0,26969307.0,17074.050000000003,2020-06-11,,1.0,2020-12-20,2020-01-09,EPI_SECOND_WAVE,25168.775,0.15165387824017873,53.366591881652724,-82.0,-82.0,-67.0,-82.0,,-82.0,-80.0,-82.0,-83.0,317.0,,-43.0,29.0,,
179,3.0,Madagascar,MDG,150.0,26969307.0,3751.670000000002,2021-01-18,,2.0,2021-04-01,2020-12-20,EPI_SECOND_WAVE,25168.775,0.15165387824017873,53.366591881652724,-82.0,-82.0,-67.0,-82.0,,-82.0,-80.0,-82.0,-83.0,317.0,,-43.0,29.0,,
180,3.0,Maldives,MDV,48.0,530953.0,,2020-07-04,274749.0,1.0,2020-12-17,2020-04-11,EPI_SECOND_WAVE,,1.2618819368192664,12118.530265390722,,,,,,,,,,,,-109.0,-106.0,-70.0,-1.0
181,3.0,Maldives,MDV,19.0,530953.0,,2021-02-14,,2.0,2021-04-01,2020-12-17,EPI_SECOND_WAVE,,1.2618819368192664,12118.530265390722,,,,,,,,,,,,-109.0,-106.0,-70.0,-1.0
182,2.0,Mexico,MEX,202633.0,127575529.0,26597.79,2020-03-29,5812931.0,1.0,2021-04-01,2020-01-09,EPI_FIRST_WAVE,29293.379999999997,15.883375251377558,455.0228437618315,-3.0,-6.0,-3.0,-5.0,,,1.0,1.0,,,281.0,-18.0,37.0,146.0,
183,5.0,Macedonia,MKD,637.0,2083459.0,,2020-04-01,,1.0,2020-09-11,2020-03-05,EPI_THIRD_WAVE,,18.14770533041447,3017.2036022787106,,,,,,,,,,,,-1.0,-1.0,45.0,195.0
184,5.0,Macedonia,MKD,2148.0,2083459.0,,2020-09-14,282660.0,2.0,2021-01-25,2020-09-11,EPI_THIRD_WAVE,,18.14770533041447,3017.2036022787106,,,,,,,,,,,,-1.0,-1.0,45.0,195.0
185,5.0,Macedonia,MKD,996.0,2083459.0,,2021-01-27,,3.0,2021-04-01,2021-01-25,EPI_THIRD_WAVE,,18.14770533041447,3017.2036022787106,,,,,,,,,,,,-1.0,-1.0,45.0,195.0
186,2.0,Mali,MLI,342.0,19658031.0,16710.41,2020-04-15,,1.0,2021-02-19,2020-03-25,EPI_FIRST_WAVE,21684.979999999996,0.19584870936463575,,-21.0,-27.0,247.0,-21.0,,,,-21.0,-21.0,239.0,-1.0,,,,
187,2.0,Malta,MLT,383.0,502653.0,12866.27,2020-08-23,697865.0,1.0,2021-04-01,2020-07-18,EPI_FIRST_WAVE,25916.369999999995,7.798620519523409,16101.366151201724,-158.0,-163.0,200.0,-164.0,-148.0,,-148.0,-142.0,-155.0,-151.0,-211.0,-180.0,-168.0,-149.0,-100.0
188,2.0,Myanmar,MMR,3204.0,54045420.0,28736.510000000002,2020-09-09,,1.0,2021-03-21,2020-01-09,EPI_FIRST_WAVE,34070.76000000001,0.5932047525951321,460.7021279508976,-161.0,-169.0,-152.0,-180.0,-145.0,-155.0,-148.0,-161.0,17.0,51.0,51.0,-139.0,-84.0,46.0,
189,2.0,Montenegro,MNE,630.0,622137.0,,2020-06-27,,1.0,2020-12-23,2020-05-27,EPI_FIRST_WAVE,,20.67068828891386,,,,,,,,,,,,,,,,
190,1.0,Mongolia,MNG,,3225167.0,,,,1.0,,,EPI_FIRST_WAVE,32570.985000000004,0.02480491707871251,6954.297250343936,,,,,,,,,,,,,,,
191,2.0,Mozambique,MOZ,775.0,30366036.0,22861.4,2020-07-19,482202.6590909091,1.0,2021-04-01,2020-01-09,EPI_FIRST_WAVE,26548.945,0.25521935098805787,158.36706509865166,-32.0,-118.0,,-118.0,,,180.0,-32.0,-51.0,274.0,-119.0,-74.0,-17.0,182.0,
192,4.0,Mauritania,MRT,163.0,4525696.0,12065.68,2020-05-28,88305.53333333334,1.0,2020-11-02,2020-01-09,EPI_SECOND_WAVE,20660.114999999998,0.9921125943943208,516.6498147467263,-66.0,-73.0,,-70.0,-70.0,,-70.0,-60.0,-66.0,292.0,-76.0,-46.0,-5.0,39.0,
193,4.0,Mauritania,MRT,239.0,4525696.0,3443.6549999999997,2020-12-08,91484.4,2.0,2021-01-22,2020-11-02,EPI_SECOND_WAVE,20660.114999999998,0.9921125943943208,516.6498147467263,-66.0,-73.0,,-70.0,-70.0,,-70.0,-60.0,-66.0,292.0,-76.0,-46.0,-5.0,39.0,
194,4.0,Malawi,MWI,186.0,18628747.0,15542.974999999999,2020-06-21,77988.58620689655,1.0,2020-12-12,2020-01-09,EPI_SECOND_WAVE,23461.999999999996,0.5996109131762861,116.70403811914994,-64.0,-90.0,,-93.0,48.0,,261.0,,-93.0,311.0,-79.0,-35.0,17.0,249.0,
195,4.0,Malawi,MWI,931.0,18628747.0,5195.839999999998,2021-01-05,,2.0,2021-04-01,2020-12-12,EPI_SECOND_WAVE,23461.999999999996,0.5996109131762861,116.70403811914994,-64.0,-90.0,,-93.0,48.0,,261.0,,-93.0,311.0,-79.0,-35.0,17.0,249.0,
196,4.0,Malaysia,MYS,121.0,31949777.0,8060.215,2020-03-22,808990.0,1.0,2020-07-06,2020-02-25,EPI_SECOND_WAVE,30560.59,0.39812484450204455,2396.233626294168,-4.0,-8.0,-4.0,-4.0,226.0,,206.0,-4.0,62.0,17.0,-58.0,-11.0,9.0,54.0,277.0
197,4.0,Malaysia,MYS,1151.0,31949777.0,17767.325,2020-09-24,,2.0,2021-04-01,2020-07-06,EPI_SECOND_WAVE,30560.59,0.39812484450204455,2396.233626294168,-4.0,-8.0,-4.0,-4.0,226.0,,206.0,-4.0,62.0,17.0,-58.0,-11.0,9.0,54.0,277.0
198,1.0,Niger,NER,177.0,23310715.0,10511.325,2020-04-07,,1.0,2021-04-01,2020-04-07,EPI_FIRST_WAVE,13644.849999999999,0.08022061957344509,,-10.0,-18.0,,-25.0,,,,-10.0,-19.0,189.0,,,,,
199,4.0,Nigeria,NGA,1130.0,200963599.0,15803.33,2020-04-12,,1.0,2020-10-26,2020-03-16,EPI_SECOND_WAVE,27643.94,0.10235684523145906,87.96090480047583,-14.0,-17.0,-14.0,-23.0,-15.0,-14.0,-14.0,-14.0,-20.0,,-44.0,24.0,95.0,401.0,
200,4.0,Nigeria,NGA,927.0,200963599.0,8435.149999999998,2020-10-30,,2.0,2021-04-01,2020-10-26,EPI_SECOND_WAVE,27643.94,0.10235684523145906,87.96090480047583,-14.0,-17.0,-14.0,-23.0,-15.0,-14.0,-14.0,-14.0,-20.0,,-44.0,24.0,95.0,401.0,
201,4.0,Nicaragua,NIC,73.0,6545502.0,1777.2900000000002,2020-05-21,,1.0,2020-06-28,2020-03-28,EPI_SECOND_WAVE,6160.925,0.2719424728615162,,,46.0,,,,,,,,,,,,,
202,4.0,Nicaragua,NIC,90.0,6545502.0,2412.185,2020-07-09,,2.0,2020-12-29,2020-06-28,EPI_SECOND_WAVE,6160.925,0.2719424728615162,,,46.0,,,,,,,,,,,,,
203,4.0,Netherlands,NLD,6111.0,17332850.0,8243.935,2020-03-15,,1.0,2020-07-11,2020-01-09,EPI_SECOND_WAVE,29202.975000000002,9.536227452496272,,1.0,1.0,0.0,-5.0,156.0,,8.0,,,,-17.0,,,,
204,4.0,Netherlands,NLD,8691.0,17332850.0,13293.425,2020-07-15,,2.0,2021-02-15,2020-07-11,EPI_SECOND_WAVE,29202.975000000002,9.536227452496272,,1.0,1.0,0.0,-5.0,156.0,,8.0,,,,-17.0,,,,
205,5.0,Norway,NOR,255.0,5347896.0,8094.319999999998,2020-03-25,,1.0,2020-07-21,2020-01-09,EPI_THIRD_WAVE,25448.23,1.2584388327671294,8597.192241584355,-9.0,-13.0,304.0,-1.0,-1.0,,,-9.0,-10.0,,69.0,7.0,8.0,28.0,144.0
206,5.0,Norway,NOR,337.0,5347896.0,10090.394999999997,2020-09-11,3181117.0,2.0,2021-02-13,2020-07-21,EPI_THIRD_WAVE,25448.23,1.2584388327671294,8597.192241584355,-9.0,-13.0,304.0,-1.0,-1.0,,,-9.0,-10.0,,69.0,7.0,8.0,28.0,144.0
207,5.0,Norway,NOR,81.0,5347896.0,3304.389999999999,2021-02-18,,3.0,2021-04-01,2021-02-13,EPI_THIRD_WAVE,25448.23,1.2584388327671294,8597.192241584355,-9.0,-13.0,304.0,-1.0,-1.0,,,-9.0,-10.0,,69.0,7.0,8.0,28.0,144.0
208,4.0,Nepal,NPL,42.0,28608710.0,11453.640000000003,2020-06-04,298606.0,1.0,2020-07-15,2020-02-27,EPI_SECOND_WAVE,32163.82,1.0594675537624731,793.9284924066832,-74.0,-77.0,-74.0,-78.0,-74.0,-72.0,-73.0,-74.0,-73.0,222.0,-132.0,-56.0,-17.0,39.0,351.0
209,4.0,Nepal,NPL,2972.0,28608710.0,15829.06,2020-07-28,1919893.0,2.0,2021-03-15,2020-07-15,EPI_SECOND_WAVE,32163.82,1.0594675537624731,793.9284924066832,-74.0,-77.0,-74.0,-78.0,-74.0,-72.0,-73.0,-74.0,-73.0,222.0,-132.0,-56.0,-17.0,39.0,351.0
210,2.0,New Zealand,NZL,22.0,4917000.0,6942.41,2020-04-17,288692.16949152545,1.0,2020-06-06,2020-01-09,EPI_FIRST_WAVE,16889.890000000003,0.052877770998576365,3857.970307097824,-25.0,-24.0,-23.0,-32.0,-25.0,-22.0,-25.0,-25.0,-28.0,250.0,-49.0,-39.0,-28.0,-10.0,115.0
211,5.0,Oman,OMN,609.0,4974986.0,15083.315000000002,2020-04-25,,1.0,2020-08-24,2020-01-09,EPI_THIRD_WAVE,32226.19,3.3728738131122378,,-38.0,-41.0,91.0,-39.0,-39.0,-37.0,-15.0,-38.0,-38.0,159.0,-39.0,,,,
212,5.0,Oman,OMN,888.0,4974986.0,7610.764999999999,2020-08-25,,2.0,2020-12-31,2020-08-24,EPI_THIRD_WAVE,32226.19,3.3728738131122378,,-38.0,-41.0,91.0,-39.0,-39.0,-37.0,-15.0,-38.0,-38.0,159.0,-39.0,,,,
213,5.0,Oman,OMN,181.0,4974986.0,4819.910000000002,2021-01-11,,3.0,2021-04-01,2020-12-31,EPI_THIRD_WAVE,32226.19,3.3728738131122378,,-38.0,-41.0,91.0,-39.0,-39.0,-37.0,-15.0,-38.0,-38.0,159.0,-39.0,,,,
214,3.0,Pakistan,PAK,6328.0,216565318.0,13259.225,2020-03-29,2684205.8260869565,1.0,2020-09-03,2020-01-09,EPI_SECOND_WAVE,28947.055,0.6664963777810443,470.86620767227373,-6.0,-31.0,-6.0,-16.0,-16.0,-6.0,-6.0,-5.0,-8.0,346.0,33.0,4.0,37.0,135.0,
215,3.0,Pakistan,PAK,8106.0,216565318.0,11654.925000000003,2020-09-05,,2.0,2021-04-01,2020-09-03,EPI_SECOND_WAVE,28947.055,0.6664963777810443,470.86620767227373,-6.0,-31.0,-6.0,-16.0,-16.0,-6.0,-6.0,-5.0,-8.0,346.0,33.0,4.0,37.0,135.0,
216,2.0,Panama,PAN,6018.0,4246439.0,29194.255,2020-03-29,2054723.6417910447,1.0,2021-03-19,2020-01-09,EPI_FIRST_WAVE,34055.78,14.386171566340645,5066.381502242231,-6.0,-17.0,-9.0,-16.0,205.0,5.0,-4.0,-6.0,20.0,261.0,153.0,-16.0,-4.0,44.0,174.0
217,5.0,Peru,PER,67998.0,32510453.0,13633.005,2020-03-20,628527.0,1.0,2020-08-21,2020-03-20,EPI_THIRD_WAVE,36126.615000000005,43.9440200971669,981.8866565778089,-5.0,-8.0,-4.0,-8.0,-5.0,42.0,-5.0,-5.0,-4.0,242.0,81.0,-4.0,22.0,106.0,382.0
218,5.0,Peru,PER,71908.0,32510453.0,16736.54,2020-06-04,1561808.0,2.0,2021-01-01,2020-06-03,EPI_THIRD_WAVE,36126.615000000005,43.9440200971669,981.8866565778089,-5.0,-8.0,-4.0,-8.0,-5.0,42.0,-5.0,-5.0,-4.0,242.0,81.0,-4.0,22.0,106.0,382.0
219,5.0,Peru,PER,49672.0,32510453.0,6962.830000000002,2021-01-02,,3.0,2021-04-01,2021-01-01,EPI_THIRD_WAVE,36126.615000000005,43.9440200971669,981.8866565778089,-5.0,-8.0,-4.0,-8.0,-5.0,42.0,-5.0,-5.0,-4.0,242.0,81.0,-4.0,22.0,106.0,382.0
220,3.0,Philippines,PHL,9252.0,108116615.0,23741.305,2020-03-15,,1.0,2021-01-03,2020-02-24,EPI_SECOND_WAVE,34585.47,1.2298757226167318,894.0506507718541,0.0,-5.0,3.0,0.0,3.0,0.0,0.0,0.0,7.0,110.0,-39.0,20.0,48.0,126.0,404.0
221,3.0,Philippines,PHL,4044.0,108116615.0,5849.105,2021-01-05,,2.0,2021-04-01,2021-01-03,EPI_SECOND_WAVE,34585.47,1.2298757226167318,894.0506507718541,0.0,-5.0,3.0,0.0,3.0,0.0,0.0,0.0,7.0,110.0,-39.0,20.0,48.0,126.0,404.0
222,1.0,Papua New Guinea,PNG,50.0,8776109.0,2777.225,2021-02-12,,1.0,2021-04-01,2021-02-12,EPI_FIRST_WAVE,24144.32,0.06836742797975731,,-325.0,-326.0,-189.0,-325.0,-302.0,-325.0,-310.0,-325.0,-328.0,,-378.0,,,,
223,5.0,Poland,POL,678.0,37970874.0,4289.905,2020-03-25,,1.0,2020-05-04,2020-01-09,EPI_THIRD_WAVE,28230.569999999992,14.133201147806078,3086.4938742258078,6.0,-13.0,367.0,-15.0,6.0,,6.0,6.0,-10.0,,,35.0,35.0,43.0,207.0
224,5.0,Poland,POL,38682.0,37970874.0,16006.364999999998,2020-05-05,8337881.0,2.0,2021-02-09,2020-05-04,EPI_THIRD_WAVE,28230.569999999992,14.133201147806078,3086.4938742258078,6.0,-13.0,367.0,-15.0,6.0,,6.0,6.0,-10.0,,,35.0,35.0,43.0,207.0
225,5.0,Poland,POL,14305.0,37970874.0,3741.749999999999,2021-02-10,,3.0,2021-04-01,2021-02-09,EPI_THIRD_WAVE,28230.569999999992,14.133201147806078,3086.4938742258078,6.0,-13.0,367.0,-15.0,6.0,,6.0,6.0,-10.0,,,35.0,35.0,43.0,207.0
226,6.0,Puerto Rico,PRI,54.0,3193694.0,4303.765000000001,2020-04-02,,1.0,2020-04-29,2020-03-13,EPI_THIRD_WAVE,33068.765,6.616162976164905,,-18.0,-17.0,-18.0,-20.0,-18.0,-18.0,-18.0,-21.0,,322.0,5.0,,,,
227,6.0,Puerto Rico,PRI,594.0,3193694.0,3896.7599999999993,2020-11-02,,2.0,2020-12-24,2020-10-30,EPI_THIRD_WAVE,33068.765,6.616162976164905,,-18.0,-17.0,-18.0,-20.0,-18.0,-18.0,-18.0,-21.0,,322.0,5.0,,,,
228,6.0,Puerto Rico,PRI,1193.0,3193694.0,8330.070000000002,2020-11-02,,3.0,2021-02-25,2020-10-30,EPI_THIRD_WAVE,33068.765,6.616162976164905,,-18.0,-17.0,-18.0,-20.0,-18.0,-18.0,-18.0,-21.0,,322.0,5.0,,,,
229,4.0,Portugal,PRT,1743.0,10269417.0,11412.539999999997,2020-03-22,1746106.8813559322,1.0,2020-08-07,2020-01-09,EPI_SECOND_WAVE,31591.68,16.405994614884175,8864.612275458285,-3.0,-6.0,-3.0,-3.0,-3.0,,-3.0,18.0,,19.0,-56.0,-11.0,-4.0,12.0,86.0
230,4.0,Portugal,PRT,15094.0,10269417.0,15894.829999999998,2020-08-10,7299202.0,2.0,2021-03-29,2020-08-07,EPI_SECOND_WAVE,31591.68,16.405994614884175,8864.612275458285,-3.0,-6.0,-3.0,-3.0,-3.0,,-3.0,18.0,,19.0,-56.0,-11.0,-4.0,12.0,86.0
231,1.0,Paraguay,PRY,4151.0,7044636.0,23017.225000000006,2020-05-02,901587.0,1.0,2021-04-01,2020-05-02,EPI_FIRST_WAVE,31281.58,5.906621718993004,1289.0701520987031,-47.0,-53.0,-50.0,-53.0,-42.0,-42.0,-46.0,-47.0,-39.0,383.0,-56.0,-36.0,-8.0,60.0,290.0
232,3.0,Palestina,PSE,1967.0,4685306.0,25677.039999999997,2020-07-01,,1.0,2021-01-26,2020-01-09,EPI_SECOND_WAVE,33013.15,6.14901139861516,,-117.0,-117.0,-101.0,-118.0,-101.0,-101.0,-101.0,-118.0,-118.0,,,,,,
233,3.0,Palestina,PSE,914.0,4685306.0,5094.845,2021-01-27,,2.0,2021-04-01,2021-01-26,EPI_SECOND_WAVE,33013.15,6.14901139861516,,-117.0,-117.0,-101.0,-118.0,-101.0,-101.0,-101.0,-118.0,-118.0,,,,,,
234,2.0,French Polynesia,PYF,141.0,279287.0,,2020-10-08,,1.0,2021-03-30,2020-07-20,EPI_FIRST_WAVE,,5.048570108884409,,,,,,,,,,,,,,,,
235,3.0,Qatar,QAT,244.0,2832067.0,21926.92,2020-04-23,,1.0,2020-12-26,2020-01-09,EPI_SECOND_WAVE,32552.559999999998,1.0275180636616295,6124.858627991499,-37.0,-44.0,348.0,-32.0,-32.0,-39.0,348.0,-37.0,-36.0,20.0,-46.0,-39.0,-39.0,-20.0,51.0
236,3.0,Qatar,QAT,47.0,2832067.0,5828.3150000000005,2021-02-12,,2.0,2021-04-01,2020-12-26,EPI_SECOND_WAVE,32552.559999999998,1.0275180636616295,6124.858627991499,-37.0,-44.0,348.0,-32.0,-32.0,-39.0,348.0,-37.0,-36.0,20.0,-46.0,-39.0,-39.0,-20.0,51.0
237,2.0,Romania,ROU,21092.0,19356544.0,21961.03,2020-03-25,,1.0,2021-02-18,2020-01-09,EPI_FIRST_WAVE,28333.345,13.229117759864572,3468.9580949987767,-6.0,-14.0,,-17.0,-3.0,6.0,0.0,5.0,-4.0,,215.0,-12.0,3.0,39.0,165.0
238,1.0,Russia,RUS,99216.0,144373535.0,21051.914999999997,2020-03-31,120563120.0,1.0,2021-04-01,2020-03-31,EPI_FIRST_WAVE,25002.555,6.873351130454761,8354.048614242216,-14.0,-10.0,-1.0,-21.0,-1.0,,-26.0,-26.0,-1.0,6.0,-26.0,-26.0,-11.0,14.0,73.0
239,4.0,Rwanda,RWA,31.0,12626950.0,17163.56,2020-08-19,,1.0,2020-10-12,2020-01-09,EPI_SECOND_WAVE,32205.64,0.24313076396120994,909.3256883095285,-151.0,-156.0,-151.0,-164.0,152.0,-151.0,-151.0,-151.0,-151.0,-151.0,-164.0,-133.0,-127.0,-55.0,245.0
240,4.0,Rwanda,RWA,245.0,12626950.0,9865.55,2020-11-12,552381.0,2.0,2021-03-17,2020-10-12,EPI_SECOND_WAVE,32205.64,0.24313076396120994,909.3256883095285,-151.0,-156.0,-151.0,-164.0,152.0,-151.0,-151.0,-151.0,-151.0,-151.0,-164.0,-133.0,-127.0,-55.0,245.0
241,3.0,Saudi Arabia,SAU,6282.0,34268528.0,20908.809999999998,2020-03-31,11362677.728813559,1.0,2021-01-09,2020-01-09,EPI_SECOND_WAVE,28240.275,1.946100515318312,4430.978476811143,-15.0,-22.0,,-18.0,26.0,-10.0,-8.0,-23.0,-16.0,57.0,-59.0,-24.0,-14.0,28.0,122.0
242,3.0,Saudi Arabia,SAU,387.0,34268528.0,4236.58,2021-01-12,,2.0,2021-04-01,2021-01-09,EPI_SECOND_WAVE,28240.275,1.946100515318312,4430.978476811143,-15.0,-22.0,,-18.0,26.0,-10.0,-8.0,-23.0,-16.0,57.0,-59.0,-24.0,-14.0,28.0,122.0
243,4.0,Sudan,SDN,836.0,42813238.0,15984.149999999998,2020-04-19,,1.0,2020-10-09,2020-01-09,EPI_SECOND_WAVE,24098.489999999998,0.4874660496363298,,-27.0,-36.0,-1.0,-36.0,340.0,-24.0,-1.0,-6.0,-34.0,401.0,,,,,
244,4.0,Sudan,SDN,1028.0,42813238.0,3824.9950000000003,2020-11-05,,2.0,2021-02-19,2020-10-09,EPI_SECOND_WAVE,24098.489999999998,0.4874660496363298,,-27.0,-36.0,-1.0,-36.0,340.0,-24.0,-1.0,-6.0,-34.0,401.0,,,,,
245,4.0,Senegal,SEN,326.0,16296364.0,12631.07,2020-05-05,221815.0,1.0,2020-11-08,2020-03-11,EPI_SECOND_WAVE,19987.364999999998,0.6449291387943961,275.95480807866096,-43.0,-50.0,,-52.0,-43.0,,-41.0,-43.0,-46.0,73.0,-60.0,-32.0,1.0,128.0,
246,4.0,Senegal,SEN,725.0,16296364.0,5967.295,2020-12-05,,2.0,2021-04-01,2020-11-08,EPI_SECOND_WAVE,19987.364999999998,0.6449291387943961,275.95480807866096,-43.0,-50.0,,-52.0,-43.0,,-41.0,-43.0,-46.0,73.0,-60.0,-32.0,1.0,128.0,
247,2.0,Singapore,SGP,28.0,5703569.0,15603.214999999998,2020-04-15,,1.0,2020-11-21,2020-01-09,EPI_FIRST_WAVE,25374.494999999995,0.052598644813449266,,-7.0,-7.0,-8.0,-33.0,243.0,,-7.0,-7.0,,251.0,-86.0,,,,
248,1.0,Sierra Leone,SLE,68.0,7813215.0,14294.93,2020-05-06,,1.0,2021-04-01,2020-05-06,EPI_FIRST_WAVE,20552.655,0.10111074634449455,,-31.0,-36.0,-31.0,-45.0,-31.0,,-31.0,-31.0,-39.0,310.0,-36.0,,,,
249,4.0,El Salvador,SLV,796.0,6453553.0,17785.29,2020-05-02,354849.87096774194,1.0,2020-09-17,2020-01-09,EPI_SECOND_WAVE,29024.164999999997,3.1145634040659465,1304.6611688166192,-45.0,-52.0,-42.0,-42.0,-11.0,5.0,-42.0,-45.0,-51.0,-8.0,,-24.0,-13.0,20.0,254.0
250,4.0,El Salvador,SLV,1214.0,6453553.0,9594.530000000002,2020-09-20,,2.0,2021-04-01,2020-09-17,EPI_SECOND_WAVE,29024.164999999997,3.1145634040659465,1304.6611688166192,-45.0,-52.0,-42.0,-42.0,-11.0,5.0,-42.0,-45.0,-51.0,-8.0,,-24.0,-13.0,20.0,254.0
251,1.0,Somalia,SOM,515.0,15442905.0,12656.07,2020-04-22,,1.0,2021-04-01,2020-04-22,EPI_FIRST_WAVE,16381.655000000002,0.3425521299263319,,-11.0,-32.0,,-34.0,156.0,,142.0,130.0,-35.0,398.0,,,,,
252,6.0,Serbia,SRB,245.0,6944975.0,7176.470000000002,2020-03-29,257239.27272727274,1.0,2020-06-03,2020-01-09,EPI_THIRD_WAVE,26503.535000000003,7.642936079683512,4930.821205259918,-13.0,-13.0,-8.0,-14.0,-14.0,-8.0,-14.0,-11.0,-13.0,54.0,-23.0,-7.0,7.0,30.0,128.0
253,6.0,Serbia,SRB,486.0,6944975.0,4746.415000000001,2020-06-16,770816.0,2.0,2020-09-13,2020-06-03,EPI_THIRD_WAVE,26503.535000000003,7.642936079683512,4930.821205259918,-13.0,-13.0,-8.0,-14.0,-14.0,-8.0,-14.0,-11.0,-13.0,54.0,-23.0,-7.0,7.0,30.0,128.0
254,6.0,Serbia,SRB,3118.0,6944975.0,7490.0650000000005,2020-09-21,1508890.0,3.0,2021-01-23,2020-09-13,EPI_THIRD_WAVE,26503.535000000003,7.642936079683512,4930.821205259918,-13.0,-13.0,-8.0,-14.0,-14.0,-8.0,-14.0,-11.0,-13.0,54.0,-23.0,-7.0,7.0,30.0,128.0
255,4.0,South Sudan,SSD,47.0,11062113.0,10050.775000000001,2020-05-29,,1.0,2020-08-22,2020-04-21,EPI_SECOND_WAVE,29484.879999999997,0.10124647976385705,119.54858895402714,-65.0,-70.0,-62.0,-74.0,250.0,0.0,-41.0,-47.0,-66.0,,-22.0,97.0,97.0,276.0,
256,4.0,South Sudan,SSD,61.0,11062113.0,12297.460000000001,2020-10-29,,2.0,2021-03-28,2020-08-22,EPI_SECOND_WAVE,29484.879999999997,0.10124647976385705,119.54858895402714,-65.0,-70.0,-62.0,-74.0,250.0,0.0,-41.0,-47.0,-66.0,,-22.0,97.0,97.0,276.0,
257,4.0,Suriname,SUR,116.0,581372.0,16882.28,2020-06-26,,1.0,2020-12-10,2020-04-29,EPI_SECOND_WAVE,32005.8,3.0445222680142834,,-90.0,-102.0,-22.0,-105.0,-90.0,-81.0,-90.0,-102.0,-104.0,324.0,,,,,
258,4.0,Suriname,SUR,60.0,581372.0,7432.250000000001,2021-01-09,,2.0,2021-04-01,2020-12-10,EPI_SECOND_WAVE,32005.8,3.0445222680142834,,-90.0,-102.0,-22.0,-105.0,-90.0,-81.0,-90.0,-102.0,-104.0,324.0,,,,,
259,3.0,Slovakia,SVK,28.0,5454073.0,6736.739999999999,2020-04-20,191937.0,1.0,2020-06-09,2020-01-09,EPI_SECOND_WAVE,26507.82,17.949888092806972,47279.988735024264,-37.0,-35.0,185.0,-41.0,-12.0,,-12.0,-12.0,-38.0,137.0,-110.0,-42.0,-25.0,2.0,173.0
260,3.0,Slovakia,SVK,9762.0,5454073.0,16305.455,2020-09-14,,2.0,2021-04-01,2020-06-09,EPI_SECOND_WAVE,26507.82,17.949888092806972,47279.988735024264,-37.0,-35.0,185.0,-41.0,-12.0,,-12.0,-12.0,-38.0,137.0,-110.0,-42.0,-25.0,2.0,173.0
261,2.0,Slovenia,SVN,2021.0,2087946.0,14598.739999999998,2020-03-29,555859.0,1.0,2020-12-09,2020-03-29,EPI_FIRST_WAVE,27260.254999999994,20.96318582951858,5098.781290320727,-10.0,-13.0,-9.0,-10.0,-10.0,-13.0,322.0,1.0,,314.0,-25.0,-28.0,-18.0,0.0,178.0
262,6.0,Sweden,SWE,21.0,10285453.0,351.40999999999997,2020-03-20,,1.0,2020-03-21,2020-02-17,EPI_THIRD_WAVE,27742.585000000003,13.233252828047535,,15.0,,,-8.0,249.0,,,,,,-49.0,,,,
263,6.0,Sweden,SWE,5812.0,10285453.0,10111.380000000003,2020-03-23,,2.0,2020-09-04,2020-03-21,EPI_THIRD_WAVE,27742.585000000003,13.233252828047535,,15.0,,,-8.0,249.0,,,,,,-49.0,,,,
264,6.0,Sweden,SWE,6764.0,10285453.0,9952.26,2020-09-12,,3.0,2021-02-11,2020-09-04,EPI_THIRD_WAVE,27742.585000000003,13.233252828047535,,15.0,,,-8.0,249.0,,,,,,-49.0,,,,
265,4.0,Swaziland,SWZ,117.0,1148130.0,15920.849999999999,2020-06-29,,1.0,2020-11-03,2020-04-05,EPI_SECOND_WAVE,30205.1,5.809446665447292,,-94.0,-104.0,,-104.0,192.0,-94.0,-94.0,-94.0,-94.0,,-108.0,,,,
266,4.0,Swaziland,SWZ,550.0,1148130.0,9246.849999999999,2020-12-13,,2.0,2021-04-01,2020-11-03,EPI_SECOND_WAVE,30205.1,5.809446665447292,,-94.0,-104.0,,-104.0,192.0,-94.0,-94.0,-94.0,-94.0,,-108.0,,,,
267,3.0,Seychelles,SYC,14.0,97625.0,6418.820000000001,2021-02-18,,1.0,2021-03-11,2020-11-10,EPI_SECOND_WAVE,21288.485,2.151088348271447,,-316.0,-339.0,-316.0,-333.0,-325.0,-315.0,-316.0,-316.0,-290.0,25.0,-340.0,,,,
268,3.0,Seychelles,SYC,7.0,97625.0,1393.49,,,2.0,2021-04-01,2021-03-11,EPI_SECOND_WAVE,21288.485,2.151088348271447,,-316.0,-339.0,-316.0,-333.0,-325.0,-315.0,-316.0,-316.0,-290.0,25.0,-340.0,,,,
269,1.0,Syria,SYR,1255.0,17070135.0,13025.350000000002,2020-07-04,,1.0,2021-04-01,2020-07-04,EPI_FIRST_WAVE,25430.265,0.7410603372498226,,-110.0,-112.0,273.0,-110.0,,-103.0,-101.0,-101.0,,,,,,,
270,1.0,Chad,TCD,154.0,15946876.0,20937.340000000004,2020-05-03,,1.0,2021-04-01,2020-05-03,EPI_FIRST_WAVE,24836.11,0.10284145935542485,,-20.0,-20.0,-20.0,-20.0,138.0,-20.0,-31.0,-20.0,-20.0,,80.0,,,,
271,1.0,Togo,TGO,99.0,8082366.0,17875.96,2020-05-09,266075.0,1.0,2021-04-01,2020-05-09,EPI_FIRST_WAVE,24411.485,0.13486149971431632,340.01058600909687,-50.0,-50.0,,-54.0,,,-37.0,-49.0,-50.0,,17.0,-36.0,-4.0,132.0,
272,4.0,Thailand,THA,69.0,69625582.0,17914.44,2020-03-31,2435827.0,1.0,2021-02-08,2020-03-31,EPI_SECOND_WAVE,24732.239999999998,0.013500784812111158,471.6210487116646,-5.0,-13.0,3.0,-21.0,329.0,,291.0,-5.0,-6.0,,14.0,-33.0,3.0,104.0,
273,4.0,Thailand,THA,20.0,69625582.0,6598.519999999999,2021-01-14,1430194.0,2.0,2021-02-08,2020-10-04,EPI_SECOND_WAVE,24732.239999999998,0.013500784812111158,471.6210487116646,-5.0,-13.0,3.0,-21.0,329.0,,291.0,-5.0,-6.0,,14.0,-33.0,3.0,104.0,
274,2.0,Tajikistan,TJK,91.0,9321018.0,16360.45,2020-05-08,,1.0,2021-04-01,2020-01-09,EPI_FIRST_WAVE,18465.195,0.09762882122961247,,26.0,,,-20.0,,26.0,1.0,38.0,-28.0,,,,,,
275,2.0,Trinidad and Tobago,TTO,132.0,1394973.0,16550.709999999995,2020-08-16,96929.0,1.0,2021-03-11,2020-07-15,EPI_FIRST_WAVE,31588.025,1.017940849034354,790.8755223219374,-146.0,-155.0,-139.0,-148.0,-138.0,288.0,-139.0,-111.0,-146.0,,-156.0,-102.0,-102.0,3.0,264.0
276,2.0,Tunisia,TUN,8559.0,11694719.0,20664.3,2020-04-01,,1.0,2021-03-23,2020-04-01,EPI_FIRST_WAVE,26274.364999999998,7.535024997180352,,-12.0,-20.0,-10.0,-19.0,-12.0,299.0,-12.0,-12.0,-16.0,,36.0,366.0,366.0,366.0,375.0
277,5.0,Turkey,TUR,4669.0,83429615.0,6912.655000000003,2020-03-22,,1.0,2020-06-07,2020-01-09,EPI_THIRD_WAVE,30867.175,3.780072579742817,4624.0243347641,-1.0,-6.0,400.0,-6.0,174.0,299.0,-1.0,6.0,5.0,,28.0,5.0,9.0,34.0,174.0
278,5.0,Turkey,TUR,20541.0,83429615.0,14533.61,2020-06-08,26489903.0,2.0,2021-01-26,2020-06-07,EPI_THIRD_WAVE,30867.175,3.780072579742817,4624.0243347641,-1.0,-6.0,400.0,-6.0,174.0,299.0,-1.0,6.0,5.0,,28.0,5.0,9.0,34.0,174.0
279,5.0,Turkey,TUR,6327.0,83429615.0,4582.995000000001,2021-01-27,,3.0,2021-04-01,2021-01-26,EPI_THIRD_WAVE,30867.175,3.780072579742817,4624.0243347641,-1.0,-6.0,400.0,-6.0,174.0,299.0,-1.0,6.0,5.0,,28.0,5.0,9.0,34.0,174.0
280,2.0,Uganda,UGA,334.0,44269594.0,17242.64,2020-08-14,739912.6883116884,1.0,2021-03-18,2020-06-21,EPI_FIRST_WAVE,29568.7,0.07567270664375192,213.54250504307765,-142.0,-147.0,-142.0,-149.0,-137.0,-142.0,-137.0,-137.0,-53.0,253.0,-4.0,-125.0,-106.0,34.0,
281,3.0,Ukraine,UKR,23516.0,44385155.0,21589.994999999995,2020-03-30,,1.0,2021-02-06,2020-01-09,EPI_SECOND_WAVE,28538.270000000004,7.490342210137602,1829.4634771468072,-14.0,-18.0,355.0,-18.0,-13.0,-12.0,,-18.0,-14.0,171.0,38.0,11.0,18.0,72.0,243.0
282,3.0,Ukraine,UKR,9730.0,44385155.0,3148.2850000000003,2021-02-07,,2.0,2021-04-01,2021-02-06,EPI_SECOND_WAVE,28538.270000000004,7.490342210137602,1829.4634771468072,-14.0,-18.0,355.0,-18.0,-13.0,-12.0,,-18.0,-14.0,171.0,38.0,11.0,18.0,72.0,243.0
283,1.0,Uruguay,URY,943.0,3461734.0,18633.25,2020-04-21,1374056.0,1.0,2021-04-01,2020-04-21,EPI_FIRST_WAVE,25404.92,2.752955599708123,3964.336947899521,-25.0,-38.0,328.0,-39.0,244.0,,-19.0,-20.0,-28.0,65.0,,-23.0,-21.0,29.0,202.0
284,4.0,United States,USA,106170.0,328239523.0,6337.019999999999,2020-03-05,20787550.103448275,1.0,2020-06-03,2020-01-09,EPI_SECOND_WAVE,27810.160000000003,16.723823961930385,11707.499556657594,14.0,14.0,,14.0,22.0,37.0,,,,223.0,139.0,8.0,16.0,37.0,111.0
285,4.0,United States,USA,433745.0,328239523.0,17807.4,2020-06-04,350807602.0,2.0,2021-03-21,2020-06-03,EPI_SECOND_WAVE,27810.160000000003,16.723823961930385,11707.499556657594,14.0,14.0,,14.0,22.0,37.0,,,,223.0,139.0,8.0,16.0,37.0,111.0
286,4.0,Uzbekistan,UZB,440.0,33580650.0,14591.239999999998,2020-05-04,,1.0,2020-09-22,2020-01-09,EPI_SECOND_WAVE,24482.260000000002,0.18760804213140603,,-49.0,-49.0,-44.0,-49.0,-6.0,-49.0,-38.0,-41.0,-49.0,,-50.0,,,,
287,4.0,Uzbekistan,UZB,261.0,33580650.0,2391.6549999999997,2020-08-09,,2.0,2020-09-22,2020-08-07,EPI_SECOND_WAVE,24482.260000000002,0.18760804213140603,,-49.0,-49.0,-44.0,-49.0,-6.0,-49.0,-38.0,-41.0,-49.0,,-50.0,,,,
288,3.0,Venezuela,VEN,1052.0,28515829.0,25640.03,2020-04-22,,1.0,2021-01-09,2020-01-09,EPI_SECOND_WAVE,37959.66,0.5572343697249692,,-37.0,-37.0,-37.0,-41.0,21.0,61.0,-40.0,-40.0,-35.0,16.0,,,,,
289,3.0,Venezuela,VEN,537.0,28515829.0,7087.39,2021-01-12,,2.0,2021-04-01,2021-01-09,EPI_SECOND_WAVE,37959.66,0.5572343697249692,,-37.0,-37.0,-37.0,-41.0,21.0,61.0,-40.0,-40.0,-35.0,16.0,,,,,
290,1.0,Vietnam,VNM,25.0,96462106.0,14554.219999999998,2020-08-07,2034603.3106060605,1.0,2021-04-01,2020-08-07,EPI_FIRST_WAVE,30109.785000000003,0.0036283678069396496,130.39213553973204,-134.0,-191.0,-133.0,-181.0,-128.0,-132.0,-128.0,-176.0,-138.0,-120.0,-153.0,-144.0,-122.0,21.0,
291,1.0,Yemen,YEM,879.0,29161922.0,10501.810000000001,2020-05-12,,1.0,2021-04-01,2020-05-12,EPI_FIRST_WAVE,14945.830000000002,0.30484959118949706,,,-58.0,,-56.0,,,-11.0,-12.0,-55.0,,,,,,
292,4.0,South Africa,ZAF,16734.0,58558270.0,15658.885,2020-04-06,4209038.857142857,1.0,2020-10-01,2020-01-09,EPI_SECOND_WAVE,27281.049999999996,9.024515239265094,1687.0969719563095,-11.0,-19.0,-11.0,-21.0,134.0,,-11.0,-11.0,-11.0,25.0,-30.0,-17.0,1.0,49.0,251.0
293,4.0,South Africa,ZAF,33944.0,58558270.0,7866.109999999999,2020-10-02,5060073.0,2.0,2021-03-08,2020-10-01,EPI_SECOND_WAVE,27281.049999999996,9.024515239265094,1687.0969719563095,-11.0,-19.0,-11.0,-21.0,134.0,,-11.0,-11.0,-11.0,25.0,-30.0,-17.0,1.0,49.0,251.0
294,4.0,Zambia,ZMB,356.0,17861030.0,11571.909999999996,2020-06-09,421659.0,1.0,2020-12-03,2020-04-10,EPI_SECOND_WAVE,20303.015,0.6763327758813461,700.9618146321909,-55.0,-81.0,-38.0,-55.0,-55.0,,-55.0,-56.0,-74.0,160.0,-75.0,-55.0,-22.0,122.0,
295,4.0,Zambia,ZMB,851.0,17861030.0,5023.809999999999,2020-12-14,,2.0,2021-04-01,2020-12-03,EPI_SECOND_WAVE,20303.015,0.6763327758813461,700.9618146321909,-55.0,-81.0,-38.0,-55.0,-55.0,,-55.0,-56.0,-74.0,160.0,-75.0,-55.0,-22.0,122.0,
296,4.0,Zimbabwe,ZWE,224.0,14645468.0,11576.07,2020-07-10,112267.0,1.0,2020-10-04,2020-05-09,EPI_SECOND_WAVE,32132.335,1.0399121421043014,298.5858833599582,-105.0,-108.0,-102.0,-115.0,179.0,192.0,-102.0,-102.0,-109.0,221.0,,-64.0,-50.0,120.0,
297,4.0,Zimbabwe,ZWE,1295.0,14645468.0,12883.795000000002,2020-10-27,,2.0,2021-04-01,2020-10-04,EPI_SECOND_WAVE,32132.335,1.0399121421043014,298.5858833599582,-105.0,-108.0,-102.0,-115.0,179.0,192.0,-102.0,-102.0,-109.0,221.0,,-64.0,-50.0,120.0,
